# This file uses centimeters as units for non-parametric coordinates.

mtllib bean_bag_couch.mtl
g default
v 0.146723 0.050252 -0.064602
v 0.118999 0.069234 -0.120378
v 0.106533 0.122447 -0.168899
v 0.054683 0.148223 -0.203207
v -0.012723 0.124828 -0.212350
v -0.041724 0.060126 -0.198428
v -0.098900 0.050122 -0.167997
v -0.143827 0.050122 -0.121451
v -0.172657 0.050122 -0.063316
v -0.182781 0.050122 0.000784
v -0.173068 0.050122 0.064849
v -0.144703 0.050122 0.123112
v -0.099287 0.050122 0.169633
v -0.046142 0.073650 0.200183
v -0.021751 0.139786 0.214301
v 0.057020 0.147278 0.200916
v 0.088673 0.098937 0.168532
v 0.116499 0.060721 0.120142
v 0.146389 0.050122 0.063989
v 0.157025 0.050122 -0.000489
v 0.339283 0.050122 -0.123785
v 0.284833 0.050122 -0.236033
v 0.198426 0.050122 -0.325702
v 0.087917 0.060633 -0.383537
v -0.018495 0.123185 -0.411807
v -0.111988 0.050122 -0.385986
v -0.221533 0.050122 -0.326103
v -0.308048 0.050122 -0.235450
v -0.363397 0.050122 -0.122916
v -0.382543 0.050122 0.001035
v -0.363650 0.050122 0.125010
v -0.308417 0.050122 0.237618
v -0.222237 0.050122 0.328423
v -0.111594 0.050122 0.388277
v -0.018919 0.126343 0.413307
v 0.084919 0.060758 0.385216
v 0.194877 0.050122 0.326305
v 0.281900 0.050122 0.236558
v 0.337360 0.050122 0.124480
v 0.357094 0.050122 0.000341
v 0.532352 0.050122 -0.184813
v 0.450689 0.050122 -0.352505
v 0.322503 0.050122 -0.485709
v 0.160213 0.050122 -0.574004
v -0.013987 0.083860 -0.610873
v -0.187532 0.050122 -0.574097
v -0.348790 0.050122 -0.483805
v -0.475596 0.050122 -0.349068
v -0.556885 0.050122 -0.182150
v -0.584934 0.050122 0.002041
v -0.556775 0.050122 0.186112
v -0.475491 0.050122 0.352640
v -0.348728 0.050122 0.486963
v -0.186955 0.050122 0.576361
v -0.014057 0.084854 0.613077
v 0.158049 0.050122 0.574570
v 0.320308 0.050122 0.485592
v 0.448697 0.050122 0.352186
v 0.531050 0.050122 0.184901
v 0.559933 0.050122 0.000134
v 0.726004 0.050122 -0.245580
v 0.616824 0.050122 -0.469176
v 0.445051 0.050122 -0.647822
v 0.227482 0.050145 -0.765372
v -0.015782 0.050145 -0.807091
v -0.257682 0.050122 -0.764227
v -0.473400 0.050122 -0.643507
v -0.642463 0.050122 -0.463136
v -0.749982 0.050122 -0.240897
v -0.786733 0.050122 0.002915
v -0.749504 0.050122 0.246550
v -0.641629 0.050122 0.468285
v -0.472393 0.050122 0.647752
v -0.257638 0.045818 0.767210
v -0.015918 0.044403 0.809097
v 0.226752 0.047039 0.766312
v 0.443276 0.050122 0.647588
v 0.614867 0.050122 0.468892
v 0.724542 0.050122 0.246351
v 0.763049 0.050122 0.000452
v 0.922776 0.050122 -0.304504
v 0.785457 0.050122 -0.586303
v 0.569252 0.050122 -0.811440
v 0.293571 0.050173 -0.960068
v -0.018484 0.050173 -1.012712
v -0.329339 0.050122 -0.956591
v -0.602336 0.050122 -0.803164
v -0.813409 0.050122 -0.576270
v -0.946327 0.050122 -0.299073
v -0.991427 0.050122 0.003628
v -0.945382 0.050122 0.306174
v -0.811573 0.050122 0.582855
v -0.599805 0.050122 0.808567
v -0.328115 0.041147 0.961788
v -0.016006 0.037976 1.016790
v 0.295192 0.043043 0.961546
v 0.568208 0.050122 0.810759
v 0.783509 0.050122 0.586189
v 0.920586 0.050122 0.307652
v 0.968394 0.050122 0.001432
v 1.009208 0.131171 -0.332032
v 0.859778 0.132261 -0.636785
v 0.624389 0.134539 -0.880572
v 0.322785 0.137408 -1.041240
v -0.019544 0.137140 -1.098699
v -0.360668 0.129850 -1.043157
v -0.664367 0.116566 -0.884102
v -0.904444 0.101988 -0.639365
v -1.057223 0.090222 -0.333321
v -1.108997 0.086134 0.004586
v -1.055295 0.091527 0.341861
v -0.901218 0.104002 0.646184
v -0.662505 0.114103 0.889394
v -0.360885 0.105935 1.052090
v -0.016170 0.104777 1.107997
v 0.325505 0.114583 1.046350
v 0.621594 0.132814 0.880753
v 0.856637 0.133123 0.637275
v 1.007509 0.131105 0.335024
v 1.060084 0.130168 0.001753
v 1.157598 0.075604 -0.375356
v 0.982194 0.085286 -0.722114
v 0.710243 0.095332 -0.993161
v 0.368257 0.106556 -1.166971
v -0.013440 0.117176 -1.226010
v -0.393699 0.125437 -1.166136
v -0.736363 0.133055 -0.991832
v -1.009631 0.138775 -0.719537
v -1.185122 0.141663 -0.375657
v -1.245963 0.141438 0.005776
v -1.186311 0.138241 0.387467
v -1.011380 0.132216 0.731864
v -0.739145 0.120040 1.004670
v -0.397246 0.092253 1.182786
v -0.012355 0.076981 1.241939
v 0.369303 0.075901 1.176473
v 0.707925 0.078598 0.997709
v 0.980099 0.071351 0.726274
v 1.155680 0.068457 0.383996
v 1.217426 0.070235 0.002621
v 1.232923 0.266520 -0.393800
v 1.047781 0.276481 -0.762149
v 0.767684 0.290555 -1.050579
v 0.405242 0.308391 -1.241601
v -0.009623 0.321013 -1.307246
v -0.419197 0.327280 -1.237902
v -0.773311 0.330080 -1.047310
v -1.058426 0.335816 -0.758660
v -1.243168 0.339138 -0.395581
v -1.307059 0.338973 0.006757
v -1.243773 0.335565 0.409333
v -1.059087 0.329036 0.772672
v -0.785981 0.289562 1.070287
v -0.424345 0.236247 1.276909
v -0.002946 0.215163 1.346185
v 0.412819 0.225527 1.267799
v 0.764773 0.257931 1.061909
v 1.046102 0.261325 0.770659
v 1.230942 0.258651 0.408248
v 1.295150 0.260988 0.004978
v 1.276517 0.472045 -0.401736
v 1.091406 0.485942 -0.779118
v 0.817732 0.517281 -1.080259
v 0.439291 0.554030 -1.288456
v -0.006817 0.570084 -1.361542
v -0.444186 0.564845 -1.285623
v -0.804834 0.547239 -1.080263
v -1.083574 0.543405 -0.781517
v -1.274108 0.547384 -0.407388
v -1.339963 0.546974 0.007288
v -1.274359 0.542842 0.422181
v -1.092245 0.525984 0.797688
v -0.825598 0.455425 1.121130
v -0.444794 0.377589 1.355185
v 0.007994 0.351577 1.432316
v 0.452826 0.374552 1.341157
v 0.814392 0.436769 1.106990
v 1.085544 0.467422 0.796459
v 1.275723 0.464895 0.423391
v 1.341347 0.467524 0.008442
v 1.296119 0.685602 -0.402160
v 1.126277 0.713190 -0.779086
v 0.862525 0.779794 -1.090183
v 0.470320 0.852832 -1.312893
v -0.004505 0.874260 -1.391925
v -0.466929 0.847831 -1.310080
v -0.830666 0.791012 -1.091350
v -1.089733 0.760797 -0.785850
v -1.274938 0.761573 -0.409615
v -1.342034 0.760791 0.007963
v -1.277205 0.756052 0.426181
v -1.112558 0.722303 0.808471
v -0.851872 0.625438 1.157191
v -0.455154 0.523014 1.417226
v 0.019301 0.492114 1.502472
v 0.485919 0.528954 1.401060
v 0.856888 0.618926 1.139692
v 1.111321 0.675276 0.809031
v 1.295856 0.679034 0.430914
v 1.361433 0.681657 0.012001
v 1.288526 0.903741 -0.391600
v 1.143061 0.959625 -0.759236
v 0.891648 1.085764 -1.073561
v 0.491649 1.214377 -1.303540
v -0.002164 1.241347 -1.386436
v -0.481212 1.175809 -1.303772
v -0.844492 1.059728 -1.078655
v -1.081259 0.989305 -0.770183
v -1.244504 0.975277 -0.401600
v -1.313234 0.974059 0.009134
v -1.255048 0.967958 0.421432
v -1.112840 0.921054 0.803734
v -0.854214 0.804324 1.168935
v -0.449450 0.678845 1.445466
v 0.030147 0.643858 1.535871
v 0.503696 0.695056 1.428849
v 0.879665 0.809157 1.149171
v 1.117893 0.882317 0.804146
v 1.283453 0.895482 0.428028
v 1.347496 0.897893 0.015217
v 1.254574 1.128451 -0.366814
v 1.131325 1.225758 -0.717000
v 0.892488 1.420088 -1.022056
v 0.494203 1.604155 -1.243132
v 0.000337 1.636191 -1.324647
v -0.478762 1.530646 -1.252045
v -0.836057 1.343723 -1.035638
v -1.048309 1.226476 -0.728740
v -1.175293 1.180580 -0.378599
v -1.246031 1.178208 0.011266
v -1.209142 1.170931 0.406204
v -1.080901 1.120661 0.776809
v -0.822343 0.991813 1.139128
v -0.424401 0.851994 1.418373
v 0.040655 0.816244 1.512879
v 0.502485 0.878481 1.407497
v 0.874105 1.007714 1.126312
v 1.099430 1.085699 0.779497
v 1.232919 1.105927 0.412974
v 1.294139 1.107955 0.017778
v 1.183252 1.358345 -0.325193
v 1.077933 1.502197 -0.642022
v 0.849095 1.734013 -0.922068
v 0.467187 1.942662 -1.107824
v 0.001847 1.974479 -1.180044
v -0.450635 1.852825 -1.132651
v -0.798359 1.620485 -0.955216
v -0.968915 1.459379 -0.648505
v -1.058718 1.366720 -0.330021
v -1.123082 1.354462 0.015750
v -1.133304 1.357897 0.378510
v -1.001947 1.300277 0.714122
v -0.744931 1.171021 1.042015
v -0.376819 1.040461 1.308576
v 0.052130 1.014100 1.411845
v 0.478469 1.075597 1.310530
v 0.834052 1.201483 1.059840
v 1.044831 1.277159 0.727322
v 1.131290 1.289460 0.379211
v 1.187098 1.299314 0.020206
v 1.056244 1.560260 -0.263613
v 0.941981 1.727567 -0.507913
v 0.736158 1.888531 -0.732671
v 0.407220 2.130335 -0.872102
v -0.001157 2.156465 -0.939989
v -0.399356 2.045701 -0.903936
v -0.700821 1.716114 -0.786156
v -0.818499 1.650886 -0.526188
v -0.890220 1.515440 -0.252459
v -0.936393 1.462145 0.032597
v -0.987853 1.374514 0.328407
v -0.851584 1.404722 0.580170
v -0.618054 1.282794 0.866171
v -0.296553 1.183853 1.101291
v 0.064271 1.136170 1.203844
v 0.420811 1.209908 1.105886
v 0.739760 1.334390 0.906212
v 0.912120 1.402636 0.636588
v 0.967403 1.411808 0.324161
v 1.016941 1.451535 0.025711
v 0.893907 1.477000 -0.180176
v 0.749560 1.781057 -0.333012
v 0.589239 1.851440 -0.530115
v 0.326050 2.107062 -0.592531
v -0.008819 2.088125 -0.667898
v -0.338692 2.010485 -0.630883
v -0.586196 1.658467 -0.587758
v -0.622058 1.731011 -0.389252
v -0.688290 1.588964 -0.159154
v -0.737471 1.470483 0.062501
v -0.811080 1.276403 0.282685
v -0.668928 1.404525 0.408197
v -0.471468 1.289202 0.647450
v -0.194674 1.255261 0.829628
v 0.086539 1.108925 0.949077
v 0.339965 1.253810 0.834009
v 0.616416 1.294534 0.686172
v 0.715486 1.348815 0.533151
v 0.767329 1.446436 0.262259
v 0.813453 1.525183 0.029754
v 0.729924 1.361554 -0.109016
v 0.574695 1.632412 -0.185068
v 0.435979 1.702383 -0.359824
v 0.240597 1.888644 -0.359135
v -0.009244 1.843865 -0.460294
v -0.267742 1.750153 -0.445416
v -0.432678 1.557499 -0.428968
v -0.428384 1.660044 -0.264934
v -0.492525 1.543573 -0.082802
v -0.570317 1.354284 0.075143
v -0.632853 1.178520 0.220667
v -0.495275 1.336399 0.256976
v -0.337288 1.231713 0.452437
v -0.097287 1.214475 0.584833
v 0.100125 1.076763 0.701804
v 0.259928 1.217785 0.579289
v 0.491263 1.177166 0.519132
v 0.574066 1.211654 0.410375
v 0.579719 1.376539 0.214685
v 0.625792 1.472922 0.027150
v 0.565116 1.214035 -0.072167
v 0.444556 1.362996 -0.118061
v 0.306801 1.466180 -0.216288
v 0.167189 1.568198 -0.207732
v 0.007800 1.530488 -0.304289
v -0.142821 1.457917 -0.366632
v -0.265965 1.396791 -0.309287
v -0.274613 1.452443 -0.173840
v -0.336099 1.361866 -0.040347
v -0.452680 1.198276 0.033911
v -0.469388 1.092586 0.147727
v -0.343319 1.222486 0.167172
v -0.218515 1.154057 0.301518
v -0.073142 1.076583 0.426915
v 0.061552 1.028791 0.480424
v 0.194982 1.125047 0.383827
v 0.369831 1.060253 0.381142
v 0.466039 1.077526 0.298839
v 0.428506 1.223188 0.171360
v 0.471087 1.297974 0.029800
v 0.413571 1.020245 -0.043472
v 0.343576 1.083530 -0.127257
v 0.243173 1.187102 -0.098327
v 0.108123 1.232490 -0.117162
v 0.040234 1.203734 -0.209341
v -0.061466 1.124854 -0.273736
v -0.165257 1.136986 -0.204070
v -0.156219 1.183133 -0.110186
v -0.223292 1.122889 -0.027746
v -0.328898 1.028042 -0.003044
v -0.313523 0.979120 0.100413
v -0.210561 1.064169 0.113432
v -0.119687 1.031370 0.198461
v -0.090766 0.934767 0.301463
v 0.045495 0.925113 0.326142
v 0.141108 0.996082 0.250377
v 0.251288 0.924813 0.285424
v 0.353110 0.933859 0.215734
v 0.311433 1.032477 0.127730
v 0.345809 1.066857 0.031229
v 0.252033 0.839100 -0.014116
v 0.214090 0.878545 -0.060281
v 0.152322 0.928773 -0.053146
v 0.087051 0.942240 -0.079741
v 0.057399 0.921328 -0.132425
v -0.013802 0.889249 -0.146271
v -0.075370 0.897437 -0.118799
v -0.088759 0.921883 -0.063763
v -0.142227 0.897368 -0.031909
v -0.177752 0.854145 0.004036
v -0.166391 0.845859 0.066927
v -0.105738 0.885831 0.084951
v -0.062242 0.871887 0.130375
v -0.038210 0.826242 0.179340
v 0.030807 0.808279 0.201757
v 0.095220 0.831863 0.179204
v 0.159441 0.807648 0.176646
v 0.211461 0.807673 0.140809
v 0.234812 0.834350 0.091075
v 0.253231 0.843430 0.039173
v -0.014310 0.137207 -0.000188
v 0.042399 0.803130 0.028435
v 1.137416 0.831015 -0.774354
v 1.227081 0.924358 -0.581773
v 1.297495 0.790866 -0.395423
v 0.878601 0.923429 -1.088180
v 1.038172 1.016067 -0.920745
v 0.480607 1.021407 -1.315411
v 0.714010 1.159343 -1.202038
v -0.005709 1.045058 -1.396082
v 0.254444 1.238731 -1.365217
v -0.477610 1.000912 -1.312174
v -0.246297 1.226364 -1.368156
v -0.841169 0.918695 -1.088458
v -0.677554 1.118686 -1.208282
v -1.089311 0.870625 -0.780369
v -0.973600 1.018755 -0.935635
v -1.265900 0.866234 -0.406021
v -1.169353 0.978598 -0.597255
v -1.333373 0.865220 0.009835
v -1.294289 0.976834 -0.202887
v -1.269874 0.860364 0.426581
v -1.301585 0.973348 0.213969
v -1.116252 0.818957 0.810052
v -1.194980 0.955084 0.612099
v -0.856339 0.711339 1.168819
v -1.005938 0.872843 0.987500
v -0.453523 0.597244 1.438349
v -0.671161 0.737326 1.324649
v 0.026389 0.564306 1.526001
v -0.218214 0.654227 1.514394
v 0.498873 0.608605 1.420158
v 0.268718 0.654588 1.512218
v 0.872835 0.711005 1.147422
v 0.706308 0.752761 1.307418
v 1.118960 0.776290 0.808199
v 1.011581 0.854722 0.984013
v 1.295592 0.784433 0.429649
v 1.206031 0.895919 0.625716
v 1.359969 0.786517 0.011075
v 1.331572 0.897604 0.229009
v 1.332238 0.901822 -0.191063
v 1.141907 1.088584 -0.743670
v 1.206781 1.168150 -0.546308
v 1.277619 1.011878 -0.378019
v 0.895786 1.248124 -1.055176
v 1.033955 1.314171 -0.873009
v 0.494308 1.405071 -1.283196
v 0.715849 1.526196 -1.145604
v -0.002985 1.434324 -1.365991
v 0.256487 1.635726 -1.302158
v -0.484478 1.347587 -1.285948
v -0.244036 1.609453 -1.310030
v -0.844915 1.196755 -1.061922
v -0.673902 1.439258 -1.162261
v -1.070152 1.104552 -0.753206
v -0.954344 1.274999 -0.892363
v -1.216678 1.076935 -0.392126
v -1.117485 1.197599 -0.561219
v -1.287201 1.075971 0.011112
v -1.222117 1.180030 -0.190481
v -1.236671 1.069018 0.416489
v -1.241575 1.178832 0.207508
v -1.102301 1.019242 0.795255
v -1.159371 1.156136 0.590069
v -0.843184 0.895199 1.162627
v -0.973885 1.067801 0.957826
v -0.438759 0.760939 1.442310
v -0.640814 0.917122 1.295425
v 0.036763 0.725059 1.534094
v -0.200307 0.826130 1.488884
v 0.507425 0.782778 1.426051
v 0.272483 0.830797 1.490096
v 0.882509 0.905769 1.142440
v 0.702544 0.944752 1.285181
v 1.113250 0.982964 0.794118
v 1.001376 1.057332 0.959214
v 1.265436 0.999699 0.421485
v 1.171477 1.102271 0.603014
v 1.327883 1.001505 0.014426
v 1.277506 1.107793 0.221926
v 1.283509 1.113613 -0.178679
v 1.113074 1.363641 -0.686548
v 1.145279 1.419535 -0.488199
v 1.226865 1.241126 -0.345768
v 0.878312 1.581680 -0.981248
v 0.984613 1.606942 -0.785501
v 0.484855 1.783303 -1.188801
v 0.677614 1.858332 -1.029566
v 0.000238 1.815922 -1.266738
v 0.242307 1.974980 -1.157062
v -0.469868 1.697607 -1.205628
v -0.228841 1.941448 -1.171504
v -0.820827 1.483783 -1.002056
v -0.639099 1.741426 -1.066825
v -1.016485 1.343362 -0.695222
v -0.901211 1.537914 -0.808726
v -1.125121 1.276379 -0.358227
v -1.017565 1.402982 -0.491428
v -1.195283 1.271209 0.013342
v -1.092438 1.352894 -0.165007
v -1.176612 1.266982 0.394435
v -1.139899 1.362615 0.193059
v -1.050007 1.214377 0.752096
v -1.086156 1.343408 0.548952
v -0.790705 1.084147 1.102426
v -0.891115 1.243746 0.876544
v -0.404074 0.944664 1.378601
v -0.574504 1.101043 1.187644
v 0.046486 0.911614 1.476114
v -0.171989 1.019969 1.382502
v 0.495149 0.975737 1.372947
v 0.267661 1.030119 1.389798
v 0.859739 1.107062 1.100082
v 0.667425 1.139390 1.199795
v 1.078239 1.182264 0.758337
v 0.959994 1.249896 0.904279
v 1.191233 1.201884 0.399058
v 1.093108 1.286227 0.554524
v 1.250491 1.205353 0.017519
v 1.166708 1.294290 0.205355
v 1.195209 1.322318 -0.153817
v 1.021951 1.627250 -0.582289
v 1.010817 1.632160 -0.390056
v 1.129498 1.468221 -0.295084
v 0.806028 1.853170 -0.840129
v 0.852975 1.832951 -0.624305
v 0.441421 2.057705 -1.002021
v 0.592376 2.064701 -0.813818
v 0.001955 2.087935 -1.072140
v 0.210258 2.159156 -0.916777
v -0.425189 1.968092 -1.034268
v -0.206321 2.124379 -0.932500
v -0.752380 1.742928 -0.884306
v -0.568175 1.906959 -0.849986
v -0.901559 1.565942 -0.592392
v -0.764340 1.756639 -0.665997
v -0.980769 1.447276 -0.295173
v -0.857725 1.565226 -0.388308
v -1.036873 1.419943 0.021844
v -0.910404 1.471981 -0.113426
v -1.072679 1.433554 0.353660
v -0.963701 1.455892 0.184786
v -0.935224 1.367011 0.655083
v -0.933340 1.447740 0.444569
v -0.688451 1.237675 0.964491
v -0.749406 1.355023 0.722010
v -0.342851 1.121603 1.217538
v -0.465759 1.219660 0.994195
v 0.055608 1.105296 1.327051
v -0.120527 1.167588 1.171352
v 0.453639 1.153757 1.223658
v 0.244829 1.193211 1.180346
v 0.794268 1.285481 1.008132
v 0.587528 1.267882 1.014114
v 0.992822 1.359442 0.688067
v 0.854768 1.327880 0.791633
v 1.056436 1.359772 0.354799
v 0.943178 1.406862 0.478790
v 1.110723 1.381987 0.022872
v 0.990077 1.428651 0.175479
v 1.048709 1.513122 -0.114463
v 0.847224 1.782394 -0.419765
v 0.826571 1.638115 -0.247568
v 0.973651 1.521858 -0.222513
v 0.664428 1.880283 -0.628308
v 0.667626 1.860562 -0.430575
v 0.368768 2.148094 -0.731511
v 0.484052 2.044937 -0.546017
v -0.003803 2.157586 -0.799131
v 0.159269 2.135143 -0.631189
v -0.368391 2.063758 -0.765494
v -0.176587 2.095495 -0.647644
v -0.645715 1.692449 -0.686343
v -0.472514 1.841395 -0.631500
v -0.721552 1.710241 -0.457034
v -0.570759 1.802442 -0.510316
v -0.791673 1.565544 -0.205996
v -0.661088 1.644032 -0.272319
v -0.836070 1.479096 0.046959
v -0.713378 1.517483 -0.051660
v -0.901364 1.325036 0.303675
v -0.773121 1.383061 0.174860
v -0.760592 1.417290 0.494458
v -0.749784 1.396417 0.300377
v -0.544960 1.297279 0.756615
v -0.574732 1.374875 0.523659
v -0.247413 1.230072 0.968481
v -0.338678 1.265935 0.748457
v 0.072723 1.119270 1.076973
v -0.046537 1.198974 0.897522
v 0.380452 1.241788 0.972771
v 0.189183 1.246454 0.887298
v 0.676146 1.329174 0.792812
v 0.482984 1.292821 0.760968
v 0.811069 1.394702 0.585180
v 0.717171 1.219561 0.650498
v 0.868785 1.441485 0.292090
v 0.741309 1.416652 0.391523
v 0.916520 1.501445 0.028456
v 0.790045 1.478846 0.144599
v 0.840402 1.570067 -0.088733
v 0.657572 1.727462 -0.254198
v 0.669690 1.490862 -0.171289
v 0.810960 1.427255 -0.142101
v 0.513299 1.792239 -0.438422
v 0.498100 1.699831 -0.266833
v 0.281452 2.017567 -0.466712
v 0.375015 1.841655 -0.317125
v -0.010584 1.982516 -0.553770
v 0.097735 1.906397 -0.394177
v -0.305211 1.891896 -0.523323
v -0.140765 1.851005 -0.415056
v -0.514480 1.613398 -0.501319
v -0.347427 1.625939 -0.519818
v -0.522204 1.713681 -0.323969
v -0.387300 1.695712 -0.365720
v -0.588773 1.581245 -0.116469
v -0.467320 1.595007 -0.172145
v -0.648148 1.425359 0.074569
v -0.528037 1.455777 -0.000657
v -0.720033 1.227422 0.254604
v -0.639521 1.247078 0.115643
v -0.578227 1.373055 0.326480
v -0.578411 1.292404 0.195420
v -0.401172 1.270176 0.543902
v -0.405437 1.319518 0.344622
v -0.143864 1.252966 0.697793
v -0.218628 1.247631 0.511713
v 0.097278 1.097031 0.822350
v -0.034313 1.107840 0.689518
v 0.299953 1.245638 0.700005
v 0.126647 1.210362 0.615297
v 0.553628 1.240413 0.593970
v 0.384922 1.235714 0.525476
v 0.631356 1.284433 0.476184
v 0.580371 1.106038 0.513691
v 0.669654 1.423770 0.236310
v 0.549329 1.321366 0.317314
v 0.717396 1.514370 0.027570
v 0.604639 1.424642 0.119726
v 0.659805 1.474761 -0.063517
v 0.506829 1.505211 -0.141112
v 0.525175 1.283932 -0.135065
v 0.646212 1.294408 -0.087893
v 0.362564 1.595321 -0.286007
v 0.403292 1.414863 -0.189062
v 0.200802 1.738128 -0.273868
v 0.262947 1.542840 -0.168879
v -0.002942 1.692437 -0.375170
v 0.063557 1.571706 -0.238792
v -0.215114 1.605546 -0.393471
v -0.098574 1.497276 -0.288688
v -0.345417 1.491673 -0.367161
v -0.231634 1.362346 -0.385079
v -0.346929 1.569631 -0.213806
v -0.240765 1.465232 -0.243592
v -0.409546 1.466935 -0.057149
v -0.305792 1.414688 -0.105977
v -0.510139 1.276811 0.057318
v -0.385783 1.280578 0.010434
v -0.548949 1.136375 0.183912
v -0.500567 1.112743 0.071626
v -0.417178 1.286678 0.207044
v -0.416870 1.178269 0.135106
v -0.274003 1.197374 0.370282
v -0.269769 1.213851 0.225860
v -0.074833 1.147982 0.497086
v -0.127188 1.142849 0.348942
v 0.083947 1.058000 0.585189
v -0.039031 0.998105 0.509758
v 0.227100 1.177922 0.471875
v 0.093885 1.115228 0.404638
v 0.429568 1.118685 0.445307
v 0.292061 1.117938 0.363328
v 0.519777 1.145224 0.350774
v 0.442573 1.008155 0.377653
v 0.499581 1.309037 0.192198
v 0.419107 1.155124 0.245642
v 0.546022 1.397431 0.027755
v 0.446844 1.270698 0.099062
v 0.507913 1.283441 -0.032781
v 0.393032 1.226255 -0.110503
v 0.393140 1.037968 -0.099468
v 0.487628 1.120966 -0.058098
v 0.278001 1.330381 -0.147119
v 0.281929 1.137411 -0.131427
v 0.137403 1.401145 -0.160485
v 0.175931 1.216506 -0.093629
v 0.022992 1.364439 -0.251125
v 0.059091 1.224260 -0.158026
v -0.095833 1.289254 -0.324503
v -0.003039 1.167170 -0.249700
v -0.206697 1.272782 -0.254892
v -0.138070 1.105882 -0.253377
v -0.212867 1.320871 -0.139205
v -0.145164 1.176810 -0.159283
v -0.276388 1.243739 -0.030795
v -0.183084 1.161865 -0.065116
v -0.391109 1.115332 0.015622
v -0.274865 1.076879 -0.006347
v -0.390611 1.044430 0.116789
v -0.351499 0.969536 0.045254
v -0.275508 1.146713 0.138891
v -0.265463 1.034099 0.096795
v -0.163666 1.103468 0.244449
v -0.155194 1.063730 0.150536
v -0.094638 0.999399 0.366739
v -0.095718 0.988038 0.249553
v 0.044394 0.987359 0.390620
v -0.026634 0.900805 0.341203
v 0.168406 1.064500 0.312563
v 0.075662 0.977688 0.275776
v 0.308175 0.992264 0.331378
v 0.208034 0.973362 0.254957
v 0.408453 1.007698 0.255501
v 0.313985 0.896129 0.272396
v 0.366153 1.130649 0.148913
v 0.330612 0.986681 0.172851
v 0.405045 1.185904 0.030394
v 0.313824 1.065694 0.075164
v 0.389400 1.044027 0.001182
v 0.277808 0.976972 -0.088851
v 0.238340 0.860744 -0.041219
v 0.334722 0.924285 -0.029177
v 0.195332 1.050238 -0.069348
v 0.187120 0.912656 -0.057434
v 0.098743 1.075916 -0.099479
v 0.120103 0.942765 -0.065077
v 0.043934 1.054411 -0.167587
v 0.068581 0.942563 -0.106754
v -0.035479 0.996958 -0.209230
v 0.028504 0.904563 -0.149507
v -0.112429 1.016085 -0.159783
v -0.055023 0.889621 -0.139904
v -0.116583 1.046023 -0.085345
v -0.079598 0.924332 -0.091755
v -0.182853 1.005787 -0.031271
v -0.115096 0.918789 -0.046796
v -0.259044 0.935129 -0.002286
v -0.172838 0.875437 -0.025707
v -0.237501 0.918402 0.076800
v -0.179808 0.849900 0.038002
v -0.155167 0.973337 0.098608
v -0.140178 0.875262 0.073772
v -0.089415 0.949774 0.162882
v -0.081017 0.888265 0.106300
v -0.064996 0.878926 0.239838
v -0.060868 0.846810 0.161935
v 0.035530 0.870324 0.259789
v -0.005441 0.814697 0.195713
v 0.117833 0.911272 0.213044
v 0.065176 0.819863 0.199773
v 0.205132 0.864830 0.231441
v 0.129156 0.827915 0.179454
v 0.283446 0.867094 0.180984
v 0.189091 0.805983 0.163677
v 0.267309 0.933107 0.107908
v 0.232263 0.820752 0.118402
v 0.295487 0.951622 0.034315
v 0.243697 0.846136 0.064586
v 0.265976 0.836453 0.015427
v 0.099050 0.123086 -0.035665
v 0.087176 0.135659 -0.068448
v 0.062107 0.152420 -0.096787
v 0.017328 0.152423 -0.115159
v -0.010250 0.124539 -0.120060
v -0.019850 0.084055 -0.112945
v -0.044613 0.060833 -0.095487
v -0.069927 0.050122 -0.069224
v -0.087149 0.050122 -0.036217
v -0.092866 0.050122 0.000810
v -0.086943 0.050122 0.037769
v -0.069584 0.055438 0.070434
v -0.046948 0.072416 0.097005
v -0.034334 0.107718 0.113746
v -0.019048 0.142743 0.120223
v 0.023122 0.154152 0.113878
v 0.064689 0.147494 0.097800
v 0.082963 0.128305 0.071212
v 0.097928 0.119678 0.038102
v 0.103818 0.117912 0.001176
v 0.146265 0.805242 -0.026072
v 0.164572 0.791399 0.003286
v 0.116661 0.819894 -0.048972
v 0.082247 0.825299 -0.065603
v 0.044906 0.822366 -0.077744
v 0.004160 0.812749 -0.081478
v -0.033090 0.818113 -0.065549
v -0.060959 0.820066 -0.043146
v -0.081516 0.813075 -0.015678
v -0.093072 0.800471 0.015539
v -0.084914 0.803724 0.046549
v -0.065330 0.805443 0.074124
v -0.039279 0.799862 0.099351
v -0.007844 0.788236 0.118805
v 0.029401 0.780140 0.129488
v 0.071167 0.779449 0.127959
v 0.109599 0.780353 0.115768
v 0.138397 0.781409 0.095436
v 0.158109 0.786662 0.067080
v 0.166541 0.792372 0.035007
v 0.136887 0.055162 -0.095372
v 0.200558 0.050122 -0.177730
v 0.316269 0.050122 -0.182222
v 0.241719 0.050122 -0.093776
v 0.109320 0.083814 -0.148622
v 0.135058 0.058438 -0.244235
v 0.244902 0.050122 -0.284230
v 0.092154 0.140613 -0.192744
v 0.082756 0.120556 -0.294776
v 0.144189 0.050122 -0.358704
v 0.015138 0.144519 -0.213312
v -0.012532 0.115604 -0.310220
v 0.054574 0.120746 -0.407998
v -0.019105 0.083439 -0.210279
v -0.074905 0.050122 -0.290964
v -0.050470 0.051719 -0.403736
v -0.072769 0.050122 -0.189000
v -0.158918 0.050122 -0.246164
v -0.169145 0.050122 -0.360756
v -0.126939 0.050122 -0.149085
v -0.224599 0.050122 -0.177684
v -0.268453 0.050122 -0.284211
v -0.164291 0.050122 -0.095221
v -0.266587 0.050122 -0.092738
v -0.340496 0.050122 -0.181365
v -0.184316 0.050122 -0.032095
v -0.281133 0.050122 0.000855
v -0.378204 0.050122 -0.061578
v -0.184348 0.050122 0.034067
v -0.266756 0.050122 0.094494
v -0.378293 0.050122 0.063950
v -0.164255 0.050122 0.097150
v -0.225024 0.050122 0.179542
v -0.340708 0.050122 0.183669
v -0.126620 0.050122 0.150875
v -0.159269 0.050122 0.247702
v -0.268971 0.050122 0.286789
v -0.073105 0.054117 0.190427
v -0.074601 0.052000 0.291865
v -0.169456 0.050122 0.362881
v -0.038066 0.110859 0.211366
v -0.013085 0.123342 0.310921
v -0.050836 0.056892 0.405073
v 0.017891 0.148532 0.213840
v 0.080977 0.117795 0.292762
v 0.056102 0.123918 0.408130
v 0.085228 0.131758 0.191844
v 0.131089 0.050122 0.244479
v 0.141248 0.050122 0.359450
v 0.101175 0.069792 0.147748
v 0.198521 0.050122 0.178278
v 0.241647 0.050122 0.284673
v 0.136722 0.050122 0.095309
v 0.240370 0.050122 0.094054
v 0.314152 0.050122 0.182684
v 0.158081 0.050122 0.032655
v 0.255042 0.050122 0.000206
v 0.352093 0.050122 0.063376
v 0.158380 0.050122 -0.033908
v 0.353147 0.050122 -0.062508
v 0.368998 0.050122 -0.295233
v 0.498647 0.050122 -0.272162
v 0.437603 0.050122 -0.153956
v 0.259089 0.050122 -0.407785
v 0.392090 0.050122 -0.424454
v 0.122464 0.050122 -0.481387
v 0.244892 0.050122 -0.536206
v -0.018590 0.104832 -0.512054
v 0.070536 0.050122 -0.597744
v -0.147362 0.050122 -0.482782
v -0.098370 0.050122 -0.599533
v -0.284529 0.050122 -0.407570
v -0.271825 0.050122 -0.535388
v -0.392748 0.050122 -0.294109
v -0.417433 0.050122 -0.421351
v -0.461868 0.050122 -0.153522
v -0.522577 0.050122 -0.268944
v -0.485714 0.050122 0.001328
v -0.577992 0.050122 -0.091162
v -0.461986 0.050122 0.156208
v -0.577923 0.050122 0.095191
v -0.393015 0.050122 0.296610
v -0.522415 0.050122 0.272610
v -0.284558 0.050122 0.410327
v -0.417355 0.050122 0.424732
v -0.146496 0.050122 0.484753
v -0.271531 0.050122 0.538075
v -0.018933 0.107689 0.514043
v -0.097397 0.050122 0.601416
v 0.119027 0.050122 0.482030
v 0.068367 0.050122 0.598365
v 0.256543 0.050122 0.408223
v 0.242831 0.050122 0.536651
v 0.365929 0.050122 0.295852
v 0.389868 0.050122 0.424046
v 0.435855 0.050122 0.155445
v 0.496295 0.050122 0.271992
v 0.460030 0.050122 0.001202
v 0.552543 0.050122 0.093808
v 0.553304 0.050122 -0.093639
v 0.533494 0.050122 -0.410815
v 0.681303 0.050122 -0.361448
v 0.628968 0.050122 -0.215073
v 0.383412 0.050122 -0.566769
v 0.538836 0.050122 -0.565006
v 0.194973 0.050128 -0.669066
v 0.341862 0.050132 -0.715018
v -0.014920 0.050128 -0.705357
v 0.108518 0.050149 -0.797022
v -0.224098 0.050122 -0.668362
v -0.138034 0.050132 -0.797821
v -0.410754 0.050122 -0.563624
v -0.369548 0.050122 -0.713285
v -0.558710 0.050122 -0.406191
v -0.564488 0.050122 -0.560698
v -0.653251 0.050122 -0.211507
v -0.704622 0.050122 -0.356861
v -0.685667 0.050122 0.002575
v -0.777748 0.050122 -0.121028
v -0.652907 0.050122 0.216477
v -0.777661 0.050122 0.125581
v -0.558131 0.050122 0.410721
v -0.704465 0.050122 0.361001
v -0.410243 0.050122 0.567317
v -0.564732 0.050122 0.564115
v -0.224416 0.048415 0.670630
v -0.370657 0.048415 0.715805
v -0.015042 0.047398 0.706605
v -0.139772 0.044403 0.800231
v 0.194499 0.049292 0.669340
v 0.106472 0.044592 0.798893
v 0.381780 0.050122 0.566337
v 0.338491 0.049593 0.716434
v 0.531714 0.050122 0.410230
v 0.535461 0.050122 0.566065
v 0.627651 0.050122 0.215306
v 0.678084 0.050122 0.362929
v 0.661264 0.050122 -0.000054
v 0.753225 0.050122 0.126206
v 0.753977 0.050122 -0.124898
v 0.698743 0.050122 -0.530518
v 0.865695 0.050122 -0.451968
v 0.824483 0.050122 -0.273388
v 0.504554 0.050122 -0.731160
v 0.687275 0.050122 -0.707080
v 0.257627 0.050163 -0.863246
v 0.438742 0.050145 -0.896445
v -0.020023 0.050161 -0.909475
v 0.141099 0.050185 -1.000108
v -0.295176 0.050122 -0.859353
v -0.176101 0.050149 -0.999610
v -0.538413 0.050122 -0.722323
v -0.471831 0.050122 -0.891290
v -0.727950 0.050122 -0.518679
v -0.716539 0.050122 -0.698381
v -0.847889 0.050122 -0.268548
v -0.890451 0.050122 -0.443151
v -0.888380 0.050122 0.005524
v -0.980454 0.050122 -0.149937
v -0.845886 0.050122 0.279323
v -0.980168 0.050122 0.156031
v -0.724024 0.050122 0.528503
v -0.889655 0.050122 0.448873
v -0.532771 0.050122 0.730287
v -0.715522 0.050122 0.703340
v -0.288759 0.043043 0.865526
v -0.471714 0.045818 0.895691
v -0.011965 0.040585 0.912566
v -0.176057 0.038580 1.004477
v 0.263714 0.044592 0.862578
v 0.141635 0.039253 1.003464
v 0.507384 0.050122 0.727492
v 0.437143 0.047819 0.897449
v 0.700200 0.050122 0.525424
v 0.684287 0.050122 0.707812
v 0.822888 0.050122 0.274675
v 0.862696 0.050122 0.453173
v 0.865373 0.050122 -0.002605
v 0.956333 0.050122 0.157386
v 0.957148 0.050122 -0.154481
v 0.775505 0.147650 -0.578350
v 0.946870 0.131346 -0.490213
v 0.911254 0.147595 -0.302637
v 0.562695 0.147641 -0.798018
v 0.751990 0.133190 -0.767589
v 0.289702 0.148003 -0.942442
v 0.482017 0.135913 -0.972300
v -0.019121 0.147686 -0.994463
v 0.155589 0.137851 -1.084067
v -0.327461 0.147869 -0.946212
v -0.191945 0.134832 -1.085638
v -0.604167 0.147770 -0.805493
v -0.517634 0.123723 -0.976332
v -0.827954 0.146301 -0.585647
v -0.793565 0.109546 -0.771857
v -0.973228 0.143819 -0.306540
v -0.992519 0.095591 -0.493255
v -1.022768 0.142644 0.004437
v -1.096310 0.086960 -0.167407
v -0.970771 0.144019 0.314494
v -1.095619 0.087634 0.174435
v -0.824298 0.146418 0.591532
v -0.990723 0.097233 0.499347
v -0.603550 0.139778 0.810141
v -0.791364 0.111491 0.776355
v -0.327368 0.120542 0.953967
v -0.519906 0.111005 0.982089
v -0.016484 0.114777 1.002210
v -0.192268 0.104336 1.095243
v 0.291187 0.123620 0.947252
v 0.157364 0.106927 1.092466
v 0.559295 0.143158 0.799180
v 0.480180 0.124847 0.975193
v 0.772055 0.147616 0.579209
v 0.747716 0.134250 0.768559
v 0.909747 0.147877 0.305198
v 0.943629 0.131924 0.492731
v 0.958026 0.147562 0.001389
v 1.046792 0.130328 0.171461
v 1.048147 0.129878 -0.168035
v 0.902804 0.050122 -0.670076
v 1.085469 0.081180 -0.556895
v 1.062852 0.050122 -0.348257
v 0.653004 0.050122 -0.923353
v 0.859004 0.090776 -0.868100
v 0.336570 0.050163 -1.088591
v 0.548705 0.101478 -1.093770
v -0.018220 0.050163 -1.149822
v 0.181975 0.112665 -1.212399
v -0.377156 0.050122 -1.101709
v -0.204498 0.122264 -1.212600
v -0.708116 0.050122 -0.945092
v -0.570049 0.130029 -1.094801
v -0.975373 0.050122 -0.689699
v -0.883578 0.136865 -0.869670
v -1.147292 0.050122 -0.359816
v -1.111820 0.141367 -0.557748
v -1.204578 0.050122 0.008555
v -1.232511 0.142774 -0.190202
v -1.141853 0.050122 0.375278
v -1.234072 0.140996 0.196984
v -0.966192 0.050122 0.700664
v -1.115854 0.136238 0.565915
v -0.698349 0.050122 0.950361
v -0.888380 0.128765 0.879284
v -0.371249 0.040156 1.104573
v -0.578468 0.106438 1.108336
v -0.013005 0.035661 1.150533
v -0.209073 0.083420 1.229325
v 0.339051 0.042392 1.085235
v 0.180737 0.073978 1.226880
v 0.651379 0.050122 0.918241
v 0.544662 0.079860 1.101365
v 0.900479 0.050122 0.666167
v 0.854521 0.075026 0.874443
v 1.060969 0.050122 0.350363
v 1.081665 0.069919 0.563666
v 1.117399 0.050122 -0.001137
v 1.202101 0.069211 0.198034
v 1.202405 0.074440 -0.191307
v 1.019549 0.177377 -0.751090
v 1.158318 0.272489 -0.586073
v 1.204757 0.167240 -0.384528
v 0.738475 0.188682 -1.031255
v 0.922091 0.283552 -0.916083
v 0.383820 0.202363 -1.212150
v 0.600324 0.300556 -1.160307
v -0.015553 0.214074 -1.272565
v 0.204802 0.316283 -1.292612
v -0.410715 0.222628 -1.205427
v -0.215553 0.326235 -1.292014
v -0.759641 0.229416 -1.021426
v -0.602529 0.329560 -1.159696
v -1.039926 0.235778 -0.739000
v -0.924808 0.333895 -0.918385
v -1.219523 0.238928 -0.383850
v -1.165298 0.339067 -0.588689
v -1.281160 0.238678 0.009531
v -1.292476 0.340733 -0.200978
v -1.218681 0.235239 0.403108
v -1.294045 0.338938 0.207212
v -1.037480 0.228750 0.758261
v -1.169433 0.333929 0.596164
v -0.761632 0.204919 1.043424
v -0.936486 0.316144 0.929414
v -0.408687 0.164296 1.235837
v -0.619975 0.262233 1.188470
v -0.004060 0.145633 1.300386
v -0.220565 0.223621 1.331251
v 0.396292 0.150268 1.227598
v 0.207135 0.215092 1.328829
v 0.743429 0.166960 1.034263
v 0.596832 0.243200 1.181056
v 1.023232 0.162222 0.750740
v 0.912879 0.265461 0.929663
v 1.203596 0.159558 0.395041
v 1.153121 0.260349 0.600517
v 1.265078 0.162022 -0.001378
v 1.280460 0.259879 0.213650
v 1.280947 0.265409 -0.197765
v 1.070383 0.377699 -0.775638
v 1.198619 0.479107 -0.598825
v 1.260063 0.366643 -0.395554
v 0.791654 0.398075 -1.070666
v 0.971036 0.500604 -0.937208
v 0.420172 0.423208 -1.270002
v 0.645623 0.538173 -1.198109
v -0.010800 0.437020 -1.338680
v 0.224532 0.565514 -1.344111
v -0.434413 0.439030 -1.265403
v -0.227769 0.572950 -1.344673
v -0.792154 0.434197 -1.066777
v -0.633363 0.557327 -1.199882
v -1.076902 0.437072 -0.771706
v -0.950967 0.544441 -0.945428
v -1.264727 0.440461 -0.401328
v -1.193020 0.547198 -0.606211
v -1.329250 0.440301 0.008881
v -1.324150 0.549024 -0.206874
v -1.263947 0.436859 0.419166
v -1.325666 0.546720 0.213602
v -1.077516 0.426766 0.789563
v -1.196748 0.541231 0.614005
v -0.806351 0.371198 1.099871
v -0.975644 0.498047 0.964589
v -0.433929 0.305738 1.319450
v -0.653070 0.414215 1.253815
v 0.004455 0.282317 1.391643
v -0.226462 0.360716 1.415421
v 0.435372 0.298871 1.305832
v 0.233050 0.354558 1.411728
v 0.791944 0.346168 1.085256
v 0.644539 0.405825 1.240904
v 1.070192 0.361347 0.784059
v 0.957203 0.459909 0.963128
v 1.257626 0.358688 0.414938
v 1.195010 0.466706 0.621539
v 1.321847 0.361233 0.003424
v 1.325817 0.466601 0.223458
v 1.325899 0.471986 -0.199394
v 1.110084 0.594357 -0.783807
v 1.222427 0.695867 -0.598783
v 1.292041 0.575166 -0.399776
v 0.839809 0.640201 -1.090138
v 1.012916 0.743017 -0.940445
v 0.453251 0.691698 -1.305484
v 0.686584 0.821210 -1.215252
v -0.007957 0.710191 -1.380919
v 0.242065 0.869926 -1.372471
v -0.458021 0.696281 -1.301131
v -0.239385 0.871226 -1.373491
v -0.820260 0.662304 -1.088284
v -0.660726 0.820954 -1.217520
v -1.090034 0.647752 -0.785336
v -0.969062 0.772949 -0.951359
v -1.279798 0.651062 -0.408452
v -1.193173 0.761301 -0.609786
v -1.345918 0.650613 0.009096
v -1.325106 0.763204 -0.207665
v -1.279860 0.646418 0.426832
v -1.328000 0.760185 0.215792
v -1.104454 0.621291 0.806485
v -1.204600 0.749637 0.619304
v -0.840348 0.537178 1.142864
v -1.002208 0.682179 0.985698
v -0.450425 0.447425 1.390116
v -0.673013 0.570727 1.303951
v 0.015182 0.419107 1.471000
v -0.226464 0.502098 1.482946
v 0.472369 0.448937 1.373694
v 0.255194 0.498686 1.479746
v 0.838716 0.524894 1.125039
v 0.684814 0.573995 1.287952
v 1.101887 0.568658 0.803849
v 0.993673 0.655513 0.983463
v 1.290994 0.568126 0.426961
v 1.214381 0.680779 0.631139
v 1.355925 0.570321 0.007464
v 1.345671 0.680946 0.229064
v 1.345423 0.685920 -0.197548
v 0.225290 0.050122 -0.138015
v 0.170324 0.050122 -0.213929
v 0.103118 0.081014 -0.272041
v 0.033935 0.135561 -0.308639
v -0.031601 0.066768 -0.304101
v -0.118572 0.050122 -0.272100
v -0.193901 0.050122 -0.214577
v -0.248550 0.050122 -0.137150
v -0.277283 0.050122 -0.046824
v -0.277414 0.050122 0.047927
v -0.249050 0.050122 0.138469
v -0.194748 0.050122 0.216205
v -0.119793 0.050122 0.273983
v -0.040119 0.083308 0.306400
v 0.038173 0.137777 0.307879
v 0.096479 0.072079 0.270984
v 0.167059 0.050122 0.214966
v 0.222170 0.050122 0.137982
v 0.251050 0.050122 0.048005
v 0.251915 0.050122 -0.047395
v 0.408054 0.050122 -0.226852
v 0.318400 0.050122 -0.355063
v 0.192968 0.050122 -0.449078
v 0.052202 0.071338 -0.501267
v -0.072634 0.050122 -0.502470
v -0.218242 0.050122 -0.449566
v -0.341987 0.050122 -0.354159
v -0.431291 0.050122 -0.225919
v -0.478124 0.050122 -0.076912
v -0.478259 0.050122 0.079299
v -0.431557 0.050122 0.228408
v -0.342558 0.050122 0.356589
v -0.217696 0.050122 0.452231
v -0.070412 0.050122 0.504347
v 0.052965 0.079671 0.503452
v 0.190130 0.050122 0.449921
v 0.315156 0.050122 0.355588
v 0.405291 0.050122 0.227608
v 0.452359 0.050122 0.078970
v 0.453504 0.050122 -0.076843
v 0.589896 0.050122 -0.316501
v 0.464951 0.050122 -0.494959
v 0.292879 0.050122 -0.625704
v 0.091699 0.050128 -0.696785
v -0.121437 0.050122 -0.697795
v -0.321337 0.050122 -0.623742
v -0.490996 0.050122 -0.490690
v -0.613653 0.050122 -0.312394
v -0.677803 0.050122 -0.105560
v -0.677564 0.050122 0.110947
v -0.612983 0.050122 0.317370
v -0.490198 0.050122 0.495038
v -0.321363 0.050122 0.626442
v -0.121684 0.047398 0.699745
v 0.091522 0.047819 0.697500
v 0.292045 0.050122 0.625558
v 0.462960 0.050122 0.494467
v 0.587313 0.050122 0.316747
v 0.652803 0.050122 0.109225
v 0.653599 0.050122 -0.108165
v 0.774330 0.050122 -0.404280
v 0.612895 0.050122 -0.635700
v 0.390580 0.050145 -0.805184
v 0.125589 0.050163 -0.898033
v -0.155306 0.050149 -0.898561
v -0.418555 0.050122 -0.803078
v -0.638776 0.050122 -0.630778
v -0.796284 0.050122 -0.401337
v -0.878313 0.050122 -0.136352
v -0.878296 0.050122 0.140587
v -0.796293 0.050122 0.405308
v -0.639087 0.050122 0.634245
v -0.420230 0.047039 0.805816
v -0.157552 0.041147 0.901893
v 0.123370 0.041791 0.900844
v 0.386935 0.048415 0.807083
v 0.609054 0.050122 0.637318
v 0.769679 0.050122 0.408710
v 0.854309 0.050122 0.142558
v 0.855718 0.050122 -0.136016
v 0.854624 0.146575 -0.445452
v 0.677133 0.147285 -0.697432
v 0.432152 0.147648 -0.881381
v 0.136958 0.147528 -0.981289
v -0.176203 0.147586 -0.983037
v -0.471593 0.147812 -0.886611
v -0.724799 0.147178 -0.704179
v -0.911720 0.144895 -0.452012
v -1.010720 0.142709 -0.153560
v -1.009637 0.142883 0.161018
v -0.908848 0.145120 0.458516
v -0.721411 0.146402 0.709249
v -0.471729 0.129690 0.892961
v -0.173594 0.115284 0.991578
v 0.141268 0.116093 0.987864
v 0.432836 0.133700 0.882962
v 0.674387 0.147197 0.696428
v 0.852210 0.147515 0.446435
v 0.946047 0.147610 0.154391
v 0.947365 0.148001 -0.151805
v 0.999238 0.050122 -0.512677
v 0.791557 0.050122 -0.804466
v 0.505484 0.050145 -1.017566
v 0.165698 0.050173 -1.133357
v -0.195810 0.050149 -1.141097
v -0.545001 0.050122 -1.039412
v -0.849081 0.050122 -0.832521
v -1.073107 0.050122 -0.537062
v -1.190903 0.050122 -0.183618
v -1.189951 0.050122 0.189246
v -1.070625 0.050122 0.541286
v -0.846356 0.050122 0.834289
v -0.544963 0.045818 1.039615
v -0.197507 0.036830 1.142204
v 0.163412 0.036830 1.133787
v 0.499395 0.047819 1.015839
v 0.784331 0.050122 0.804833
v 0.992493 0.050122 0.517873
v 1.103108 0.050122 0.181338
v 1.105329 0.050122 -0.172842
v 1.127491 0.174400 -0.573045
v 0.892910 0.184449 -0.896340
v 0.575051 0.197267 -1.131336
v 0.193185 0.210303 -1.256115
v -0.210458 0.220644 -1.254834
v -0.586430 0.227827 -1.128580
v -0.905682 0.234879 -0.894513
v -1.139790 0.239844 -0.573050
v -1.263497 0.241411 -0.195046
v -1.264837 0.239618 0.202814
v -1.143428 0.234667 0.581836
v -0.912011 0.224164 0.905085
v -0.599504 0.185802 1.149423
v -0.215604 0.153770 1.283162
v 0.193921 0.145098 1.281537
v 0.571830 0.161759 1.145522
v 0.888246 0.167382 0.906911
v 1.123176 0.162298 0.585232
v 1.247560 0.161803 0.207097
v 1.248471 0.167136 -0.192393
v 1.179269 0.373887 -0.592673
v 0.944905 0.388116 -0.928613
v 0.620988 0.412993 -1.181070
v 0.212914 0.433242 -1.319800
v -0.223019 0.442343 -1.319453
v -0.618805 0.438364 -1.180611
v -0.938952 0.436316 -0.932615
v -1.182081 0.441088 -0.597297
v -1.311050 0.442787 -0.202973
v -1.312066 0.440996 0.212047
v -1.184602 0.435974 0.607157
v -0.955456 0.406578 0.948492
v -0.636127 0.336982 1.221814
v -0.222805 0.291429 1.372977
v 0.220927 0.284047 1.369210
v 0.620795 0.323954 1.209612
v 0.934849 0.361972 0.945648
v 1.175260 0.361225 0.610417
v 1.303973 0.360855 0.217516
v 1.304926 0.366350 -0.197399
v 1.210599 0.583196 -0.600225
v 0.991008 0.615767 -0.941329
v 0.664266 0.670211 -1.209277
v 0.231138 0.706615 -1.360366
v -0.235669 0.711706 -1.360349
v -0.648574 0.681142 -1.209193
v -0.961145 0.653453 -0.948609
v -1.196069 0.651299 -0.607523
v -1.327293 0.653199 -0.206026
v -1.328692 0.650604 0.216561
v -1.200740 0.643329 0.618827
v -0.989000 0.587062 0.976979
v -0.663122 0.489424 1.280437
v -0.225600 0.428781 1.450366
v 0.246035 0.424002 1.446277
v 0.666565 0.487209 1.264265
v 0.976719 0.555316 0.973110
v 1.207435 0.570625 0.626041
v 1.338215 0.570342 0.225097
v 1.338236 0.575764 -0.198121
v 1.226040 0.805876 -0.592272
v 1.026265 0.872557 -0.934202
v 0.699797 0.980256 -1.213383
v 0.246378 1.042786 -1.373691
v -0.245953 1.037642 -1.374502
v -0.672338 0.962160 -1.214721
v -0.973943 0.890697 -0.944378
v -1.183694 0.866596 -0.604019
v -1.313511 0.868018 -0.204065
v -1.317331 0.864671 0.217060
v -1.201129 0.850009 0.618439
v -1.005889 0.774086 0.990105
v -0.673131 0.650356 1.318684
v -0.221454 0.574449 1.503117
v 0.264792 0.572969 1.499502
v 0.699228 0.660038 1.299455
v 1.005851 0.752175 0.984265
v 1.212889 0.786595 0.628286
v 1.342221 0.786617 0.227790
v 1.342207 0.791560 -0.194519
v 1.219560 1.041422 -0.566659
v 1.038613 1.160904 -0.901645
v 0.716122 1.339364 -1.180935
v 0.254161 1.433791 -1.341913
v -0.249195 1.413316 -1.345745
v -0.680520 1.273485 -1.188468
v -0.968519 1.142934 -0.915983
v -1.148790 1.086256 -0.580745
v -1.264099 1.078221 -0.195716
v -1.275123 1.075043 0.213373
v -1.179164 1.054191 0.604706
v -0.993645 0.967524 0.978757
v -0.657697 0.822673 1.318142
v -0.208181 0.734902 1.509072
v 0.273899 0.737574 1.507317
v 0.709211 0.845242 1.300004
v 1.011016 0.953730 0.972814
v 1.192765 0.998304 0.614752
v 1.309941 1.001519 0.224318
v 1.311494 1.005887 -0.186358
v 1.181879 1.291468 -0.521416
v 1.014535 1.461497 -0.837191
v 0.700111 1.700009 -1.098129
v 0.248819 1.815871 -1.242297
v -0.241163 1.783724 -1.252312
v -0.663347 1.591283 -1.120184
v -0.935128 1.404733 -0.855260
v -1.075895 1.301838 -0.529525
v -1.165260 1.269686 -0.178214
v -1.195818 1.272335 0.204286
v -1.128093 1.250103 0.574770
v -0.938062 1.159676 0.926794
v -0.610557 1.007078 1.254937
v -0.184840 0.918554 1.447615
v 0.273662 0.926108 1.450873
v 0.691560 1.042851 1.250292
v 0.986238 1.153836 0.933613
v 1.140143 1.197514 0.581324
v 1.230791 1.203346 0.212738
v 1.244483 1.217531 -0.169663
v 1.089328 1.537013 -0.448284
v 0.931201 1.739811 -0.716295
v 0.636204 1.980914 -0.939176
v 0.225565 2.086521 -1.048424
v -0.220989 2.051245 -1.063939
v -0.608060 1.857898 -0.976677
v -0.850391 1.660409 -0.743069
v -0.944658 1.490745 -0.441981
v -1.006907 1.419018 -0.141036
v -1.065563 1.435647 0.186545
v -1.022090 1.418805 0.515080
v -0.825877 1.307404 0.810496
v -0.523023 1.167930 1.103956
v -0.149445 1.105780 1.292352
v 0.264686 1.120732 1.301160
v 0.634964 1.214168 1.120425
v 0.928687 1.341157 0.863899
v 1.028175 1.357955 0.517630
v 1.085321 1.369178 0.190094
v 1.130050 1.420601 -0.137891
v 0.917136 1.660057 -0.316781
v 0.760659 1.874056 -0.526574
v 0.539111 2.083919 -0.679475
v 0.185094 2.179654 -0.774928
v -0.193124 2.140419 -0.789856
v -0.527324 1.899137 -0.727979
v -0.668159 1.802464 -0.588439
v -0.762643 1.616844 -0.329999
v -0.812274 1.505552 -0.080830
v -0.864309 1.430658 0.184217
v -0.842134 1.435565 0.369961
v -0.662676 1.376520 0.626049
v -0.401530 1.249422 0.875251
v -0.082285 1.196587 1.033561
v 0.220635 1.234906 1.035013
v 0.537783 1.294654 0.888685
v 0.787724 1.268495 0.723776
v 0.846010 1.426895 0.434733
v 0.890521 1.465883 0.158139
v 0.943146 1.567123 -0.100901
v 0.742543 1.577789 -0.195431
v 0.578642 1.797421 -0.341805
v 0.427515 1.960777 -0.425561
v 0.127833 2.039393 -0.504638
v -0.158351 1.992220 -0.520256
v -0.408317 1.741687 -0.580420
v -0.478314 1.763112 -0.434072
v -0.561131 1.637674 -0.217013
v -0.618158 1.502860 -0.023662
v -0.703331 1.314706 0.146070
v -0.660291 1.343816 0.245217
v -0.487823 1.351808 0.429334
v -0.276411 1.264569 0.625508
v -0.023414 1.178128 0.774469
v 0.159199 1.235649 0.746392
v 0.433173 1.270221 0.638652
v 0.646482 1.164861 0.581340
v 0.642382 1.379283 0.350653
v 0.693984 1.465560 0.131133
v 0.746739 1.535017 -0.074982
v 0.596068 1.395369 -0.152341
v 0.437544 1.571068 -0.211718
v 0.315664 1.698262 -0.232577
v 0.077451 1.746516 -0.307017
v -0.120987 1.681747 -0.336740
v -0.288518 1.496514 -0.456340
v -0.309450 1.593190 -0.298380
v -0.382147 1.519072 -0.134484
v -0.451025 1.377714 0.010319
v -0.571825 1.179887 0.091722
v -0.496429 1.238101 0.164291
v -0.334654 1.271804 0.279607
v -0.166683 1.203889 0.420219
v -0.038625 1.052276 0.597466
v 0.109536 1.168176 0.500419
v 0.338381 1.180590 0.436389
v 0.510643 1.055897 0.444715
v 0.478722 1.241266 0.280749
v 0.522691 1.358792 0.108747
v 0.581103 1.388550 -0.048561
v 0.461164 1.160051 -0.118086
v 0.348244 1.271417 -0.165061
v 0.211758 1.378358 -0.121976
v 0.055263 1.394424 -0.191151
v -0.063054 1.328136 -0.261725
v -0.178886 1.237397 -0.315277
v -0.191419 1.319252 -0.197698
v -0.240822 1.291155 -0.082621
v -0.328431 1.177783 0.004453
v -0.423153 1.046637 0.057632
v -0.338532 1.110678 0.111226
v -0.211180 1.143391 0.184324
v -0.102943 1.064881 0.297739
v -0.034312 0.952079 0.417315
v 0.085337 1.049809 0.331569
v 0.249049 1.047048 0.305178
v 0.375088 0.960406 0.318074
v 0.370423 1.070474 0.208894
v 0.379966 1.170444 0.088003
v 0.444508 1.166807 -0.017496
v 0.316245 0.938313 -0.068781
v 0.239525 1.019756 -0.077438
v 0.145557 1.070186 -0.077694
v 0.064337 1.070946 -0.130938
v 0.015157 1.023777 -0.198920
v -0.086816 0.995870 -0.192875
v -0.102971 1.042346 -0.123744
v -0.144976 1.032051 -0.054390
v -0.226061 0.975491 -0.023653
v -0.261483 0.912126 0.039380
v -0.197752 0.951587 0.086374
v -0.113989 0.971893 0.126371
v -0.080279 0.915369 0.201651
v -0.018027 0.859036 0.263911
v 0.070217 0.901256 0.229866
v 0.168040 0.899297 0.212358
v 0.250120 0.848778 0.216566
v 0.281466 0.902228 0.143451
v 0.272497 0.950416 0.067642
v 0.326670 0.937246 0.008170
v 0.104277 0.116959 -0.060926
v 0.095442 0.141524 -0.094874
v 0.051052 0.153176 -0.122393
v -0.001752 0.145386 -0.137326
v -0.014961 0.102813 -0.135927
v -0.036816 0.063725 -0.120614
v -0.070091 0.050122 -0.095677
v -0.095311 0.050122 -0.060994
v -0.108206 0.050122 -0.020457
v -0.108234 0.050122 0.022438
v -0.095312 0.050122 0.063224
v -0.069419 0.057933 0.097013
v -0.042641 0.078866 0.123265
v -0.031343 0.125677 0.136253
v 0.001650 0.152859 0.136934
v 0.056783 0.153085 0.122483
v 0.089317 0.132188 0.098465
v 0.102948 0.112320 0.063052
v 0.117067 0.107685 0.022522
v 0.116410 0.108162 -0.020223
v 0.172243 0.807646 -0.016592
v 0.143281 0.829246 -0.044246
v 0.104704 0.844288 -0.060725
v 0.066982 0.844929 -0.082059
v 0.025316 0.829387 -0.094430
v -0.023827 0.826074 -0.086047
v -0.060198 0.834308 -0.064666
v -0.084655 0.832419 -0.035900
v -0.104516 0.817609 -0.005754
v -0.107843 0.807973 0.033421
v -0.091274 0.814278 0.066318
v -0.060026 0.817377 0.091951
v -0.030067 0.803725 0.119381
v 0.006918 0.787757 0.138666
v 0.053780 0.785629 0.143300
v 0.097875 0.786890 0.134253
v 0.136921 0.784095 0.117570
v 0.164398 0.788841 0.089681
v 0.179954 0.795911 0.054857
v 0.185216 0.795796 0.019359
vt 0.288043 0.740374
vt 0.281919 0.740680
vt 0.279452 0.726797
vt 0.286678 0.725892
vt 0.288001 0.754030
vt 0.284786 0.751682
vt 0.278470 0.742434
vt 0.276989 0.728741
vt 0.277226 0.712054
vt 0.287800 0.710860
vt 0.290957 0.740231
vt 0.291085 0.751475
vt 0.289875 0.771767
vt 0.282010 0.755082
vt 0.276989 0.697445
vt 0.285085 0.696027
vt 0.292127 0.754755
vt 0.278574 0.757666
vt 0.279002 0.753948
vt 0.276989 0.743829
vt 0.276989 0.683083
vt 0.281981 0.681405
vt 0.276989 0.761552
vt 0.276989 0.757638
vt 0.276989 0.766436
vt 0.276989 0.762769
vt 0.276989 0.771914
vt 0.276989 0.768768
vt 0.276989 0.777383
vt 0.276989 0.775115
vt 0.277776 0.782217
vt 0.276989 0.781150
vt 0.280288 0.786148
vt 0.278145 0.786149
vt 0.285512 0.788625
vt 0.281242 0.790034
vt 0.290694 0.789584
vt 0.288169 0.791956
vt 0.280471 0.801415
vt 0.277580 0.799972
vt 0.290257 0.803504
vt 0.285976 0.803070
vt 0.287824 0.817801
vt 0.281900 0.817132
vt 0.277267 0.814981
vt 0.288268 0.832951
vt 0.277991 0.831732
vt 0.285507 0.847856
vt 0.276989 0.846422
vt 0.282128 0.862510
vt 0.276989 0.860785
vt 0.127824 0.486874
vt 0.127824 0.465054
vt 0.142096 0.466018
vt 0.142247 0.487150
vt 0.127824 0.445177
vt 0.142255 0.446354
vt 0.127824 0.509073
vt 0.142307 0.509468
vt 0.127824 0.427306
vt 0.142201 0.428733
vt 0.127824 0.532143
vt 0.142242 0.532136
vt 0.127824 0.411864
vt 0.142254 0.413850
vt 0.127824 0.555219
vt 0.142249 0.554776
vt 0.127828 0.399286
vt 0.142255 0.401515
vt 0.127824 0.577453
vt 0.142289 0.577090
vt 0.127824 0.598986
vt 0.142235 0.597989
vt 0.127824 0.618668
vt 0.142250 0.617635
vt 0.127824 0.636664
vt 0.142188 0.634980
vt 0.127824 0.651897
vt 0.141590 0.650184
vt 0.127483 0.664725
vt 0.140191 0.662581
vt 0.106893 0.597391
vt 0.106893 0.576072
vt 0.120757 0.577177
vt 0.120916 0.598703
vt 0.106893 0.554005
vt 0.120593 0.554541
vt 0.106893 0.617089
vt 0.121124 0.618476
vt 0.106893 0.531282
vt 0.120583 0.531163
vt 0.106893 0.635157
vt 0.121254 0.636015
vt 0.106893 0.508732
vt 0.120619 0.507994
vt 0.106893 0.650662
vt 0.121342 0.651006
vt 0.106893 0.486515
vt 0.120787 0.485284
vt 0.106893 0.663702
vt 0.121348 0.663009
vt 0.106893 0.465401
vt 0.120950 0.463974
vt 0.106893 0.445575
vt 0.121142 0.444292
vt 0.106893 0.427747
vt 0.121139 0.426873
vt 0.106893 0.412177
vt 0.120159 0.411944
vt 0.106256 0.399286
vt 0.118666 0.399690
vt 0.672627 0.277421
vt 0.672627 0.251194
vt 0.686172 0.253538
vt 0.686128 0.280482
vt 0.672627 0.225122
vt 0.686336 0.226097
vt 0.700564 0.254750
vt 0.700699 0.282746
vt 0.672627 0.300006
vt 0.685744 0.304421
vt 0.672627 0.196687
vt 0.686138 0.197098
vt 0.700931 0.226813
vt 0.715392 0.256486
vt 0.715381 0.285060
vt 0.700098 0.307301
vt 0.672627 0.321139
vt 0.685462 0.326636
vt 0.672627 0.169950
vt 0.686073 0.168805
vt 0.700527 0.196542
vt 0.715628 0.227691
vt 0.730384 0.257336
vt 0.730477 0.286334
vt 0.714900 0.310210
vt 0.699965 0.330312
vt 0.672627 0.337796
vt 0.684898 0.344712
vt 0.672627 0.142424
vt 0.685665 0.140620
vt 0.700666 0.167943
vt 0.715367 0.196953
vt 0.730729 0.227986
vt 0.746206 0.258233
vt 0.746178 0.287653
vt 0.729883 0.312140
vt 0.714616 0.333844
vt 0.699156 0.349091
vt 0.672627 0.117860
vt 0.685369 0.114215
vt 0.700018 0.138306
vt 0.715362 0.167292
vt 0.730361 0.196639
vt 0.746448 0.228563
vt 0.761546 0.258391
vt 0.761582 0.287847
vt 0.745617 0.313592
vt 0.729771 0.335950
vt 0.714051 0.352921
vt 0.672627 0.094277
vt 0.684774 0.089660
vt 0.699933 0.111860
vt 0.714863 0.137385
vt 0.730464 0.166577
vt 0.746145 0.196874
vt 0.761863 0.228438
vt 0.777899 0.258563
vt 0.777858 0.288182
vt 0.761057 0.314157
vt 0.745770 0.337846
vt 0.729457 0.355802
vt 0.698921 0.364946
vt 0.713974 0.369551
vt 0.672627 0.074505
vt 0.684263 0.067847
vt 0.699058 0.085754
vt 0.714621 0.109740
vt 0.729851 0.135930
vt 0.746107 0.166346
vt 0.761480 0.196607
vt 0.778140 0.228680
vt 0.793385 0.258031
vt 0.793439 0.287328
vt 0.777784 0.314233
vt 0.761900 0.338317
vt 0.746184 0.357797
vt 0.730074 0.372645
vt 0.698379 0.064029
vt 0.713897 0.083622
vt 0.729720 0.108113
vt 0.745533 0.135483
vt 0.761479 0.165909
vt 0.777783 0.196775
vt 0.793649 0.228148
vt 0.809520 0.257377
vt 0.810011 0.286327
vt 0.794035 0.313422
vt 0.779582 0.338723
vt 0.763210 0.358984
vt 0.747677 0.375497
vt 0.682972 0.049294
vt 0.695532 0.043559
vt 0.711989 0.060429
vt 0.728358 0.081123
vt 0.745295 0.107100
vt 0.760859 0.134795
vt 0.777693 0.166022
vt 0.793235 0.196498
vt 0.809750 0.227973
vt 0.824562 0.255975
vt 0.825941 0.283884
vt 0.811596 0.311915
vt 0.797005 0.337690
vt 0.782255 0.359438
vt 0.765997 0.376875
vt 0.680960 0.033954
vt 0.692703 0.027875
vt 0.708056 0.039585
vt 0.725371 0.057606
vt 0.743039 0.079920
vt 0.760402 0.106386
vt 0.777082 0.134892
vt 0.793154 0.165835
vt 0.809340 0.196601
vt 0.824752 0.226912
vt 0.839898 0.253973
vt 0.842416 0.280995
vt 0.828649 0.309403
vt 0.815953 0.336397
vt 0.801148 0.359010
vt 0.786685 0.378107
vt 0.704012 0.022097
vt 0.720136 0.035207
vt 0.738905 0.055224
vt 0.757141 0.078619
vt 0.776133 0.106316
vt 0.792517 0.134832
vt 0.809235 0.166292
vt 0.824419 0.196309
vt 0.839817 0.226138
vt 0.854073 0.250959
vt 0.857841 0.276305
vt 0.846689 0.305783
vt 0.834328 0.333489
vt 0.822016 0.357559
vt 0.807579 0.377693
vt 0.715073 0.017163
vt 0.732599 0.032061
vt 0.752077 0.053391
vt 0.772088 0.078325
vt 0.790984 0.106444
vt 0.808437 0.135594
vt 0.824282 0.166380
vt 0.839547 0.196286
vt 0.853083 0.224323
vt 0.867441 0.246785
vt 0.872807 0.270668
vt 0.863985 0.300823
vt 0.853869 0.329994
vt 0.842292 0.355083
vt 0.830740 0.376740
vt 0.726501 0.012428
vt 0.744695 0.028845
vt 0.766151 0.052101
vt 0.786389 0.078091
vt 0.806532 0.107382
vt 0.823391 0.136326
vt 0.839640 0.167248
vt 0.853308 0.195979
vt 0.865395 0.222369
vt 0.879361 0.241629
vt 0.885793 0.263352
vt 0.881152 0.293911
vt 0.873066 0.324504
vt 0.864038 0.351194
vt 0.853645 0.373808
vt 0.737629 0.008489
vt 0.757755 0.026726
vt 0.779750 0.051449
vt 0.801497 0.079026
vt 0.821197 0.108476
vt 0.838470 0.137848
vt 0.853475 0.167725
vt 0.865627 0.195622
vt 0.875179 0.218822
vt 0.889447 0.235309
vt 0.896814 0.255410
vt 0.896919 0.285608
vt 0.892772 0.317618
vt 0.884763 0.346225
vt 0.878174 0.369930
vt 0.749659 0.005010
vt 0.770466 0.025005
vt 0.794363 0.051834
vt 0.816025 0.080280
vt 0.836281 0.110641
vt 0.852683 0.139589
vt 0.866834 0.169386
vt 0.875316 0.194721
vt 0.883016 0.214736
vt 0.896861 0.228434
vt 0.904451 0.246782
vt 0.909488 0.275812
vt 0.910897 0.307903
vt 0.904990 0.339294
vt 0.900669 0.363704
vt 0.761442 0.002830
vt 0.784224 0.024988
vt 0.808373 0.053128
vt 0.831032 0.083010
vt 0.850185 0.112905
vt 0.866135 0.141945
vt 0.877640 0.170350
vt 0.918271 0.265579
vt 0.925136 0.296499
vt 0.923108 0.328802
vt 0.922885 0.355809
vt 0.891697 0.383215
vt 0.916402 0.376347
vt 0.774311 0.001947
vt 0.797671 0.025921
vt 0.823211 0.056225
vt 0.844899 0.086667
vt 0.863991 0.116725
vt 0.877330 0.145622
vt 0.931917 0.285023
vt 0.940120 0.342470
vt 0.939369 0.365549
vt 0.786939 0.002910
vt 0.811967 0.029398
vt 0.836805 0.060817
vt 0.857610 0.092286
vt 0.875148 0.121737
vt 0.919140 0.314279
vt 0.947379 0.323723
vt 0.956425 0.350991
vt 0.800915 0.006271
vt 0.825629 0.034829
vt 0.849245 0.068252
vt 0.967908 0.331706
vt 0.946222 0.305670
vt 0.970580 0.311221
vt 0.937678 0.291395
vt 0.962698 0.291303
vt 0.367698 0.126225
vt 0.368524 0.099363
vt 0.382317 0.096973
vt 0.381258 0.124868
vt 0.369131 0.074916
vt 0.382758 0.070628
vt 0.396831 0.095045
vt 0.395948 0.123496
vt 0.367526 0.153458
vt 0.381242 0.153297
vt 0.369943 0.053315
vt 0.383804 0.049136
vt 0.397422 0.068992
vt 0.411835 0.094069
vt 0.410763 0.123236
vt 0.395784 0.152503
vt 0.366904 0.182153
vt 0.380486 0.181562
vt 0.370618 0.034809
vt 0.384430 0.029173
vt 0.398468 0.046214
vt 0.412399 0.066996
vt 0.427404 0.093159
vt 0.426359 0.122321
vt 0.410720 0.152557
vt 0.395129 0.182502
vt 0.366753 0.211068
vt 0.380453 0.212409
vt 0.399504 0.026313
vt 0.413940 0.044360
vt 0.428415 0.066481
vt 0.442806 0.092951
vt 0.441618 0.122611
vt 0.426350 0.152262
vt 0.409962 0.182272
vt 0.394965 0.213379
vt 0.366641 0.238585
vt 0.380121 0.240219
vt 0.415414 0.023341
vt 0.430585 0.043089
vt 0.444457 0.065787
vt 0.459478 0.093165
vt 0.457959 0.122259
vt 0.441706 0.152450
vt 0.425690 0.183015
vt 0.409907 0.213951
vt 0.394784 0.242173
vt 0.366857 0.265170
vt 0.380526 0.268361
vt 0.400984 0.010077
vt 0.417621 0.007005
vt 0.433053 0.021922
vt 0.447625 0.042479
vt 0.462041 0.066486
vt 0.475755 0.094128
vt 0.473534 0.123256
vt 0.458006 0.152535
vt 0.440901 0.182870
vt 0.425554 0.214830
vt 0.409586 0.243163
vt 0.395035 0.270623
vt 0.367069 0.289231
vt 0.380515 0.292851
vt 0.436144 0.004484
vt 0.451241 0.020460
vt 0.466454 0.042610
vt 0.479475 0.067186
vt 0.493287 0.095682
vt 0.490236 0.123821
vt 0.473637 0.152983
vt 0.457375 0.183541
vt 0.440904 0.215073
vt 0.425301 0.244414
vt 0.409961 0.272088
vt 0.395179 0.295798
vt 0.367613 0.311155
vt 0.381279 0.315959
vt 0.455681 0.002831
vt 0.471896 0.020453
vt 0.485622 0.043534
vt 0.498505 0.069423
vt 0.510609 0.097918
vt 0.506237 0.125831
vt 0.489952 0.153494
vt 0.472891 0.183404
vt 0.457270 0.215660
vt 0.440576 0.244942
vt 0.425569 0.273733
vt 0.409979 0.297781
vt 0.395791 0.319326
vt 0.368142 0.329394
vt 0.381216 0.334803
vt 0.478024 0.001947
vt 0.493150 0.020750
vt 0.506857 0.045525
vt 0.517587 0.071726
vt 0.529360 0.100929
vt 0.523486 0.127489
vt 0.505351 0.154190
vt 0.489371 0.184017
vt 0.472906 0.215471
vt 0.456987 0.245527
vt 0.440946 0.274400
vt 0.425675 0.299616
vt 0.410072 0.321691
vt 0.394677 0.338894
vt 0.501558 0.002224
vt 0.517170 0.022913
vt 0.528288 0.048351
vt 0.537885 0.075672
vt 0.547607 0.104613
vt 0.540159 0.130603
vt 0.521291 0.155327
vt 0.504702 0.183900
vt 0.489328 0.215652
vt 0.472583 0.245340
vt 0.457245 0.275154
vt 0.440655 0.300709
vt 0.424563 0.324278
vt 0.407733 0.342349
vt 0.380447 0.351266
vt 0.392497 0.356524
vt 0.528057 0.003902
vt 0.541194 0.025633
vt 0.550967 0.052588
vt 0.558287 0.080178
vt 0.566557 0.109528
vt 0.557503 0.133647
vt 0.536667 0.156661
vt 0.520453 0.184396
vt 0.504704 0.214957
vt 0.489014 0.245100
vt 0.472902 0.274732
vt 0.456431 0.301476
vt 0.438680 0.325755
vt 0.421139 0.345565
vt 0.404446 0.360749
vt 0.554695 0.007025
vt 0.566639 0.030534
vt 0.572766 0.057888
vt 0.578789 0.086767
vt 0.583940 0.115434
vt 0.573761 0.138102
vt 0.552172 0.159005
vt 0.534865 0.184358
vt 0.520429 0.214603
vt 0.504435 0.244132
vt 0.489079 0.274351
vt 0.471378 0.301353
vt 0.453506 0.327286
vt 0.434179 0.348235
vt 0.416561 0.365379
vt 0.582340 0.012253
vt 0.590550 0.036572
vt 0.594287 0.065537
vt 0.597292 0.095605
vt 0.598019 0.124050
vt 0.587380 0.142759
vt 0.566715 0.161362
vt 0.548769 0.184755
vt 0.534568 0.213244
vt 0.520153 0.242872
vt 0.504229 0.272729
vt 0.487066 0.300753
vt 0.467809 0.327405
vt 0.448093 0.350403
vt 0.428603 0.368836
vt 0.608058 0.019278
vt 0.613090 0.045329
vt 0.613948 0.075777
vt 0.612136 0.106611
vt 0.580405 0.164829
vt 0.561001 0.185150
vt 0.548025 0.212151
vt 0.534352 0.240813
vt 0.519612 0.270992
vt 0.501959 0.299270
vt 0.482983 0.327368
vt 0.461718 0.351547
vt 0.441444 0.372341
vt 0.631485 0.029423
vt 0.630721 0.057453
vt 0.627730 0.089388
vt 0.620249 0.119654
vt 0.602147 0.134892
vt 0.571292 0.185570
vt 0.559106 0.209893
vt 0.547310 0.237877
vt 0.533705 0.267783
vt 0.517160 0.297106
vt 0.497633 0.325711
vt 0.476241 0.351806
vt 0.454176 0.374043
vt 0.422940 0.385028
vt 0.434780 0.389077
vt 0.649623 0.042798
vt 0.635954 0.073354
vt 0.633812 0.103849
vt 0.567906 0.207731
vt 0.557714 0.234264
vt 0.546832 0.263817
vt 0.531449 0.293975
vt 0.512963 0.323698
vt 0.490536 0.350810
vt 0.467896 0.375221
vt 0.446566 0.391903
vt 0.662021 0.061346
vt 0.557445 0.258358
vt 0.545490 0.289386
vt 0.527242 0.319910
vt 0.505621 0.348424
vt 0.481580 0.374124
vt 0.459358 0.393189
vt 0.664865 0.081225
vt 0.634733 0.088796
vt 0.557665 0.283577
vt 0.541456 0.315570
vt 0.520321 0.344542
vt 0.496305 0.371931
vt 0.472338 0.392775
vt 0.554960 0.309595
vt 0.534293 0.338588
vt 0.510820 0.366769
vt 0.546722 0.330937
vt 0.931686 0.755704
vt 0.952197 0.766943
vt 0.948456 0.786341
vt 0.928687 0.773541
vt 0.933446 0.736952
vt 0.953796 0.746093
vt 0.942214 0.803339
vt 0.925911 0.790796
vt 0.934977 0.718028
vt 0.952088 0.724236
vt 0.934379 0.817512
vt 0.921589 0.806298
vt 0.924699 0.828323
vt 0.915458 0.819586
vt 0.914027 0.836579
vt 0.906248 0.829126
vt 0.902718 0.843372
vt 0.898141 0.838945
vt 0.890674 0.847825
vt 0.888960 0.847532
vt 0.792903 0.749144
vt 0.810596 0.764704
vt 0.799827 0.774442
vt 0.784199 0.759154
vt 0.800997 0.738911
vt 0.820123 0.756275
vt 0.824631 0.783279
vt 0.816061 0.788212
vt 0.789998 0.783261
vt 0.776780 0.769360
vt 0.808238 0.728068
vt 0.826912 0.748576
vt 0.830160 0.777231
vt 0.831213 0.800198
vt 0.824225 0.803397
vt 0.804209 0.793622
vt 0.779980 0.790945
vt 0.769716 0.779283
vt 0.817025 0.718028
vt 0.828086 0.740969
vt 0.814237 0.806725
vt 0.791463 0.798817
vt 0.769648 0.797358
vt 0.762651 0.788099
vt 0.831343 0.817448
vt 0.821599 0.819073
vt 0.801534 0.809808
vt 0.778937 0.804254
vt 0.758722 0.803242
vt 0.753140 0.794858
vt 0.838487 0.831147
vt 0.827316 0.831057
vt 0.808564 0.820506
vt 0.787841 0.813130
vt 0.766538 0.809588
vt 0.748843 0.808384
vt 0.746133 0.803119
vt 0.838759 0.844562
vt 0.826002 0.842349
vt 0.812600 0.830755
vt 0.793729 0.822142
vt 0.773315 0.816264
vt 0.754042 0.813938
vt 0.740051 0.814329
vt 0.739801 0.810945
vt 0.810449 0.840015
vt 0.796017 0.830667
vt 0.778230 0.824042
vt 0.758611 0.819197
vt 0.741986 0.817644
vt 0.793191 0.837753
vt 0.778402 0.830543
vt 0.761172 0.825155
vt 0.743998 0.821688
vt 0.775024 0.834989
vt 0.761351 0.830086
vt 0.745742 0.825607
vt 0.736942 0.825238
vt 0.737264 0.821894
vt 0.786408 0.843761
vt 0.771505 0.841596
vt 0.759224 0.833955
vt 0.745342 0.829368
vt 0.738311 0.827047
vt 0.792192 0.852637
vt 0.774127 0.849882
vt 0.757306 0.839481
vt 0.744309 0.832881
vt 0.737787 0.829984
vt 0.800180 0.845842
vt 0.810522 0.855149
vt 0.759381 0.845341
vt 0.744701 0.837253
vt 0.774649 0.943240
vt 0.758870 0.958730
vt 0.750649 0.945109
vt 0.764810 0.930256
vt 0.780344 0.959955
vt 0.769271 0.971300
vt 0.742633 0.932131
vt 0.754245 0.919873
vt 0.779555 0.932421
vt 0.773083 0.918883
vt 0.735823 0.918453
vt 0.742825 0.910969
vt 0.764051 0.908336
vt 0.728236 0.907191
vt 0.733261 0.901311
vt 0.752514 0.900760
vt 0.722055 0.895754
vt 0.724999 0.892192
vt 0.741144 0.893630
vt 0.765709 0.901319
vt 0.758224 0.892874
vt 0.715495 0.885663
vt 0.717203 0.883240
vt 0.730391 0.886542
vt 0.747555 0.886070
vt 0.774557 0.890124
vt 0.764131 0.883978
vt 0.720246 0.880665
vt 0.735482 0.880805
vt 0.752344 0.878978
vt 0.783132 0.898077
vt 0.772119 0.911494
vt 0.711579 0.874283
vt 0.713871 0.874368
vt 0.723957 0.875995
vt 0.738755 0.875402
vt 0.790192 0.907697
vt 0.777200 0.923650
vt 0.713300 0.871404
vt 0.726380 0.872433
vt 0.752409 0.873488
vt 0.738968 0.871294
vt 0.794970 0.920231
vt 0.782891 0.937184
vt 0.715891 0.870309
vt 0.726020 0.869274
vt 0.714125 0.867672
vt 0.352084 0.766051
vt 0.343210 0.761614
vt 0.349392 0.737835
vt 0.356985 0.740873
vt 0.345034 0.792283
vt 0.335343 0.786184
vt 0.355570 0.715740
vt 0.360993 0.718187
vt 0.334939 0.818150
vt 0.324855 0.810148
vt 0.343420 0.732425
vt 0.350934 0.711207
vt 0.360773 0.696048
vt 0.364572 0.699190
vt 0.363032 0.742090
vt 0.365648 0.718922
vt 0.322042 0.841807
vt 0.312259 0.832554
vt 0.358246 0.693567
vt 0.368864 0.681405
vt 0.368226 0.684744
vt 0.368569 0.699143
vt 0.305698 0.861486
vt 0.298428 0.853070
vt 0.366395 0.682444
vt 0.370661 0.681839
vt 0.684572 0.798557
vt 0.673358 0.803654
vt 0.665309 0.785304
vt 0.674244 0.780068
vt 0.695117 0.818409
vt 0.681921 0.817693
vt 0.663637 0.813781
vt 0.656846 0.792180
vt 0.657789 0.765211
vt 0.665085 0.760608
vt 0.671744 0.832714
vt 0.653316 0.811888
vt 0.648191 0.792420
vt 0.651162 0.771103
vt 0.651236 0.747321
vt 0.656132 0.744330
vt 0.691067 0.827433
vt 0.681708 0.847884
vt 0.659230 0.829228
vt 0.643274 0.806302
vt 0.639818 0.788023
vt 0.643897 0.772039
vt 0.645903 0.751207
vt 0.645172 0.729765
vt 0.648295 0.728609
vt 0.701772 0.835705
vt 0.691822 0.857857
vt 0.666795 0.842606
vt 0.647492 0.821747
vt 0.633563 0.798486
vt 0.632150 0.781007
vt 0.637228 0.768892
vt 0.640221 0.751751
vt 0.641170 0.733745
vt 0.637292 0.718028
vt 0.640325 0.719206
vt 0.714563 0.842373
vt 0.703103 0.863677
vt 0.636049 0.814033
vt 0.631699 0.763125
vt 0.635641 0.749684
vt 0.637028 0.733382
vt 0.637162 0.720424
vt 0.729150 0.847401
vt 0.714663 0.863680
vt 0.632220 0.745798
vt 0.634517 0.732925
vt 0.633977 0.718317
vt 0.613088 0.793781
vt 0.622917 0.786097
vt 0.623785 0.790007
vt 0.615246 0.797960
vt 0.611006 0.790080
vt 0.620150 0.784983
vt 0.620962 0.800960
vt 0.625397 0.790290
vt 0.610279 0.785528
vt 0.621056 0.781246
vt 0.611491 0.812107
vt 0.610260 0.807623
vt 0.625509 0.794079
vt 0.623650 0.804488
vt 0.610260 0.780986
vt 0.618848 0.778961
vt 0.614831 0.816222
vt 0.610260 0.776041
vt 0.620291 0.775794
vt 0.624776 0.806037
vt 0.620682 0.819586
vt 0.610260 0.771137
vt 0.618778 0.772636
vt 0.611815 0.832720
vt 0.610260 0.829045
vt 0.610260 0.766500
vt 0.620552 0.770331
vt 0.622902 0.821637
vt 0.620710 0.836339
vt 0.610260 0.761866
vt 0.619464 0.766639
vt 0.613400 0.850140
vt 0.610260 0.847198
vt 0.611829 0.758191
vt 0.621829 0.765431
vt 0.613171 0.754106
vt 0.622403 0.761399
vt 0.617483 0.751031
vt 0.624668 0.761497
vt 0.622340 0.747582
vt 0.625496 0.757845
vt 0.610260 0.744160
vt 0.610260 0.739793
vt 0.613509 0.735872
vt 0.624636 0.746239
vt 0.620274 0.732649
vt 0.610260 0.722781
vt 0.611834 0.718969
vt 0.623230 0.730412
vt 0.621180 0.715578
vt 0.610260 0.704643
vt 0.614633 0.701474
vt 0.548983 0.537471
vt 0.547527 0.532918
vt 0.560608 0.526608
vt 0.563039 0.533154
vt 0.544880 0.529218
vt 0.556948 0.520731
vt 0.574070 0.520067
vt 0.577475 0.528714
vt 0.550707 0.542013
vt 0.564548 0.540017
vt 0.543448 0.525039
vt 0.552475 0.515375
vt 0.569418 0.512105
vt 0.587651 0.513463
vt 0.592023 0.524249
vt 0.579527 0.537781
vt 0.550507 0.546957
vt 0.565010 0.547060
vt 0.563510 0.504973
vt 0.581872 0.503345
vt 0.601056 0.506759
vt 0.606043 0.519683
vt 0.594376 0.535659
vt 0.580111 0.547080
vt 0.550663 0.551862
vt 0.564420 0.554133
vt 0.547257 0.510891
vt 0.556633 0.498836
vt 0.574385 0.494492
vt 0.593960 0.494870
vt 0.614558 0.500198
vt 0.620339 0.515206
vt 0.609144 0.533174
vt 0.595342 0.547208
vt 0.579371 0.556407
vt 0.548933 0.556498
vt 0.562839 0.560947
vt 0.542530 0.506776
vt 0.548608 0.493953
vt 0.565609 0.486691
vt 0.585289 0.484224
vt 0.606212 0.486242
vt 0.628083 0.493547
vt 0.634698 0.510692
vt 0.623984 0.531025
vt 0.610124 0.547050
vt 0.594207 0.558715
vt 0.577191 0.565449
vt 0.547503 0.561132
vt 0.560146 0.567447
vt 0.555825 0.480581
vt 0.574992 0.475160
vt 0.596070 0.473792
vt 0.618542 0.477607
vt 0.641848 0.487209
vt 0.649269 0.506577
vt 0.638837 0.528549
vt 0.625118 0.547022
vt 0.609031 0.560910
vt 0.591765 0.570031
vt 0.573757 0.574061
vt 0.544510 0.564807
vt 0.556647 0.573409
vt 0.540281 0.490279
vt 0.545393 0.475800
vt 0.563508 0.467689
vt 0.584005 0.463166
vt 0.607003 0.463427
vt 0.630664 0.468530
vt 0.655367 0.480153
vt 0.663814 0.501973
vt 0.653891 0.526904
vt 0.640179 0.547097
vt 0.623866 0.563192
vt 0.605851 0.574389
vt 0.587242 0.580708
vt 0.568984 0.582033
vt 0.542243 0.568892
vt 0.551992 0.578838
vt 0.550979 0.462096
vt 0.570609 0.454446
vt 0.593126 0.451173
vt 0.617961 0.452967
vt 0.643495 0.460276
vt 0.668900 0.524172
vt 0.655320 0.546644
vt 0.638725 0.565704
vt 0.620144 0.578888
vt 0.600708 0.587276
vt 0.581418 0.590806
vt 0.563028 0.589152
vt 0.534996 0.472858
vt 0.537709 0.458583
vt 0.556122 0.448029
vt 0.577857 0.441230
vt 0.601930 0.438842
vt 0.628967 0.442405
vt 0.670564 0.547242
vt 0.653683 0.568124
vt 0.634481 0.583482
vt 0.614176 0.593898
vt 0.593665 0.599142
vt 0.573905 0.599645
vt 0.546669 0.583205
vt 0.556108 0.595312
vt 0.524522 0.471262
vt 0.525203 0.456640
vt 0.540841 0.443928
vt 0.560932 0.433779
vt 0.585066 0.427888
vt 0.611503 0.426963
vt 0.668779 0.570318
vt 0.649033 0.587673
vt 0.627607 0.600732
vt 0.605949 0.607731
vt 0.584960 0.609775
vt 0.565232 0.607434
vt 0.541548 0.587127
vt 0.548172 0.600217
vt 0.535348 0.486659
vt 0.524536 0.486096
vt 0.525065 0.442660
vt 0.543329 0.429096
vt 0.565393 0.419297
vt 0.592192 0.414385
vt 0.663490 0.592552
vt 0.641160 0.607506
vt 0.618253 0.616411
vt 0.595776 0.620195
vt 0.574668 0.618882
vt 0.555405 0.613604
vt 0.532293 0.501361
vt 0.525418 0.501127
vt 0.512717 0.458318
vt 0.509303 0.443778
vt 0.524937 0.427606
vt 0.545855 0.414150
vt 0.570711 0.404970
vt 0.654924 0.614085
vt 0.630879 0.624776
vt 0.606503 0.630789
vt 0.583764 0.630830
vt 0.563204 0.626437
vt 0.539838 0.604029
vt 0.544884 0.618355
vt 0.529512 0.515466
vt 0.525390 0.515609
vt 0.499524 0.462082
vt 0.494113 0.448134
vt 0.506848 0.428978
vt 0.524309 0.412457
vt 0.548150 0.399046
vt 0.643206 0.633767
vt 0.617393 0.641332
vt 0.592863 0.642852
vt 0.570486 0.639592
vt 0.550659 0.632048
vt 0.535364 0.516962
vt 0.539517 0.503412
vt 0.516525 0.472680
vt 0.505467 0.475594
vt 0.487051 0.467810
vt 0.479725 0.454736
vt 0.489144 0.433949
vt 0.504292 0.414072
vt 0.524537 0.397181
vt 0.628525 0.651763
vt 0.602349 0.654675
vt 0.577358 0.653039
vt 0.556052 0.646071
vt 0.535109 0.621525
vt 0.537388 0.635569
vt 0.529836 0.529990
vt 0.527013 0.526710
vt 0.519804 0.487290
vt 0.510702 0.489916
vt 0.494979 0.480509
vt 0.475663 0.475442
vt 0.466494 0.463631
vt 0.472591 0.441486
vt 0.483596 0.419873
vt 0.501215 0.399120
vt 0.611349 0.666996
vt 0.584526 0.666452
vt 0.560824 0.660419
vt 0.540815 0.650238
vt 0.524471 0.623092
vt 0.525192 0.637746
vt 0.540908 0.518510
vt 0.534826 0.528920
vt 0.522596 0.502033
vt 0.516189 0.503976
vt 0.502244 0.493650
vt 0.485171 0.486722
vt 0.465506 0.484683
vt 0.454621 0.474423
vt 0.457224 0.451811
vt 0.465340 0.428200
vt 0.478541 0.405485
vt 0.591956 0.679824
vt 0.566293 0.674664
vt 0.543027 0.665240
vt 0.525046 0.651585
vt 0.524473 0.608186
vt 0.535574 0.607420
vt 0.525155 0.547002
vt 0.536462 0.532709
vt 0.509727 0.506768
vt 0.494492 0.498777
vt 0.476669 0.494626
vt 0.456899 0.495379
vt 0.444601 0.486927
vt 0.443746 0.464064
vt 0.447604 0.440149
vt 0.457456 0.415147
vt 0.570951 0.689308
vt 0.545527 0.680326
vt 0.524917 0.666750
vt 0.512861 0.636020
vt 0.509267 0.650570
vt 0.525336 0.593036
vt 0.532921 0.592586
vt 0.541395 0.532991
vt 0.540171 0.536902
vt 0.521098 0.517669
vt 0.516505 0.519064
vt 0.503757 0.510606
vt 0.487550 0.504976
vt 0.469158 0.503511
vt 0.449948 0.507235
vt 0.436471 0.500806
vt 0.432208 0.478501
vt 0.432754 0.453695
vt 0.438146 0.428187
vt 0.548230 0.695510
vt 0.525502 0.682060
vt 0.506590 0.665438
vt 0.499609 0.632313
vt 0.494066 0.646262
vt 0.524054 0.578740
vt 0.529920 0.578671
vt 0.542702 0.538015
vt 0.541928 0.541753
vt 0.512638 0.522172
vt 0.498581 0.515279
vt 0.481691 0.512191
vt 0.463455 0.513601
vt 0.444871 0.520077
vt 0.430612 0.515734
vt 0.423011 0.494226
vt 0.419559 0.470282
vt 0.421247 0.443692
vt 0.524904 0.697482
vt 0.503960 0.680481
vt 0.489150 0.660552
vt 0.505596 0.618758
vt 0.516854 0.621657
vt 0.487094 0.626648
vt 0.479721 0.639723
vt 0.524454 0.564819
vt 0.527516 0.567292
vt 0.535709 0.576759
vt 0.539254 0.590349
vt 0.544497 0.544037
vt 0.542634 0.547204
vt 0.521825 0.529183
vt 0.520671 0.532901
vt 0.508489 0.524970
vt 0.494039 0.520738
vt 0.476890 0.520194
vt 0.458931 0.524314
vt 0.441748 0.533541
vt 0.426979 0.531410
vt 0.416299 0.511385
vt 0.409448 0.487645
vt 0.406914 0.461760
vt 0.501221 0.695660
vt 0.484545 0.675100
vt 0.472427 0.652946
vt 0.510760 0.604482
vt 0.519750 0.606968
vt 0.495060 0.613945
vt 0.475672 0.619085
vt 0.466569 0.630975
vt 0.530694 0.563880
vt 0.544594 0.550362
vt 0.541763 0.552668
vt 0.516901 0.532873
vt 0.505991 0.529059
vt 0.490495 0.526736
vt 0.473501 0.528842
vt 0.456525 0.535649
vt 0.440721 0.547332
vt 0.425816 0.547411
vt 0.412190 0.529122
vt 0.401812 0.507293
vt 0.395514 0.481458
vt 0.478722 0.689344
vt 0.465092 0.666265
vt 0.457373 0.642876
vt 0.516234 0.590216
vt 0.521336 0.592367
vt 0.502198 0.600725
vt 0.485167 0.607745
vt 0.465517 0.609877
vt 0.454739 0.620280
vt 0.536844 0.561501
vt 0.535674 0.565153
vt 0.539883 0.575417
vt 0.542505 0.556359
vt 0.539548 0.557567
vt 0.516925 0.536787
vt 0.502962 0.532940
vt 0.487826 0.533308
vt 0.471310 0.537918
vt 0.455402 0.547226
vt 0.441758 0.561115
vt 0.427015 0.563446
vt 0.410861 0.547461
vt 0.397310 0.526854
vt 0.387246 0.502777
vt 0.457474 0.679563
vt 0.448439 0.655089
vt 0.443710 0.630501
vt 0.509547 0.587570
vt 0.494388 0.595626
vt 0.476585 0.599794
vt 0.456915 0.599209
vt 0.444687 0.607803
vt 0.540488 0.561599
vt 0.513169 0.538005
vt 0.501724 0.537661
vt 0.486243 0.540101
vt 0.470668 0.547183
vt 0.456505 0.558764
vt 0.444887 0.574569
vt 0.430663 0.579062
vt 0.412203 0.565612
vt 0.395820 0.547847
vt 0.382196 0.524844
vt 0.438520 0.666672
vt 0.432708 0.640878
vt 0.432332 0.616321
vt 0.516455 0.575207
vt 0.520445 0.576650
vt 0.503706 0.583682
vt 0.487473 0.589465
vt 0.469119 0.590919
vt 0.449972 0.587367
vt 0.436570 0.593990
vt 0.514377 0.541671
vt 0.499999 0.542281
vt 0.485674 0.547156
vt 0.471297 0.556492
vt 0.458913 0.570144
vt 0.416370 0.583511
vt 0.397313 0.567832
vt 0.380573 0.547567
vt 0.421398 0.651102
vt 0.420140 0.625231
vt 0.423034 0.600446
vt 0.512581 0.572130
vt 0.498456 0.579021
vt 0.481636 0.582190
vt 0.463416 0.580827
vt 0.511261 0.544003
vt 0.500226 0.547146
vt 0.486224 0.554122
vt 0.473464 0.565527
vt 0.402108 0.588361
vt 0.382239 0.570117
vt 0.407185 0.633274
vt 0.409446 0.607002
vt 0.520325 0.561383
vt 0.520963 0.565269
vt 0.508537 0.569355
vt 0.493976 0.573596
vt 0.476858 0.574207
vt 0.513531 0.547150
vt 0.499995 0.552071
vt 0.487801 0.561012
vt 0.387386 0.592334
vt 0.395632 0.613449
vt 0.517000 0.561385
vt 0.505861 0.565247
vt 0.490421 0.567519
vt 0.511257 0.550350
vt 0.501664 0.556625
vt 0.516976 0.557452
vt 0.502968 0.561405
vt 0.514407 0.552618
vt 0.513169 0.556385
vt 0.306688 0.117445
vt 0.294981 0.097780
vt 0.307451 0.089134
vt 0.320337 0.110822
vt 0.280425 0.080160
vt 0.291501 0.069779
vt 0.313817 0.084208
vt 0.328086 0.107498
vt 0.315067 0.138577
vt 0.329561 0.134227
vt 0.263492 0.065276
vt 0.272621 0.053061
vt 0.297356 0.064322
vt 0.325564 0.076508
vt 0.340846 0.100955
vt 0.337499 0.131827
vt 0.320411 0.160895
vt 0.335323 0.158494
vt 0.244176 0.052941
vt 0.251554 0.039488
vt 0.276855 0.046731
vt 0.307336 0.054906
vt 0.351518 0.127817
vt 0.343784 0.157782
vt 0.321988 0.183563
vt 0.337089 0.183617
vt 0.223098 0.043906
vt 0.227993 0.029287
vt 0.255026 0.032790
vt 0.285324 0.036401
vt 0.358149 0.155050
vt 0.345570 0.183189
vt 0.320216 0.206202
vt 0.335123 0.208728
vt 0.200496 0.038158
vt 0.203253 0.022950
vt 0.261422 0.021515
vt 0.360371 0.183745
vt 0.343456 0.210190
vt 0.314844 0.228517
vt 0.329310 0.232930
vt 0.177402 0.036209
vt 0.177339 0.020785
vt 0.230033 0.022281
vt 0.234721 0.010683
vt 0.358103 0.212660
vt 0.337220 0.235200
vt 0.306331 0.249415
vt 0.319858 0.256266
vt 0.154159 0.037899
vt 0.151829 0.022718
vt 0.177535 0.013221
vt 0.204749 0.015657
vt 0.207158 0.003961
vt 0.351235 0.240177
vt 0.327088 0.259986
vt 0.294470 0.269062
vt 0.306986 0.277654
vt 0.131777 0.043348
vt 0.126864 0.029004
vt 0.151257 0.014512
vt 0.178242 0.001947
vt 0.340283 0.266762
vt 0.313473 0.281929
vt 0.280019 0.286406
vt 0.290869 0.297080
vt 0.110450 0.052167
vt 0.103638 0.038892
vt 0.124424 0.020340
vt 0.149972 0.003931
vt 0.325254 0.290823
vt 0.296287 0.302447
vt 0.262989 0.301610
vt 0.272207 0.313681
vt 0.090834 0.064170
vt 0.081926 0.052539
vt 0.099588 0.029558
vt 0.121976 0.010807
vt 0.306673 0.312747
vt 0.276614 0.319228
vt 0.244277 0.314008
vt 0.251282 0.327655
vt 0.072984 0.079161
vt 0.062809 0.069147
vt 0.075452 0.043514
vt 0.095882 0.021362
vt 0.284981 0.330986
vt 0.254126 0.333669
vt 0.223317 0.323520
vt 0.228395 0.338184
vt 0.057720 0.096700
vt 0.046402 0.088752
vt 0.054594 0.060171
vt 0.071273 0.036598
vt 0.260824 0.346324
vt 0.201134 0.329530
vt 0.203516 0.345007
vt 0.045326 0.116474
vt 0.033370 0.110371
vt 0.035907 0.081304
vt 0.290235 0.336395
vt 0.264844 0.352858
vt 0.230400 0.343937
vt 0.234876 0.357438
vt 0.204411 0.351122
vt 0.177792 0.331652
vt 0.177838 0.347305
vt 0.036224 0.137999
vt 0.023796 0.134037
vt 0.021446 0.103889
vt 0.238869 0.365003
vt 0.206974 0.364896
vt 0.178307 0.353599
vt 0.154545 0.330079
vt 0.151781 0.345418
vt 0.030677 0.160636
vt 0.018012 0.158586
vt 0.010468 0.130116
vt 0.208925 0.372984
vt 0.178403 0.367125
vt 0.151006 0.352367
vt 0.131791 0.324514
vt 0.126832 0.339033
vt 0.028894 0.184014
vt 0.016135 0.184036
vt 0.004015 0.156188
vt 0.241315 0.370951
vt 0.210880 0.379982
vt 0.179630 0.375773
vt 0.149295 0.365258
vt 0.125298 0.346799
vt 0.110430 0.315487
vt 0.103302 0.328675
vt 0.030837 0.207183
vt 0.018114 0.209168
vt 0.001992 0.184623
vt 0.244652 0.376579
vt 0.212921 0.385957
vt 0.179795 0.382550
vt 0.148328 0.373224
vt 0.121451 0.358372
vt 0.099594 0.337187
vt 0.090925 0.303232
vt 0.082201 0.314959
vt 0.036588 0.229892
vt 0.024081 0.233942
vt 0.004156 0.211360
vt 0.180890 0.389276
vt 0.147594 0.380340
vt 0.119758 0.366222
vt 0.094636 0.347356
vt 0.076898 0.323980
vt 0.073485 0.288304
vt 0.063134 0.298233
vt 0.045751 0.251203
vt 0.033636 0.257245
vt 0.011273 0.238887
vt 0.214715 0.392248
vt 0.181414 0.395294
vt 0.147263 0.386514
vt 0.117442 0.372299
vt 0.091524 0.353435
vt 0.070861 0.332016
vt 0.054997 0.306805
vt 0.058261 0.270885
vt 0.046880 0.278972
vt 0.021813 0.263451
vt 0.146722 0.392794
vt 0.116023 0.378594
vt 0.088495 0.359213
vt 0.048779 0.313463
vt 0.037266 0.287033
vt 0.482889 0.707601
vt 0.492188 0.736423
vt 0.472964 0.741483
vt 0.464340 0.714086
vt 0.496264 0.701474
vt 0.507843 0.732610
vt 0.499054 0.768362
vt 0.479575 0.770627
vt 0.452161 0.747173
vt 0.444461 0.721968
vt 0.515129 0.765885
vt 0.502563 0.801450
vt 0.483009 0.801910
vt 0.458585 0.774351
vt 0.431597 0.753494
vt 0.424714 0.730115
vt 0.518530 0.801466
vt 0.501350 0.834438
vt 0.481901 0.832268
vt 0.462167 0.802302
vt 0.437317 0.778172
vt 0.412979 0.760093
vt 0.406890 0.738480
vt 0.517266 0.835600
vt 0.496959 0.864653
vt 0.477674 0.860831
vt 0.460794 0.830315
vt 0.442748 0.803044
vt 0.418591 0.782824
vt 0.397061 0.766138
vt 0.390845 0.746249
vt 0.511517 0.868418
vt 0.457189 0.856249
vt 0.439751 0.827868
vt 0.425861 0.803305
vt 0.402246 0.787277
vt 0.384445 0.772027
vt 0.378335 0.755031
vt 0.437271 0.851854
vt 0.420902 0.825170
vt 0.389349 0.790279
vt 0.421356 0.846900
vt 0.405336 0.822568
vt 0.412030 0.803107
vt 0.705444 0.936308
vt 0.684546 0.950811
vt 0.673141 0.938078
vt 0.690921 0.928679
vt 0.661665 0.923846
vt 0.676152 0.920525
vt 0.700366 0.909052
vt 0.682313 0.903007
vt 0.661565 0.911718
vt 0.668037 0.894897
vt 0.648774 0.901107
vt 0.660479 0.885398
vt 0.638069 0.889003
vt 0.651512 0.876388
vt 0.628923 0.876091
vt 0.642119 0.867672
vt 0.688425 0.626493
vt 0.683991 0.602392
vt 0.698859 0.600801
vt 0.702705 0.622408
vt 0.679746 0.578022
vt 0.694818 0.578282
vt 0.713704 0.598676
vt 0.717225 0.617585
vt 0.678693 0.553294
vt 0.691245 0.557031
vt 0.709525 0.578366
vt 0.728293 0.596376
vt 0.731858 0.613268
vt 0.705691 0.642980
vt 0.720273 0.636105
vt 0.686179 0.529409
vt 0.699311 0.539842
vt 0.704042 0.560690
vt 0.723018 0.579751
vt 0.741510 0.594590
vt 0.745948 0.609126
vt 0.735571 0.629174
vt 0.699032 0.508693
vt 0.711408 0.519778
vt 0.712806 0.550882
vt 0.717401 0.563796
vt 0.753027 0.594506
vt 0.759283 0.605722
vt 0.750296 0.622858
vt 0.724569 0.654454
vt 0.739595 0.645919
vt 0.676699 0.524397
vt 0.689159 0.499957
vt 0.715212 0.485697
vt 0.726527 0.498790
vt 0.724872 0.532460
vt 0.730873 0.567951
vt 0.733345 0.584011
vt 0.764537 0.617876
vt 0.754386 0.637735
vt 0.730649 0.673251
vt 0.745371 0.663221
vt 0.705559 0.475924
vt 0.735547 0.462911
vt 0.745963 0.477459
vt 0.739361 0.512989
vt 0.738435 0.545224
vt 0.726471 0.561178
vt 0.743773 0.572973
vt 0.742787 0.588513
vt 0.770678 0.604098
vt 0.776816 0.614081
vt 0.768267 0.631096
vt 0.760146 0.653561
vt 0.738549 0.692694
vt 0.752961 0.681135
vt 0.727189 0.451439
vt 0.760025 0.442274
vt 0.768498 0.458515
vt 0.756779 0.493670
vt 0.752373 0.528140
vt 0.751856 0.557316
vt 0.739713 0.569340
vt 0.756188 0.578411
vt 0.752804 0.592053
vt 0.780870 0.625524
vt 0.774028 0.644826
vt 0.766640 0.669853
vt 0.698612 0.468489
vt 0.720416 0.442501
vt 0.752407 0.429891
vt 0.786684 0.425468
vt 0.793535 0.442669
vt 0.778002 0.476115
vt 0.767653 0.509823
vt 0.765233 0.542097
vt 0.767961 0.583766
vt 0.763347 0.595026
vt 0.786081 0.637261
vt 0.780107 0.659739
vt 0.747072 0.419934
vt 0.781658 0.411997
vt 0.815302 0.414398
vt 0.819581 0.432302
vt 0.800806 0.462320
vt 0.787302 0.494877
vt 0.778055 0.525144
vt 0.777424 0.554631
vt 0.764131 0.567600
vt 0.779617 0.588343
vt 0.774802 0.597097
vt 0.777625 0.401636
vt 0.811966 0.401058
vt 0.845644 0.409263
vt 0.846925 0.427494
vt 0.825240 0.452690
vt 0.808610 0.482866
vt 0.796515 0.513069
vt 0.787897 0.564251
vt 0.775686 0.574988
vt 0.791024 0.590767
vt 0.785405 0.598928
vt 0.810065 0.391424
vt 0.845129 0.396717
vt 0.876580 0.413094
vt 0.873642 0.430971
vt 0.848176 0.446267
vt 0.830529 0.472820
vt 0.816128 0.502373
vt 0.805065 0.529907
vt 0.787508 0.538678
vt 0.797498 0.572204
vt 0.786615 0.580888
vt 0.802273 0.594260
vt 0.798724 0.599798
vt 0.844294 0.387207
vt 0.877021 0.399979
vt 0.904539 0.424562
vt 0.899682 0.441989
vt 0.870062 0.452476
vt 0.850220 0.465191
vt 0.833951 0.491028
vt 0.823020 0.519088
vt 0.812752 0.543445
vt 0.796872 0.550834
vt 0.806168 0.578350
vt 0.796649 0.585073
vt 0.763960 0.581315
vt 0.775732 0.585633
vt 0.812795 0.595721
vt 0.810809 0.600001
vt 0.788749 0.606075
vt 0.799085 0.605963
vt 0.877909 0.390942
vt 0.908213 0.411708
vt 0.931370 0.439837
vt 0.924351 0.455568
vt 0.893710 0.461685
vt 0.851809 0.483943
vt 0.818596 0.553992
vt 0.805082 0.561009
vt 0.814452 0.583350
vt 0.806259 0.588840
vt 0.824851 0.598737
vt 0.821458 0.600679
vt 0.811114 0.605027
vt 0.910681 0.402472
vt 0.936173 0.428093
vt 0.954942 0.456453
vt 0.946876 0.471534
vt 0.916990 0.474127
vt 0.887719 0.482218
vt 0.865408 0.474333
vt 0.852231 0.501780
vt 0.832338 0.503598
vt 0.843689 0.601417
vt 0.823644 0.603325
vt 0.939744 0.420621
vt 0.960828 0.448802
vt 0.974831 0.477795
vt 0.963894 0.488488
vt 0.937463 0.488314
vt 0.908881 0.493025
vt 0.881799 0.502046
vt 0.860972 0.495182
vt 0.849837 0.519035
vt 0.831700 0.517219
vt 0.825354 0.607944
vt 0.821950 0.606476
vt 0.823910 0.595811
vt 0.827749 0.594656
vt 0.811841 0.609428
vt 0.984321 0.503812
vt 0.972380 0.511430
vt 0.953973 0.498529
vt 0.928625 0.504093
vt 0.901511 0.511124
vt 0.875876 0.519908
vt 0.856155 0.514580
vt 0.846523 0.534537
vt 0.831640 0.530197
vt 0.828395 0.612009
vt 0.824889 0.610936
vt 0.828533 0.592018
vt 0.831603 0.590923
vt 0.989552 0.529032
vt 0.976976 0.534779
vt 0.943534 0.509372
vt 0.919335 0.517736
vt 0.894371 0.527871
vt 0.871019 0.535802
vt 0.853623 0.531578
vt 0.843984 0.547825
vt 0.832338 0.543875
vt 0.832519 0.615323
vt 0.828508 0.615193
vt 0.832966 0.587960
vt 0.836255 0.588045
vt 0.993734 0.553126
vt 0.980560 0.557659
vt 0.962598 0.541298
vt 0.957428 0.519037
vt 0.933074 0.519605
vt 0.910107 0.528809
vt 0.887485 0.541053
vt 0.866266 0.548830
vt 0.851307 0.545751
vt 0.844147 0.557366
vt 0.833474 0.555137
vt 0.838031 0.617680
vt 0.833890 0.618357
vt 0.838439 0.585106
vt 0.841766 0.586464
vt 0.998008 0.577497
vt 0.983915 0.579659
vt 0.965968 0.562404
vt 0.947105 0.547692
vt 0.943284 0.526735
vt 0.923292 0.529615
vt 0.900978 0.539733
vt 0.880631 0.551864
vt 0.862334 0.559375
vt 0.850043 0.556563
vt 0.842673 0.567184
vt 0.834748 0.566574
vt 0.844060 0.617128
vt 0.841161 0.619597
vt 0.835373 0.627268
vt 0.829274 0.626326
vt 0.831762 0.579088
vt 0.836610 0.576665
vt 0.841974 0.575771
vt 0.845373 0.584420
vt 0.847946 0.586690
vt 0.969184 0.582225
vt 0.950955 0.566818
vt 0.912974 0.539821
vt 0.874267 0.560468
vt 0.858295 0.568577
vt 0.848611 0.564818
vt 0.849585 0.615332
vt 0.847327 0.617766
vt 0.841633 0.627747
vt 0.832166 0.636584
vt 0.824569 0.634164
vt 0.847059 0.576064
vt 0.851505 0.579108
vt 0.851898 0.585759
vt 0.853632 0.588494
vt 0.987890 0.601820
vt 0.973031 0.601414
vt 0.954317 0.584228
vt 0.936503 0.570658
vt 0.932467 0.553739
vt 0.902902 0.549744
vt 0.892138 0.549228
vt 0.868198 0.567899
vt 0.854677 0.612871
vt 0.852908 0.614610
vt 0.828320 0.646129
vt 0.816985 0.643116
vt 0.856526 0.579071
vt 0.861008 0.579487
vt 0.857675 0.588228
vt 0.857894 0.591503
vt 0.992591 0.622561
vt 0.976971 0.620555
vt 0.957780 0.601222
vt 0.940103 0.586221
vt 0.892916 0.558560
vt 0.883015 0.556591
vt 0.859058 0.609482
vt 0.858616 0.612171
vt 0.865395 0.581405
vt 0.868705 0.584789
vt 0.861741 0.592354
vt 0.860810 0.595699
vt 0.993706 0.644631
vt 0.981484 0.638549
vt 0.961768 0.618754
vt 0.943567 0.601545
vt 0.926883 0.587909
vt 0.923195 0.573858
vt 0.883875 0.565318
vt 0.874598 0.563391
vt 0.861767 0.605138
vt 0.862902 0.608079
vt 0.867768 0.571379
vt 0.874425 0.573580
vt 0.871783 0.588105
vt 0.864043 0.597507
vt 0.862058 0.600444
vt 0.986984 0.663340
vt 0.973122 0.652498
vt 0.969685 0.632285
vt 0.947909 0.616719
vt 0.930012 0.601607
vt 0.864821 0.602760
vt 0.874708 0.607713
vt 0.872682 0.611724
vt 0.869094 0.614544
vt 0.959721 0.642257
vt 0.935045 0.615023
vt 0.874885 0.599828
vt 0.876771 0.603342
vt 0.886943 0.609942
vt 0.884209 0.615802
vt 0.962777 0.667736
vt 0.948326 0.654899
vt 0.949968 0.683541
vt 0.936203 0.669336
vt 0.934715 0.643238
vt 0.947288 0.634542
vt 0.935729 0.698594
vt 0.924604 0.684064
vt 0.923036 0.656201
vt 0.963628 0.698002
vt 0.946343 0.714036
vt 0.913367 0.670497
vt 0.911118 0.645107
vt 0.922452 0.633009
vt 0.901926 0.658867
vt 0.891063 0.647944
vt 0.902158 0.636952
vt 0.860563 0.718028
vt 0.860559 0.739508
vt 0.846083 0.740081
vt 0.846136 0.719003
vt 0.860557 0.762069
vt 0.846154 0.762682
vt 0.860559 0.785682
vt 0.846130 0.785777
vt 0.860563 0.809005
vt 0.846145 0.809020
vt 0.860567 0.831679
vt 0.846103 0.831401
vt 0.860567 0.852763
vt 0.846112 0.852728
vt 0.868682 0.852509
vt 0.867991 0.831261
vt 0.879739 0.831151
vt 0.881093 0.852512
vt 0.867611 0.808762
vt 0.878961 0.808397
vt 0.867522 0.785079
vt 0.878886 0.785150
vt 0.867711 0.761753
vt 0.879081 0.761808
vt 0.868272 0.739032
vt 0.880195 0.739625
vt 0.868979 0.718028
vt 0.881686 0.718665
vt 0.489860 0.875882
vt 0.490081 0.899443
vt 0.477171 0.897404
vt 0.477169 0.872410
vt 0.490146 0.924183
vt 0.477173 0.922687
vt 0.430744 0.898140
vt 0.429225 0.875253
vt 0.440623 0.872410
vt 0.441426 0.896136
vt 0.365938 0.677414
vt 0.342036 0.676504
vt 0.345934 0.662330
vt 0.370115 0.663601
vt 0.315335 0.675753
vt 0.317638 0.661576
vt 0.349673 0.647047
vt 0.374437 0.648527
vt 0.287771 0.674849
vt 0.289430 0.660401
vt 0.320808 0.645887
vt 0.258856 0.674181
vt 0.258543 0.659843
vt 0.291149 0.644720
vt 0.323017 0.628898
vt 0.352731 0.630410
vt 0.230586 0.673428
vt 0.229704 0.658871
vt 0.259421 0.644020
vt 0.292349 0.627414
vt 0.325846 0.609541
vt 0.356376 0.611887
vt 0.202590 0.672959
vt 0.200072 0.658578
vt 0.228950 0.643247
vt 0.259247 0.626854
vt 0.294068 0.607841
vt 0.327911 0.589170
vt 0.359135 0.592350
vt 0.176496 0.672279
vt 0.174072 0.657808
vt 0.198817 0.643093
vt 0.227845 0.626067
vt 0.259836 0.607165
vt 0.295046 0.586963
vt 0.330437 0.565328
vt 0.362437 0.570007
vt 0.151887 0.671832
vt 0.148442 0.657573
vt 0.171690 0.642755
vt 0.196566 0.626557
vt 0.227142 0.606741
vt 0.259667 0.586434
vt 0.296663 0.562798
vt 0.331959 0.540384
vt 0.364392 0.546473
vt 0.169281 0.626656
vt 0.195119 0.607941
vt 0.225973 0.586210
vt 0.260178 0.562157
vt 0.297301 0.537221
vt 0.333593 0.511831
vt 0.366495 0.519974
vt 0.167127 0.609053
vt 0.193072 0.588492
vt 0.225423 0.562606
vt 0.260000 0.536884
vt 0.298494 0.508227
vt 0.333986 0.483614
vt 0.366808 0.493337
vt 0.164877 0.590732
vt 0.191754 0.566068
vt 0.224452 0.537982
vt 0.260525 0.507840
vt 0.298452 0.479364
vt 0.333971 0.454156
vt 0.366768 0.465691
vt 0.163078 0.570045
vt 0.190174 0.543417
vt 0.224401 0.510057
vt 0.260403 0.479285
vt 0.298797 0.449484
vt 0.332588 0.427648
vt 0.364439 0.439973
vt 0.161360 0.549151
vt 0.189641 0.517537
vt 0.223972 0.482394
vt 0.260895 0.449416
vt 0.297662 0.422829
vt 0.329973 0.404068
vt 0.361110 0.416546
vt 0.160589 0.525990
vt 0.189158 0.492120
vt 0.224735 0.453372
vt 0.260880 0.422821
vt 0.296698 0.399286
vt 0.160150 0.503084
vt 0.190003 0.465033
vt 0.225160 0.427585
vt 0.261118 0.399360
vt 0.161129 0.478555
vt 0.191319 0.440328
vt 0.226984 0.404247
vt 0.194165 0.417361
vt 0.001992 0.715018
vt 0.003692 0.689044
vt 0.015743 0.685345
vt 0.013128 0.712573
vt 0.027692 0.681799
vt 0.023981 0.709235
vt 0.039806 0.678285
vt 0.035179 0.706653
vt 0.051849 0.675026
vt 0.046185 0.703761
vt 0.021787 0.740966
vt 0.032220 0.739173
vt 0.042496 0.737251
vt 0.058025 0.701756
vt 0.053547 0.735896
vt 0.031779 0.772474
vt 0.041772 0.771410
vt 0.069811 0.699839
vt 0.064538 0.734476
vt 0.052574 0.770801
vt 0.033132 0.807166
vt 0.043203 0.807038
vt 0.082603 0.699126
vt 0.076615 0.733895
vt 0.063256 0.769752
vt 0.054052 0.807166
vt 0.035628 0.839472
vt 0.045962 0.840305
vt 0.095583 0.698574
vt 0.088895 0.733128
vt 0.075028 0.769196
vt 0.064757 0.806425
vt 0.057146 0.841005
vt 0.024997 0.837864
vt 0.022879 0.806624
vt 0.041048 0.870290
vt 0.052176 0.871777
vt 0.109744 0.699305
vt 0.102688 0.733338
vt 0.087043 0.768217
vt 0.076562 0.805945
vt 0.068130 0.840763
vt 0.064206 0.873241
vt 0.029620 0.867783
vt 0.104826 0.668716
vt 0.119550 0.669703
vt 0.124135 0.700390
vt 0.116792 0.733163
vt 0.100535 0.767641
vt 0.088499 0.804461
vt 0.080204 0.840161
vt 0.075989 0.873258
vt 0.018559 0.865393
vt 0.014714 0.836446
vt 0.134066 0.671328
vt 0.114647 0.766778
vt 0.101998 0.803296
vt 0.092352 0.838579
vt 0.088858 0.872967
vt 0.115674 0.801007
vt 0.105825 0.836454
vt 0.101486 0.870975
vt 0.119537 0.833447
vt 0.115462 0.868476
vt 0.128772 0.863999
vt 0.126514 0.895337
vt 0.140176 0.890656
vt 0.447561 0.897295
vt 0.457062 0.872410
vt 0.471033 0.876211
vt 0.461846 0.900866
vt 0.920871 0.975523
vt 0.904516 0.966759
vt 0.910309 0.953094
vt 0.928067 0.962164
vt 0.918092 0.939852
vt 0.935314 0.948692
vt 0.925699 0.927736
vt 0.942550 0.935792
vt 0.913765 0.927709
vt 0.919189 0.915435
vt 0.933734 0.915605
vt 0.948786 0.923377
vt 0.926546 0.903879
vt 0.942587 0.903833
vt 0.955266 0.911604
vt 0.952589 0.892242
vt 0.962391 0.899948
vt 0.936045 0.892950
vt 0.947257 0.882916
vt 0.963920 0.881430
vt 0.972055 0.888541
vt 0.959471 0.873306
vt 0.976129 0.871411
vt 0.981040 0.877292
vt 0.972911 0.865110
vt 0.987423 0.862892
vt 0.991774 0.866770
vt 0.985859 0.857796
vt 0.996446 0.855655
vt 0.998008 0.854714
vt 0.997754 0.851816
vt 0.270502 0.780804
vt 0.260538 0.804644
vt 0.248105 0.795717
vt 0.258228 0.773443
vt 0.237325 0.782855
vt 0.246238 0.763721
vt 0.235532 0.817864
vt 0.223269 0.803800
vt 0.226431 0.768725
vt 0.233851 0.753786
vt 0.213227 0.784978
vt 0.215941 0.752236
vt 0.221851 0.741893
vt 0.211935 0.813776
vt 0.202975 0.794723
vt 0.204012 0.763935
vt 0.197906 0.771609
vt 0.196388 0.743702
vt 0.206470 0.733905
vt 0.191880 0.798311
vt 0.183629 0.779203
vt 0.189761 0.750384
vt 0.189070 0.722583
vt 0.196404 0.715841
vt 0.184940 0.813543
vt 0.177140 0.790546
vt 0.179368 0.759109
vt 0.179949 0.730555
vt 0.179339 0.706816
vt 0.185026 0.701095
vt 0.202743 0.814153
vt 0.193722 0.834761
vt 0.167945 0.819442
vt 0.162971 0.794298
vt 0.169566 0.766208
vt 0.174214 0.737908
vt 0.173674 0.713146
vt 0.169911 0.692252
vt 0.173499 0.689618
vt 0.214184 0.827449
vt 0.201491 0.852387
vt 0.149692 0.820683
vt 0.147637 0.794817
vt 0.158563 0.769580
vt 0.164264 0.742259
vt 0.167135 0.717657
vt 0.165920 0.697299
vt 0.225421 0.836209
vt 0.209856 0.864840
vt 0.146409 0.768585
vt 0.154231 0.744624
vt 0.159770 0.720608
vt 0.160771 0.699684
vt 0.159433 0.684957
vt 0.159875 0.681405
vt 0.236546 0.840477
vt 0.218003 0.870608
vt 0.146976 0.743406
vt 0.152843 0.721456
vt 0.156004 0.701754
vt 0.155494 0.683573
vt 0.151113 0.701676
vt 0.153725 0.687183
vt 0.150402 0.684373
vt 0.572941 0.864678
vt 0.551211 0.849833
vt 0.556755 0.828860
vt 0.575544 0.843783
vt 0.535954 0.827607
vt 0.544964 0.810480
vt 0.564542 0.807463
vt 0.578470 0.818738
vt 0.546257 0.867381
vt 0.526455 0.842361
vt 0.553681 0.791329
vt 0.575239 0.785618
vt 0.581786 0.791442
vt 0.595004 0.842726
vt 0.595937 0.820320
vt 0.562098 0.771477
vt 0.582192 0.760662
vt 0.587042 0.766415
vt 0.597526 0.796357
vt 0.569903 0.752989
vt 0.587277 0.736336
vt 0.595922 0.742597
vt 0.599774 0.771787
vt 0.575942 0.733528
vt 0.591122 0.717411
vt 0.598615 0.721380
vt 0.602325 0.748007
vt 0.594330 0.701474
vt 0.600590 0.703740
vt 0.898381 0.959243
vt 0.885445 0.964518
vt 0.875331 0.954191
vt 0.891704 0.946026
vt 0.865324 0.944749
vt 0.881187 0.934509
vt 0.855382 0.934733
vt 0.869723 0.925605
vt 0.845447 0.924189
vt 0.858103 0.917103
vt 0.896205 0.928253
vt 0.884654 0.916858
vt 0.835665 0.912734
vt 0.845830 0.907992
vt 0.870281 0.907204
vt 0.824257 0.902131
vt 0.832914 0.898787
vt 0.855070 0.898718
vt 0.897856 0.910721
vt 0.882309 0.899853
vt 0.840140 0.890792
vt 0.864830 0.891017
vt 0.819165 0.888451
vt 0.825138 0.883571
vt 0.846948 0.883161
vt 0.807182 0.876422
vt 0.810333 0.875695
vt 0.829621 0.877177
vt 0.813578 0.871166
vt 0.801776 0.865586
vt 0.801105 0.862183
vt 0.833507 0.871573
vt 0.816747 0.867151
vt 0.803967 0.862647
vt 0.817205 0.863254
vt 0.802140 0.859141
vt 0.556335 0.879289
vt 0.570106 0.871372
vt 0.577467 0.883646
vt 0.561522 0.893148
vt 0.587189 0.895636
vt 0.570438 0.906012
vt 0.597124 0.908023
vt 0.583194 0.917657
vt 0.609017 0.920023
vt 0.598747 0.928487
vt 0.622788 0.931488
vt 0.616005 0.937869
vt 0.536707 0.872410
vt 0.550200 0.881570
vt 0.541361 0.890216
vt 0.529853 0.881680
vt 0.532238 0.900276
vt 0.523489 0.892170
vt 0.523820 0.910257
vt 0.517420 0.903073
vt 0.516991 0.919132
vt 0.511502 0.914032
vt 0.510230 0.927593
vt 0.505749 0.924594
vt 0.507517 0.899711
vt 0.504073 0.912260
vt 0.500727 0.924010
vt 0.497833 0.902433
vt 0.497028 0.913742
vt 0.496282 0.925786
vn -0.338111 -0.939695 0.051530
vn -0.366082 -0.930555 0.007160
vn -0.045384 -0.998630 -0.026053
vn -0.009518 -0.999906 -0.009899
vn -0.565136 -0.824937 0.009976
vn -0.103778 -0.994452 -0.017152
vn 0.000000 -1.000000 0.000000
vn 0.000000 -1.000000 0.000000
vn 0.000000 -1.000000 -0.000001
vn -0.693185 -0.720493 -0.019608
vn -0.245907 -0.969207 -0.012935
vn -0.742593 -0.666343 0.067397
vn -0.447170 -0.892477 0.059362
vn -0.073634 -0.997273 0.004896
vn -0.017058 -0.999845 -0.004289
vn -0.618532 -0.768455 0.164000
vn -0.582888 -0.793313 0.175773
vn -0.247333 -0.959276 0.136443
vn -0.577792 -0.793147 0.192544
vn -0.506309 -0.852919 0.127200
vn -0.216560 -0.974393 0.060494
vn 0.243673 -0.961851 0.124361
vn -0.126586 -0.982640 0.135625
vn 0.837807 -0.544314 0.042440
vn 0.704704 -0.709499 -0.001846
vn 0.470931 -0.877779 0.087914
vn -0.401018 -0.896111 0.190180
vn 0.859278 -0.511352 -0.012673
vn 0.723590 -0.689302 -0.035785
vn 0.490499 -0.871441 0.000833
vn 0.185159 -0.982688 0.006392
vn 0.040637 -0.999153 0.006388
vn 0.555803 -0.830757 -0.030437
vn 0.154971 -0.987870 0.009852
vn 0.024984 -0.999688 -0.000523
vn 0.064938 -0.997889 -0.001237
vn 0.000000 -1.000000 -0.000001
vn 0.000000 -1.000000 -0.000000
vn 0.000000 -1.000000 -0.000000
vn 0.026447 -0.999595 -0.010536
vn 0.000000 -1.000000 -0.000001
vn 0.000000 -1.000000 0.000000
vn 0.000000 -1.000000 0.000000
vn 0.000000 -1.000000 -0.000001
vn 0.000000 -1.000000 -0.000001
vn 0.000000 -1.000000 0.000000
vn 0.000000 -1.000000 0.000000
vn 0.000000 -1.000000 -0.000001
vn 0.000000 -1.000000 -0.000001
vn 0.000000 -1.000000 0.000000
vn 0.000000 -1.000000 0.000000
vn 0.000000 -1.000000 -0.000001
vn 0.000000 -1.000000 -0.000001
vn 0.000000 -1.000000 0.000001
vn 0.000000 -1.000000 0.000000
vn 0.000000 -1.000000 0.000000
vn 0.000000 -1.000000 0.000000
vn 0.000000 -1.000000 -0.000001
vn 0.000000 -1.000000 -0.000001
vn 0.000000 -1.000000 -0.000001
vn 0.000000 -1.000000 -0.000000
vn 0.000000 -1.000000 -0.000001
vn 0.000000 -1.000000 -0.000001
vn 0.011189 -0.999895 0.009229
vn 0.000000 -1.000000 0.000001
vn 0.034137 -0.999332 0.013006
vn 0.000000 -1.000000 -0.000001
vn 0.000000 -1.000000 0.000000
vn 0.000000 -1.000000 -0.000000
vn 0.058616 -0.998276 0.003104
vn 0.000000 -1.000000 -0.000000
vn 0.146316 -0.989214 -0.006820
vn 0.010407 -0.999944 0.002046
vn 0.000000 -1.000000 0.000000
vn 0.000000 -1.000000 0.000000
vn 0.321878 -0.946695 -0.012796
vn 0.069427 -0.997586 -0.001280
vn 0.761319 -0.648365 0.003988
vn 0.374518 -0.927080 -0.016116
vn 0.096995 -0.995184 -0.014145
vn 0.003888 -0.999992 -0.000279
vn 0.881888 -0.469523 -0.042673
vn 0.763226 -0.645280 -0.033162
vn 0.575873 -0.807825 -0.125654
vn 0.553562 -0.828586 -0.083754
vn 0.444318 -0.888672 -0.113327
vn 0.587233 -0.809391 -0.006637
vn 0.034574 -0.991353 -0.126583
vn -0.235928 -0.962734 -0.132216
vn -0.407988 -0.906811 -0.106021
vn -0.674146 -0.725982 -0.135932
vn -0.556992 -0.825694 -0.089376
vn -0.435694 -0.884915 -0.164608
vn -0.783971 -0.618281 -0.055836
vn -0.633194 -0.770530 -0.073134
vn -0.783874 -0.618236 -0.057673
vn -0.364818 -0.931004 -0.011813
vn -0.045811 -0.998942 0.004049
vn -0.213972 -0.976396 -0.029439
vn -0.549720 -0.833015 -0.062399
vn -0.135966 -0.990709 -0.003022
vn -0.463650 -0.883297 -0.069395
vn -0.059686 -0.998100 0.015273
vn 0.000000 -1.000000 -0.000000
vn 0.000000 -1.000000 0.000000
vn -0.294206 -0.954157 -0.055013
vn -0.022097 -0.999620 0.016457
vn -0.314691 -0.944639 -0.092884
vn 0.000000 -1.000000 -0.000001
vn 0.000000 -1.000000 0.000001
vn 0.000000 -1.000000 0.000000
vn -0.264137 -0.963529 -0.042932
vn 0.000000 -1.000000 0.000001
vn -0.320161 -0.947363 -0.000482
vn 0.000000 -1.000000 0.000001
vn 0.000000 -1.000000 0.000000
vn 0.000000 -1.000000 -0.000000
vn -0.267760 -0.962820 0.035817
vn -0.000194 -1.000000 -0.000270
vn 0.000000 -1.000000 -0.000000
vn 0.000000 -1.000000 0.000000
vn 0.000000 -1.000000 0.000000
vn 0.000000 -1.000000 -0.000000
vn 0.000000 -1.000000 -0.000000
vn 0.000000 -1.000000 0.000000
vn 0.000000 -1.000000 0.000001
vn 0.000000 -1.000000 0.000000
vn 0.000000 -1.000000 -0.000000
vn 0.000000 -1.000000 0.000000
vn 0.000000 -1.000000 0.000000
vn -0.019545 -0.999803 0.003461
vn -0.207620 -0.976852 0.051513
vn -0.030544 -0.999441 0.013601
vn -0.000005 -1.000000 -0.000013
vn -0.363170 -0.916821 0.165973
vn 0.203068 -0.969684 0.135926
vn 0.019313 -0.991215 0.130841
vn -0.177411 -0.980111 0.088927
vn 0.375347 -0.926884 0.001148
vn 0.002776 -0.999996 0.000937
vn 0.000000 -1.000000 -0.000000
vn 0.169023 -0.984410 0.048670
vn 0.000000 -1.000000 -0.000000
vn 0.000000 -1.000000 0.000000
vn 0.000000 -1.000000 0.000001
vn 0.000000 -1.000000 0.000001
vn 0.000000 -1.000000 0.000000
vn 0.000000 -1.000000 0.000000
vn 0.000000 -1.000000 0.000000
vn 0.000000 -1.000000 0.000001
vn 0.000000 -1.000000 0.000000
vn 0.000000 -1.000000 0.000000
vn 0.000000 -1.000000 0.000001
vn 0.000000 -1.000000 0.000000
vn 0.000000 -1.000000 0.000000
vn 0.000000 -1.000000 0.000000
vn 0.000000 -1.000000 0.000000
vn 0.000000 -1.000000 0.000000
vn 0.000000 -1.000000 -0.000000
vn 0.000000 -1.000000 -0.000001
vn 0.000000 -1.000000 0.000000
vn 0.000000 -1.000000 0.000000
vn 0.000000 -1.000000 -0.000000
vn 0.000000 -1.000000 0.000000
vn 0.000000 -1.000000 -0.000000
vn 0.000000 -1.000000 -0.000000
vn 0.000000 -1.000000 0.000000
vn 0.000000 -1.000000 -0.000000
vn 0.000000 -1.000000 -0.000000
vn 0.000000 -1.000000 0.000000
vn 0.000000 -1.000000 0.000000
vn 0.011647 -0.999924 -0.004132
vn -0.000859 -0.999953 -0.009663
vn -0.001204 -0.999994 -0.003232
vn 0.396456 -0.917989 -0.010906
vn 0.228898 -0.961044 -0.154920
vn 0.030394 -0.986388 -0.161602
vn 0.176542 -0.982209 -0.064015
vn -0.382845 -0.906613 -0.177434
vn -0.246968 -0.967760 -0.049477
vn -0.040844 -0.998853 -0.024973
vn -0.189665 -0.974546 -0.119533
vn -0.019614 -0.999801 -0.003556
vn 0.000000 -1.000000 -0.000000
vn 0.000000 -1.000000 0.000000
vn 0.000593 -0.999999 -0.001557
vn 0.000000 -1.000000 -0.000000
vn 0.000000 -1.000000 0.000000
vn 0.000000 -1.000000 0.000000
vn 0.000000 -1.000000 -0.000001
vn 0.000000 -1.000000 0.000001
vn 0.000000 -1.000000 0.000000
vn 0.000000 -1.000000 0.000000
vn 0.000000 -1.000000 0.000001
vn 0.000000 -1.000000 -0.000000
vn 0.000000 -1.000000 -0.000000
vn 0.000000 -1.000000 -0.000000
vn 0.000000 -1.000000 0.000000
vn 0.000000 -1.000000 0.000000
vn 0.000000 -1.000000 0.000000
vn 0.000000 -1.000000 -0.000000
vn 0.000000 -1.000000 0.000001
vn 0.000000 -1.000000 -0.000000
vn 0.000000 -1.000000 -0.000000
vn 0.000000 -1.000000 -0.000000
vn 0.000000 -1.000000 -0.000000
vn 0.000000 -1.000000 0.000000
vn -0.000003 -1.000000 -0.000019
vn -0.000023 -1.000000 -0.000049
vn 0.000000 -1.000000 -0.000000
vn -0.000013 -1.000000 -0.000073
vn 0.000003 -1.000000 -0.000119
vn -0.000003 -1.000000 -0.000170
vn -0.000041 -1.000000 -0.000137
vn -0.038580 -0.998789 0.030522
vn 0.000100 -0.997946 0.064061
vn 0.000056 -1.000000 -0.000160
vn 0.000031 -1.000000 -0.000165
vn 0.037341 -0.998872 0.029351
vn 0.000008 -1.000000 -0.000017
vn 0.000039 -1.000000 -0.000047
vn 0.000079 -1.000000 -0.000125
vn 0.000000 -1.000000 0.000001
vn 0.000000 -1.000000 0.000001
vn 0.000000 -1.000000 0.000000
vn 0.000000 -1.000000 0.000000
vn 0.000000 -1.000000 -0.000000
vn 0.000000 -1.000000 -0.000001
vn 0.000000 -1.000000 -0.000000
vn 0.000000 -1.000000 -0.000000
vn 0.000000 -1.000000 -0.000001
vn 0.000000 -1.000000 -0.000000
vn 0.000000 -1.000000 -0.000000
vn 0.000000 -1.000000 -0.000000
vn 0.000000 -1.000000 0.000000
vn 0.000000 -1.000000 0.000000
vn 0.000000 -1.000000 0.000000
vn 0.000000 -1.000000 0.000000
vn 0.000000 -1.000000 0.000000
vn 0.000000 -1.000000 -0.000000
vn 0.000000 -1.000000 0.000000
vn 0.000000 -1.000000 0.000000
vn 0.000000 -1.000000 -0.000000
vn 0.000000 -1.000000 0.000000
vn 0.000000 -1.000000 -0.000000
vn 0.000000 -1.000000 0.000000
vn 0.000000 -1.000000 0.000000
vn -0.000435 -0.999995 -0.003080
vn -0.003549 -0.999972 -0.006631
vn 0.000000 -1.000000 -0.000000
vn -0.003696 -0.999907 -0.013139
vn -0.003847 -0.999726 -0.023095
vn -0.007800 -0.999552 -0.028890
vn -0.009505 -0.999741 -0.020656
vn 0.038060 -0.997660 -0.056793
vn 0.000895 -0.995632 -0.093363
vn 0.001297 -0.999490 -0.031920
vn -0.001329 -0.999509 -0.031298
vn -0.036195 -0.997733 -0.056733
vn 0.006017 -0.999813 -0.018361
vn 0.011469 -0.999587 -0.026365
vn 0.006252 -0.999509 -0.030687
vn 0.002801 -0.999970 -0.007155
vn 0.000138 -0.999999 -0.000944
vn 0.001187 -0.999993 -0.003454
vn 0.007145 -0.999867 -0.014671
vn 0.000000 -1.000000 -0.000001
vn 0.000000 -1.000000 0.000000
vn 0.000000 -1.000000 0.000000
vn 0.000000 -1.000000 0.000000
vn 0.000000 -1.000000 0.000000
vn 0.000000 -1.000000 0.000000
vn 0.000000 -1.000000 0.000000
vn 0.000000 -1.000000 0.000000
vn 0.000000 -1.000000 0.000000
vn 0.000000 -1.000000 -0.000000
vn 0.000000 -1.000000 0.000000
vn 0.000000 -1.000000 0.000000
vn 0.000000 -1.000000 -0.000000
vn 0.000000 -1.000000 0.000000
vn 0.000000 -1.000000 0.000000
vn 0.000000 -1.000000 -0.000000
vn 0.000000 -1.000000 0.000000
vn 0.626206 -0.643724 -0.439870
vn 0.683598 -0.648295 -0.335272
vn 0.726800 -0.648643 -0.225885
vn 0.000000 -1.000000 -0.000000
vn -0.000055 -1.000000 -0.000053
vn 0.465899 -0.633464 -0.617787
vn 0.555016 -0.636737 -0.535278
vn -0.000097 -1.000000 -0.000123
vn -0.000037 -1.000000 -0.000148
vn 0.255210 -0.615018 -0.746070
vn 0.367969 -0.622967 -0.690297
vn 0.000030 -1.000000 -0.000155
vn 0.000076 -1.000000 -0.000133
vn 0.001895 -0.613235 -0.789898
vn 0.132263 -0.608818 -0.782207
vn 0.000125 -1.000000 -0.000094
vn 0.000074 -1.000000 -0.000039
vn -0.248358 -0.648743 -0.719341
vn -0.128693 -0.622115 -0.772276
vn 0.000000 -1.000000 -0.000000
vn 0.000000 -1.000000 -0.000000
vn -0.429242 -0.700910 -0.569628
vn -0.348029 -0.673499 -0.652131
vn 0.000000 -1.000000 0.000001
vn 0.000000 -1.000000 0.000000
vn -0.539058 -0.749421 -0.384427
vn -0.493497 -0.724249 -0.481585
vn 0.000000 -1.000000 0.000000
vn 0.000000 -1.000000 0.000000
vn -0.590370 -0.784504 -0.189781
vn -0.571902 -0.768303 -0.287470
vn 0.000000 -1.000000 0.000000
vn 0.000000 -1.000000 0.000000
vn -0.605283 -0.796009 0.001184
vn -0.602299 -0.792753 -0.093689
vn 0.000000 -1.000000 0.000000
vn 0.000000 -1.000000 0.000000
vn -0.593514 -0.781305 0.193142
vn -0.603961 -0.791077 0.097103
vn 0.000000 -1.000000 0.000000
vn 0.000000 -1.000000 -0.000000
vn -0.542241 -0.744949 0.388620
vn -0.575374 -0.763954 0.292095
vn 0.000000 -1.000000 -0.000000
vn -0.007565 -0.999931 -0.008972
vn -0.421932 -0.730211 0.537368
vn -0.490565 -0.730257 0.475469
vn -0.016104 -0.999616 -0.022557
vn -0.011975 -0.999552 -0.027421
vn -0.235317 -0.742327 0.627357
vn -0.339032 -0.737890 0.583589
vn -0.003853 -0.999587 -0.028493
vn 0.001916 -0.999581 -0.028882
vn 0.006759 -0.733730 0.679407
vn -0.117326 -0.735869 0.666882
vn 0.009506 -0.999576 -0.027521
vn 0.016812 -0.999544 -0.025072
vn 0.253544 -0.709451 0.657568
vn 0.129799 -0.724584 0.676853
vn 0.013168 -0.999779 -0.016396
vn 0.003511 -0.999982 -0.004768
vn 0.463679 -0.655371 0.596231
vn 0.364874 -0.679746 0.636249
vn 0.000000 -1.000000 -0.000000
vn 0.000000 -1.000000 0.000000
vn 0.628320 -0.639384 0.443172
vn 0.553670 -0.638893 0.534102
vn 0.000000 -1.000000 0.000001
vn 0.000000 -1.000000 0.000000
vn 0.725265 -0.648577 0.230951
vn 0.685561 -0.642934 0.341528
vn 0.000000 -1.000000 0.000000
vn 0.000000 -1.000000 0.000000
vn 0.758035 -0.652209 0.002615
vn 0.750245 -0.650415 0.118717
vn 0.000000 -1.000000 -0.000000
vn 0.755138 -0.645425 -0.114863
vn 0.565891 -0.776037 -0.278449
vn 0.595541 -0.781499 -0.185984
vn 0.516242 -0.774169 -0.366275
vn -0.453646 -0.833034 0.316638
vn -0.494609 -0.834321 0.243456
vn -0.522765 -0.836717 0.163159
vn 0.460144 -0.766335 -0.448329
vn 0.390255 -0.758714 -0.521589
vn -0.341035 -0.827105 0.446758
vn -0.401726 -0.829390 0.388237
vn 0.307088 -0.751879 -0.583417
vn 0.215420 -0.743697 -0.632859
vn -0.185354 -0.824574 0.534529
vn -0.267421 -0.824481 0.498715
vn 0.112299 -0.739970 -0.663199
vn 0.005224 -0.744715 -0.667362
vn -0.003148 -0.828717 0.559659
vn -0.093781 -0.825089 0.557165
vn -0.098848 -0.763292 -0.638447
vn -0.186455 -0.793298 -0.579580
vn 0.174962 -0.842977 0.508703
vn 0.090929 -0.834457 0.543520
vn -0.247448 -0.832151 -0.496280
vn -0.283264 -0.869675 -0.404261
vn 0.308280 -0.863095 0.400039
vn 0.248594 -0.853510 0.457955
vn -0.293943 -0.903832 -0.310943
vn -0.286458 -0.931121 -0.225734
vn 0.393758 -0.880116 0.265236
vn 0.356922 -0.872982 0.332429
vn -0.267375 -0.951658 -0.151187
vn -0.246096 -0.964965 -0.090992
vn 0.434137 -0.891603 0.128717
vn 0.418130 -0.887253 0.194805
vn -0.230105 -0.972285 -0.041391
vn -0.227127 -0.973864 0.001614
vn 0.445164 -0.895449 0.000133
vn 0.441879 -0.894881 0.062690
vn -0.235545 -0.970807 0.045304
vn -0.256014 -0.961809 0.096854
vn 0.435971 -0.890585 -0.129569
vn 0.443387 -0.893962 -0.065115
vn -0.279869 -0.946569 0.160253
vn -0.300551 -0.924075 0.236122
vn 0.395389 -0.878541 -0.268018
vn 0.420979 -0.884809 -0.199724
vn -0.312423 -0.899464 0.305542
vn -0.310395 -0.878548 0.363054
vn 0.273051 -0.876028 -0.397515
vn 0.346831 -0.874335 -0.339480
vn -0.272906 -0.865756 0.419510
vn -0.199254 -0.855035 0.478761
vn 0.127106 -0.875250 -0.466672
vn 0.192750 -0.876947 -0.440240
vn -0.096401 -0.845318 0.525494
vn 0.008736 -0.836849 0.547364
vn -0.003139 -0.866256 -0.499590
vn 0.063902 -0.870594 -0.487834
vn 0.125024 -0.826558 0.548790
vn 0.243497 -0.810226 0.533145
vn -0.136622 -0.853428 -0.502987
vn -0.070941 -0.858769 -0.507428
vn 0.342830 -0.787470 0.512209
vn 0.412814 -0.770253 0.486102
vn -0.313017 -0.836023 -0.450650
vn -0.221821 -0.844209 -0.487961
vn 0.469209 -0.764258 0.442439
vn 0.521196 -0.768315 0.371546
vn -0.455560 -0.829157 -0.323980
vn -0.397751 -0.829112 -0.392897
vn 0.563578 -0.776319 0.282327
vn 0.592178 -0.782792 0.191210
vn -0.525162 -0.834100 -0.168767
vn -0.497254 -0.831497 -0.247692
vn 0.608588 -0.787518 0.097137
vn 0.615214 -0.788357 0.002179
vn -0.547634 -0.836712 -0.003135
vn -0.543187 -0.835311 -0.084876
vn 0.604837 -0.790952 -0.092555
vn -0.542841 -0.835661 0.083637
vn -0.238408 -0.965550 0.104287
vn -0.277186 -0.957593 0.078640
vn -0.209325 -0.968713 0.133335
vn 0.551801 -0.723510 -0.414788
vn 0.598180 -0.735592 -0.317938
vn 0.620303 -0.756124 -0.208569
vn -0.168986 -0.974927 0.144778
vn -0.136679 -0.978101 0.156961
vn 0.419650 -0.685260 -0.595242
vn 0.493149 -0.701955 -0.513871
vn -0.098328 -0.983727 0.150375
vn -0.066755 -0.987054 0.145837
vn 0.226806 -0.637941 -0.735928
vn 0.327393 -0.660336 -0.675847
vn -0.035091 -0.992662 0.115717
vn -0.011309 -0.996314 0.085029
vn -0.007031 -0.584613 -0.811282
vn 0.109665 -0.609700 -0.785010
vn -0.001597 -0.999717 0.023726
vn -0.010240 -0.999268 -0.036867
vn -0.265382 -0.522673 -0.810176
vn -0.137675 -0.553540 -0.821364
vn -0.052035 -0.992374 -0.111744
vn -0.106516 -0.980806 -0.163322
vn -0.523001 -0.449744 -0.724017
vn -0.401329 -0.484629 -0.777220
vn -0.184923 -0.962363 -0.199151
vn -0.258998 -0.944306 -0.202995
vn -0.741312 -0.394408 -0.543046
vn -0.643251 -0.417206 -0.642002
vn -0.335349 -0.924521 -0.181115
vn -0.387171 -0.912171 -0.134324
vn -0.883218 -0.367763 -0.290993
vn -0.825814 -0.376747 -0.419635
vn -0.423099 -0.903352 -0.070299
vn -0.424323 -0.905510 -0.000991
vn -0.929417 -0.368998 -0.004955
vn -0.919603 -0.364980 -0.145326
vn -0.404116 -0.912210 0.067549
vn -0.352170 -0.928192 0.120148
vn -0.875608 -0.394649 0.278501
vn -0.914230 -0.378820 0.143802
vn -0.286534 -0.945486 0.154770
vn -0.203984 -0.966155 0.157908
vn -0.727470 -0.446758 0.520763
vn -0.810576 -0.416469 0.411728
vn -0.133042 -0.981976 0.134247
vn -0.079166 -0.994260 0.071969
vn -0.515093 -0.570281 0.639889
vn -0.624187 -0.496526 0.603202
vn -0.050817 -0.998656 0.010207
vn -0.020610 -0.998523 -0.050269
vn -0.255432 -0.718861 0.646524
vn -0.388116 -0.652937 0.650414
vn -0.007573 -0.995132 -0.098256
vn -0.012228 -0.988757 -0.149031
vn -0.010400 -0.789927 0.613113
vn -0.122529 -0.763121 0.634533
vn -0.023323 -0.983423 -0.179820
vn -0.051935 -0.974597 -0.217860
vn 0.215873 -0.799880 0.559991
vn 0.108337 -0.801623 0.587931
vn -0.108316 -0.966642 -0.232100
vn -0.180520 -0.954864 -0.235898
vn 0.378242 -0.770234 0.513491
vn 0.308683 -0.782228 0.541141
vn -0.231944 -0.948862 -0.214157
vn -0.271744 -0.944152 -0.186366
vn 0.504765 -0.775420 0.379389
vn 0.448669 -0.766576 0.459409
vn -0.293788 -0.945063 -0.143332
vn -0.312709 -0.944616 -0.099566
vn 0.590034 -0.783088 0.196552
vn 0.556624 -0.779110 0.288371
vn -0.313396 -0.948236 -0.051303
vn -0.308783 -0.951112 -0.006299
vn 0.634099 -0.773237 -0.004761
vn 0.620247 -0.778597 0.095288
vn -0.292121 -0.955616 0.038252
vn 0.635477 -0.764322 -0.109458
vn 0.824361 -0.373107 -0.425700
vn 0.881552 -0.375798 -0.285732
vn 0.744825 -0.373003 -0.553267
vn 0.779699 -0.270384 -0.564767
vn 0.858087 -0.266724 -0.438799
vn 0.916032 -0.269669 -0.296923
vn 0.648919 -0.374916 -0.662074
vn 0.538487 -0.379015 -0.752582
vn 0.569288 -0.287123 -0.770371
vn 0.680680 -0.280001 -0.676960
vn 0.410384 -0.378532 -0.829638
vn 0.274676 -0.376140 -0.884913
vn 0.294088 -0.284942 -0.912316
vn 0.433523 -0.287186 -0.854156
vn 0.130266 -0.371741 -0.919151
vn -0.012501 -0.367995 -0.929744
vn -0.006515 -0.281988 -0.959396
vn 0.140770 -0.282019 -0.949025
vn -0.160345 -0.361125 -0.918629
vn -0.302884 -0.352295 -0.885522
vn -0.310196 -0.282662 -0.907679
vn -0.163598 -0.282583 -0.945189
vn -0.441993 -0.338399 -0.830740
vn -0.564877 -0.322050 -0.759735
vn -0.579497 -0.262944 -0.771391
vn -0.456113 -0.276295 -0.845944
vn -0.678364 -0.307944 -0.667078
vn -0.773494 -0.301415 -0.557544
vn -0.786318 -0.237397 -0.570392
vn -0.692795 -0.245981 -0.677885
vn -0.852547 -0.297472 -0.429737
vn -0.908663 -0.295519 -0.294959
vn -0.924104 -0.232917 -0.302955
vn -0.867557 -0.233960 -0.438871
vn -0.944144 -0.293965 -0.148921
vn -0.955841 -0.293866 -0.003311
vn -0.972831 -0.231453 -0.005422
vn -0.960817 -0.231567 -0.152343
vn -0.944513 -0.293863 0.146762
vn -0.910489 -0.295315 0.289481
vn -0.927569 -0.231219 0.293518
vn -0.961432 -0.230845 0.149530
vn -0.852951 -0.297206 0.429119
vn -0.778248 -0.311380 0.545319
vn -0.800800 -0.259551 0.539771
vn -0.868963 -0.235326 0.435345
vn -0.690951 -0.355324 0.629549
vn -0.589390 -0.424349 0.687421
vn -0.624851 -0.391535 0.675472
vn -0.721365 -0.318225 0.615114
vn -0.461273 -0.496496 0.735336
vn -0.311035 -0.551834 0.773781
vn -0.335302 -0.514288 0.789354
vn -0.491139 -0.463647 0.737437
vn -0.154265 -0.583884 0.797046
vn -0.006916 -0.595840 0.803073
vn -0.007516 -0.550626 0.834718
vn -0.162690 -0.541775 0.824628
vn 0.151220 -0.587343 0.795085
vn 0.307452 -0.553231 0.774215
vn 0.338285 -0.502812 0.795451
vn 0.170250 -0.540175 0.824152
vn 0.442875 -0.495820 0.747010
vn 0.552966 -0.435413 0.710383
vn 0.596138 -0.368066 0.713545
vn 0.486398 -0.438714 0.755610
vn 0.652605 -0.395131 0.646513
vn 0.743378 -0.385447 0.546644
vn 0.773660 -0.282832 0.566970
vn 0.689796 -0.307852 0.655292
vn 0.821475 -0.384312 0.421288
vn 0.877539 -0.383924 0.287275
vn 0.912131 -0.277594 0.301594
vn 0.855220 -0.277932 0.437438
vn 0.913620 -0.380957 0.142021
vn 0.925525 -0.378638 -0.006003
vn 0.961657 -0.274254 -0.000127
vn 0.949736 -0.275790 0.148126
vn 0.914895 -0.375675 -0.147772
vn 0.950115 -0.271817 -0.152960
vn 0.873805 -0.204246 -0.441304
vn 0.931913 -0.206795 -0.297950
vn 0.796293 -0.212584 -0.566326
vn 0.812352 -0.169337 -0.558040
vn 0.884994 -0.154993 -0.439047
vn 0.940607 -0.151452 -0.303843
vn 0.699860 -0.223996 -0.678249
vn 0.585063 -0.227617 -0.778390
vn 0.600715 -0.180167 -0.778898
vn 0.716404 -0.180599 -0.673906
vn 0.447709 -0.222721 -0.865998
vn 0.302857 -0.216345 -0.928156
vn 0.312859 -0.161361 -0.935992
vn 0.459943 -0.171068 -0.871314
vn 0.147225 -0.211211 -0.966289
vn -0.005366 -0.210683 -0.977540
vn -0.000766 -0.152110 -0.988363
vn 0.153777 -0.153998 -0.976031
vn -0.166131 -0.212562 -0.962922
vn -0.319726 -0.215405 -0.922700
vn -0.324338 -0.157675 -0.932708
vn -0.165934 -0.153771 -0.974074
vn -0.470244 -0.212847 -0.856485
vn -0.598044 -0.201041 -0.775839
vn -0.612675 -0.147498 -0.776450
vn -0.480591 -0.157359 -0.862711
vn -0.709223 -0.179445 -0.681765
vn -0.800954 -0.162844 -0.576155
vn -0.810832 -0.096531 -0.577264
vn -0.724167 -0.122895 -0.678585
vn -0.881569 -0.155726 -0.445630
vn -0.939349 -0.154708 -0.306085
vn -0.947196 -0.078593 -0.310876
vn -0.888835 -0.081532 -0.450916
vn -0.976108 -0.153560 -0.153728
vn -0.988071 -0.153969 -0.002915
vn -0.996865 -0.078995 -0.004510
vn -0.984582 -0.077730 -0.156707
vn -0.976026 -0.153966 0.153842
vn -0.940732 -0.155023 0.301649
vn -0.949271 -0.085180 0.302703
vn -0.984715 -0.080586 0.154407
vn -0.884071 -0.167314 0.436377
vn -0.822579 -0.209013 0.528846
vn -0.845221 -0.159975 0.509912
vn -0.897785 -0.107037 0.427229
vn -0.749964 -0.278891 0.599811
vn -0.652380 -0.354630 0.669805
vn -0.680053 -0.306374 0.666080
vn -0.775951 -0.233702 0.585904
vn -0.516337 -0.427348 0.742138
vn -0.347989 -0.483703 0.803078
vn -0.367833 -0.440581 0.818894
vn -0.541323 -0.379268 0.750417
vn -0.167144 -0.516960 0.839533
vn -0.000736 -0.528530 0.848915
vn -0.000472 -0.497102 0.867692
vn -0.175091 -0.480609 0.859278
vn 0.187284 -0.519102 0.833941
vn 0.368009 -0.481888 0.795206
vn 0.390469 -0.454126 0.800814
vn 0.199854 -0.490268 0.848349
vn 0.519760 -0.419763 0.744076
vn 0.630589 -0.348208 0.693620
vn 0.660342 -0.323737 0.677600
vn 0.548030 -0.393497 0.738121
vn 0.716510 -0.277411 0.640044
vn 0.791899 -0.234659 0.563765
vn 0.808557 -0.192822 0.555928
vn 0.743784 -0.247865 0.620764
vn 0.868622 -0.221963 0.442976
vn 0.926752 -0.221694 0.303285
vn 0.936650 -0.166815 0.307992
vn 0.878275 -0.170022 0.446906
vn 0.964045 -0.219499 0.149790
vn 0.976265 -0.216558 -0.002901
vn 0.987013 -0.160643 0.000038
vn 0.974582 -0.164121 0.152491
vn 0.965304 -0.211881 -0.152623
vn 0.975583 -0.155232 -0.155375
vn 0.896707 -0.104498 -0.430111
vn 0.949740 -0.091253 -0.299443
vn 0.827344 -0.124521 -0.547719
vn 0.844115 -0.074128 -0.531013
vn 0.908765 -0.050326 -0.414263
vn 0.955045 -0.027009 -0.295228
vn 0.731576 -0.134603 -0.668340
vn 0.612796 -0.131459 -0.779230
vn 0.628206 -0.078324 -0.774095
vn 0.748419 -0.083240 -0.657981
vn 0.468928 -0.119798 -0.875074
vn 0.318007 -0.108511 -0.941858
vn 0.326422 -0.053884 -0.943687
vn 0.480976 -0.065554 -0.874279
vn 0.156600 -0.100285 -0.982558
vn -0.000494 -0.098231 -0.995164
vn 0.002667 -0.044202 -0.999019
vn 0.161833 -0.046033 -0.985744
vn -0.169089 -0.100190 -0.980495
vn -0.332531 -0.105273 -0.937198
vn -0.338006 -0.053522 -0.939621
vn -0.169276 -0.046909 -0.984452
vn -0.493844 -0.106813 -0.862965
vn -0.629816 -0.099030 -0.770406
vn -0.645102 -0.051390 -0.762366
vn -0.504539 -0.057243 -0.861489
vn -0.742263 -0.073941 -0.666017
vn -0.823072 -0.040229 -0.566510
vn -0.835280 0.011182 -0.549711
vn -0.758883 -0.027322 -0.650653
vn -0.893938 -0.014230 -0.447966
vn -0.950553 -0.006584 -0.310492
vn -0.948282 0.063094 -0.311097
vn -0.896310 0.048401 -0.440779
vn -0.987679 -0.006117 -0.156376
vn -0.999953 -0.008999 -0.003686
vn -0.998266 0.058473 -0.006784
vn -0.985257 0.063416 -0.158894
vn -0.987683 -0.012805 0.155947
vn -0.953357 -0.023413 0.300934
vn -0.955942 0.035727 0.291374
vn -0.986889 0.052041 0.152783
vn -0.909340 -0.055442 0.412343
vn -0.864035 -0.112437 0.490716
vn -0.878250 -0.056170 0.474892
vn -0.919327 -0.003068 0.393482
vn -0.796436 -0.180114 0.577277
vn -0.699836 -0.245859 0.670658
vn -0.714225 -0.162628 0.680760
vn -0.810744 -0.110162 0.574943
vn -0.560463 -0.314758 0.766035
vn -0.380933 -0.377268 0.844132
vn -0.395493 -0.281392 0.874302
vn -0.575385 -0.221414 0.787342
vn -0.180326 -0.420519 0.889183
vn 0.004116 -0.440149 0.897915
vn 0.003609 -0.348298 0.937377
vn -0.188753 -0.326045 0.926319
vn 0.216698 -0.434983 0.873975
vn 0.416092 -0.398650 0.817279
vn 0.432988 -0.313269 0.845213
vn 0.225487 -0.345377 0.910972
vn 0.577630 -0.340828 0.741741
vn 0.690918 -0.276467 0.667981
vn 0.713904 -0.208734 0.668410
vn 0.597833 -0.262947 0.757268
vn 0.772957 -0.204173 0.600708
vn 0.829195 -0.143372 0.540259
vn 0.848393 -0.084636 0.522556
vn 0.796247 -0.146641 0.586930
vn 0.889642 -0.108507 0.443580
vn 0.946096 -0.099016 0.308381
vn 0.950354 -0.024377 0.310214
vn 0.898861 -0.039364 0.436463
vn 0.983703 -0.095677 0.152228
vn 0.995680 -0.092820 -0.002465
vn 0.999824 -0.018725 0.000779
vn 0.987815 -0.020907 0.154223
vn 0.983826 -0.089051 -0.155425
vn 0.987784 -0.016913 -0.154911
vn 0.920543 0.009172 -0.390534
vn 0.960004 0.040127 -0.277095
vn 0.859805 -0.016257 -0.510363
vn 0.875036 0.042324 -0.482204
vn 0.929960 0.065378 -0.361802
vn 0.961395 0.101370 -0.255818
vn 0.765687 -0.023801 -0.642773
vn 0.643543 -0.017931 -0.765200
vn 0.661885 0.042774 -0.748384
vn 0.783986 0.036361 -0.619712
vn 0.492804 -0.004899 -0.870127
vn 0.332994 0.006498 -0.942906
vn 0.342138 0.068543 -0.937146
vn 0.508027 0.055956 -0.859521
vn 0.164224 0.014216 -0.986321
vn 0.002599 0.015673 -0.999874
vn 0.004488 0.078113 -0.996934
vn 0.168913 0.076470 -0.982660
vn -0.173963 0.012759 -0.984669
vn -0.348238 0.004836 -0.937394
vn -0.357388 0.065678 -0.931644
vn -0.176434 0.074730 -0.981472
vn -0.520905 -0.000404 -0.853614
vn -0.664920 0.003627 -0.746906
vn -0.683828 0.062052 -0.727000
vn -0.534903 0.059013 -0.842850
vn -0.779128 0.027079 -0.626280
vn -0.850311 0.067152 -0.521979
vn -0.863428 0.125699 -0.488562
vn -0.796942 0.084750 -0.598080
vn -0.899716 0.113483 -0.421464
vn -0.942279 0.138810 -0.304699
vn -0.930560 0.219819 -0.292810
vn -0.901653 0.179879 -0.393274
vn -0.977118 0.142047 -0.158313
vn -0.991014 0.133461 -0.008872
vn -0.976719 0.213931 -0.015896
vn -0.960176 0.228037 -0.161436
vn -0.981306 0.121130 0.149554
vn -0.955403 0.098013 0.278565
vn -0.951429 0.162692 0.261371
vn -0.971519 0.192805 0.137754
vn -0.925048 0.057726 0.375438
vn -0.883691 0.015332 0.467820
vn -0.878479 0.102072 0.466750
vn -0.924021 0.127865 0.360327
vn -0.812023 -0.019077 0.583313
vn -0.711616 -0.053336 0.700541
vn -0.692737 0.074135 0.717370
vn -0.799027 0.088565 0.594737
vn -0.572531 -0.096137 0.814227
vn -0.394857 -0.146374 0.907007
vn -0.385166 0.011896 0.922771
vn -0.554514 0.049115 0.830724
vn -0.188443 -0.187577 0.964004
vn 0.007479 -0.210799 0.977501
vn 0.004561 -0.048084 0.998833
vn -0.187803 -0.022656 0.981945
vn 0.234690 -0.212928 0.948463
vn 0.443014 -0.190094 0.876130
vn 0.433157 -0.050305 0.899914
vn 0.225926 -0.058512 0.972386
vn 0.610428 -0.154479 0.776862
vn 0.728979 -0.116468 0.674555
vn 0.728742 -0.013759 0.684650
vn 0.602571 -0.033417 0.797365
vn 0.814569 -0.069044 0.575943
vn 0.865531 -0.013893 0.500662
vn 0.874461 0.059027 0.481491
vn 0.820638 0.016341 0.571214
vn 0.906520 0.034827 0.420724
vn 0.950545 0.056002 0.305497
vn 0.944850 0.135794 0.298023
vn 0.909246 0.106531 0.402396
vn 0.986363 0.062544 0.152237
vn 0.997974 0.063630 -0.000150
vn 0.989197 0.146532 0.004311
vn 0.977351 0.146633 0.152587
vn 0.986919 0.059962 -0.149651
vn 0.981087 0.135184 -0.138539
vn 0.936976 0.127941 -0.325127
vn 0.961398 0.168756 -0.217335
vn 0.887899 0.107744 -0.447243
vn 0.897969 0.176974 -0.402904
vn 0.939905 0.194132 -0.280875
vn 0.956757 0.234921 -0.171544
vn 0.803255 0.104258 -0.586439
vn 0.682069 0.111807 -0.722690
vn 0.704571 0.190874 -0.683481
vn 0.822214 0.177848 -0.540680
vn 0.524028 0.128020 -0.842025
vn 0.350040 0.143575 -0.925666
vn 0.358853 0.236032 -0.903058
vn 0.543393 0.212868 -0.812042
vn 0.170277 0.153309 -0.973397
vn 0.002922 0.154774 -0.987945
vn 0.002080 0.251793 -0.967779
vn 0.173132 0.249490 -0.952775
vn -0.185597 0.150190 -0.971080
vn -0.373380 0.137430 -0.917442
vn -0.388826 0.223097 -0.893891
vn -0.192144 0.244158 -0.950509
vn -0.557325 0.127371 -0.820467
vn -0.708361 0.129164 -0.693932
vn -0.732813 0.199782 -0.650440
vn -0.576581 0.204405 -0.791058
vn -0.818261 0.154503 -0.553695
vn -0.875840 0.199690 -0.439350
vn -0.884428 0.282400 -0.371533
vn -0.837578 0.226078 -0.497344
vn -0.900603 0.264601 -0.344820
vn -0.910473 0.316112 -0.266670
vn -0.878323 0.420916 -0.226670
vn -0.890956 0.357363 -0.280160
vn -0.930189 0.330111 -0.160548
vn -0.950270 0.310379 -0.025528
vn -0.905820 0.421354 -0.044178
vn -0.881423 0.445307 -0.157466
vn -0.953608 0.275790 0.120713
vn -0.941313 0.235867 0.241446
vn -0.923045 0.317734 0.216872
vn -0.924714 0.370018 0.089393
vn -0.911890 0.208673 0.353429
vn -0.854498 0.207266 0.476313
vn -0.806125 0.329345 0.491625
vn -0.886289 0.301588 0.351478
vn -0.758956 0.219545 0.613014
vn -0.643326 0.223447 0.732259
vn -0.566758 0.383121 0.729386
vn -0.690622 0.365970 0.623784
vn -0.506164 0.214514 0.835333
vn -0.352990 0.188326 0.916478
vn -0.313523 0.355767 0.880417
vn -0.441462 0.379253 0.813191
vn -0.174970 0.158640 0.971709
vn 0.003293 0.131880 0.991260
vn -0.004524 0.297286 0.954778
vn -0.165151 0.326436 0.930680
vn 0.210997 0.113645 0.970858
vn 0.406023 0.107840 0.907478
vn 0.358786 0.264225 0.895242
vn 0.179156 0.276365 0.944206
vn 0.577698 0.105241 0.809437
vn 0.712205 0.105377 0.694017
vn 0.674886 0.229563 0.701306
vn 0.526462 0.249297 0.812828
vn 0.815444 0.115429 0.567210
vn 0.875146 0.143404 0.462119
vn 0.864812 0.239263 0.441421
vn 0.793553 0.219487 0.567538
vn 0.907092 0.192250 0.374466
vn 0.931733 0.231300 0.279953
vn 0.904398 0.342192 0.254890
vn 0.893517 0.293279 0.340022
vn 0.957713 0.246681 0.148105
vn 0.970392 0.241421 0.007468
vn 0.938806 0.343747 0.021954
vn 0.921553 0.360012 0.145362
vn 0.969320 0.216325 -0.116716
vn 0.951384 0.297279 -0.080581
vn 0.935235 0.277230 -0.220181
vn 0.942834 0.316143 -0.105436
vn 0.901872 0.266508 -0.340001
vn 0.888430 0.388280 -0.244809
vn 0.912637 0.383364 -0.141868
vn 0.913342 0.406195 -0.028498
vn 0.837857 0.275687 -0.471160
vn 0.729507 0.298162 -0.615564
vn 0.744306 0.445121 -0.497871
vn 0.840995 0.406260 -0.357324
vn 0.562556 0.333523 -0.756501
vn 0.364093 0.370405 -0.854539
vn 0.362064 0.556698 -0.747661
vn 0.581481 0.503536 -0.639008
vn 0.170218 0.390091 -0.904906
vn -0.004950 0.393080 -0.919491
vn -0.017386 0.581698 -0.813219
vn 0.165853 0.579514 -0.797907
vn -0.209938 0.382247 -0.899896
vn -0.410470 0.345775 -0.843774
vn -0.439967 0.525724 -0.728041
vn -0.231955 0.569107 -0.788869
vn -0.601711 0.304869 -0.738240
vn -0.758699 0.285032 -0.585775
vn -0.774040 0.416684 -0.476693
vn -0.622661 0.466940 -0.627902
vn -0.859763 0.311198 -0.404924
vn -0.886347 0.378753 -0.266337
vn -0.869047 0.479730 -0.120902
vn -0.864917 0.421510 -0.272485
vn -0.864204 0.467386 -0.186284
vn -0.824478 0.542420 -0.161295
vn -0.752198 0.654860 -0.073192
vn -0.816945 0.572430 -0.070174
vn -0.801808 0.581103 -0.139367
vn -0.827792 0.556273 -0.072946
vn -0.705927 0.700074 -0.107536
vn -0.697092 0.710149 -0.098747
vn -0.875095 0.482117 0.042089
vn -0.887891 0.419571 0.188708
vn -0.802875 0.574296 0.159924
vn -0.776752 0.629248 -0.026509
vn -0.826665 0.427587 0.365779
vn -0.706220 0.488575 0.512394
vn -0.519271 0.682371 0.514516
vn -0.692832 0.610967 0.383019
vn -0.564370 0.542971 0.621827
vn -0.445639 0.558527 0.699609
vn -0.283977 0.729283 0.622498
vn -0.380662 0.723624 0.575729
vn -0.345071 0.551561 0.759412
vn -0.261072 0.522725 0.811542
vn -0.201955 0.682739 0.702197
vn -0.228671 0.715584 0.660038
vn -0.150598 0.487911 0.859804
vn -0.013646 0.457528 0.889091
vn -0.024797 0.612191 0.790321
vn -0.141308 0.643760 0.752067
vn 0.144060 0.442102 0.885320
vn 0.289157 0.437984 0.851210
vn 0.196121 0.628523 0.752659
vn 0.102408 0.609560 0.786097
vn 0.442239 0.417686 0.793702
vn 0.604032 0.375992 0.702691
vn 0.478496 0.542818 0.690210
vn 0.294912 0.616437 0.730091
vn 0.754086 0.342929 0.560138
vn 0.837977 0.362714 0.407718
vn 0.789082 0.510165 0.342171
vn 0.683882 0.480026 0.549437
vn 0.855741 0.430799 0.286566
vn 0.845996 0.487120 0.216806
vn 0.740496 0.649339 0.173277
vn 0.772834 0.597501 0.213821
vn 0.854177 0.501330 0.138021
vn 0.883566 0.465383 0.052250
vn 0.800755 0.588691 0.110614
vn 0.748756 0.648236 0.138400
vn 0.920837 0.389455 -0.019598
vn 0.870750 0.486429 0.071979
vn 0.848252 0.528574 -0.032844
vn 0.847204 0.526541 0.070716
vn 0.834445 0.543570 -0.090738
vn 0.708781 0.693028 0.131684
vn 0.684057 0.694991 0.221481
vn 0.628740 0.735593 0.252169
vn 0.783604 0.596982 -0.171979
vn 0.717303 0.650113 -0.250660
vn 0.631099 0.771148 0.083939
vn 0.592195 0.804573 0.044357
vn 0.588966 0.710660 -0.384814
vn 0.342859 0.767857 -0.541150
vn 0.298423 0.921665 -0.247947
vn 0.577052 0.816208 -0.028540
vn 0.146794 0.791580 -0.593172
vn -0.039616 0.793965 -0.606672
vn -0.069763 0.953247 -0.294030
vn 0.104110 0.950464 -0.292880
vn -0.265939 0.773456 -0.575363
vn -0.487445 0.728097 -0.481946
vn -0.524336 0.837804 -0.152171
vn -0.272479 0.924151 -0.267771
vn -0.659111 0.686278 -0.307563
vn -0.731902 0.652060 -0.197832
vn -0.555424 0.819131 0.143280
vn -0.680205 0.725402 0.105420
vn -0.783513 0.615161 -0.087661
vn -0.810473 0.583253 0.054306
vn -0.698565 0.681634 0.217676
vn -0.472789 0.880815 0.025192
vn -0.745178 0.664218 0.059363
vn -0.664514 0.746372 0.036738
vn -0.564385 0.810319 0.157648
vn -0.649340 0.736899 0.187983
vn -0.572118 0.819890 -0.021473
vn -0.502332 0.859142 -0.097661
vn -0.252774 0.967085 0.029180
vn -0.447481 0.888748 0.099439
vn -0.421326 0.906851 0.010313
vn -0.410571 0.907821 0.085400
vn 0.159010 0.987276 -0.001146
vn 0.069965 0.964797 0.253518
vn -0.345786 0.892151 0.290688
vn -0.236437 0.862767 0.446913
vn 0.012699 0.953895 0.299872
vn 0.014297 0.998928 -0.044027
vn -0.153473 0.864099 0.479353
vn -0.092046 0.860892 0.500392
vn 0.079508 0.926196 0.368563
vn 0.050677 0.931305 0.360698
vn -0.089715 0.855019 0.510777
vn -0.120739 0.837076 0.533597
vn -0.035174 0.930783 0.363876
vn 0.015457 0.932820 0.360010
vn -0.090745 0.829155 0.551605
vn -0.040411 0.818187 0.573530
vn -0.068720 0.961767 0.265106
vn 0.048334 0.950256 0.307697
vn 0.030052 0.812680 0.581935
vn 0.074587 0.819950 0.567555
vn -0.025494 0.929855 0.367043
vn -0.115924 0.940283 0.320047
vn 0.071793 0.815701 0.574001
vn 0.196864 0.809857 0.552608
vn -0.077948 0.981527 0.174726
vn -0.119947 0.926417 0.356880
vn 0.401943 0.817266 0.412939
vn 0.506399 0.822747 0.258163
vn -0.041005 0.971466 0.233607
vn -0.146801 0.979280 0.139501
vn 0.589378 0.796715 0.133714
vn 0.576668 0.805357 0.137309
vn 0.367958 0.920445 0.131865
vn 0.282692 0.953417 0.105267
vn 0.602397 0.783274 0.153620
vn 0.685396 0.698888 0.204424
vn 0.522303 0.793034 0.313523
vn 0.429188 0.882402 0.192783
vn 0.787964 0.583862 0.195494
vn 0.567715 0.772814 0.283652
vn 0.442512 0.693163 0.568954
vn 0.192636 0.889969 0.413335
vn 0.507533 0.768650 0.389341
vn 0.272107 0.736130 0.619734
vn 0.299796 0.558602 0.773360
vn -0.025286 0.922588 0.384956
vn 0.302497 0.931200 0.203378
vn 0.527115 0.782703 0.330945
vn 0.426789 0.731249 0.532095
vn -0.009855 0.930694 0.365665
vn 0.528586 0.788765 0.313762
vn 0.218864 0.966694 0.132667
vn 0.115550 0.878416 0.463717
vn 0.464023 0.681298 0.566142
vn -0.001472 0.993685 0.112199
vn -0.106111 0.984954 0.136400
vn -0.129996 0.860501 0.492585
vn -0.133702 0.881223 0.453397
vn -0.229647 0.960969 0.154278
vn -0.519891 0.820550 0.237509
vn -0.490127 0.640956 0.590720
vn -0.153547 0.834685 0.528889
vn -0.667751 0.622484 0.408194
vn -0.373370 0.899297 0.227726
vn 0.159359 0.942531 0.293665
vn -0.569560 0.475955 0.670126
vn -0.047498 0.997492 -0.052482
vn -0.528887 0.773604 0.349020
vn -0.290435 0.846474 0.446238
vn 0.379100 0.909490 -0.170619
vn -0.513199 0.799850 0.311234
vn -0.429646 0.855234 0.289792
vn -0.244863 0.869602 0.428759
vn -0.317138 0.846483 0.427656
vn -0.296818 0.917951 0.263184
vn -0.024903 0.962479 0.270210
vn 0.191799 0.820574 0.538397
vn -0.104632 0.882448 0.458627
vn 0.276516 0.809437 0.518026
vn 0.202825 0.978254 -0.043365
vn 0.270055 0.936696 -0.222871
vn 0.429676 0.620748 0.655782
vn 0.017900 0.927638 -0.373052
vn 0.151939 0.980855 0.121815
vn 0.219092 0.973712 -0.062315
vn -0.035291 0.772296 -0.634281
vn 0.222696 0.943062 0.247063
vn 0.214496 0.945426 0.245279
vn 0.291558 0.944766 0.149706
vn 0.344490 0.926559 0.151049
vn 0.069502 0.973927 0.215954
vn 0.057216 0.972223 0.226955
vn 0.173108 0.979558 0.102466
vn 0.089545 0.992843 0.079022
vn 0.242760 0.956711 0.160536
vn -0.110127 0.989551 0.093060
vn -0.200581 0.978799 0.041467
vn 0.409778 0.909595 0.068689
vn -0.292174 0.946467 0.137238
vn -0.096100 0.976963 0.190545
vn -0.141812 0.989122 0.039087
vn -0.451992 0.891433 0.032426
vn -0.200187 0.969481 0.141535
vn -0.066184 0.985563 -0.155836
vn 0.063630 0.915436 -0.397401
vn -0.184251 0.981307 -0.055571
vn -0.347769 0.936958 0.034139
vn -0.426586 0.844427 0.323986
vn -0.617693 0.666939 0.416711
vn -0.431644 0.901546 0.029957
vn -0.064153 0.985653 0.156116
vn 0.115784 0.979755 0.163320
vn -0.151740 0.965734 0.210554
vn -0.362229 0.898670 0.247353
vn 0.218893 0.942361 0.253063
vn 0.291445 0.878426 0.378717
vn -0.003421 0.938030 0.346537
vn -0.037743 0.952084 0.303500
vn 0.117619 0.987250 0.107250
vn -0.241022 0.940034 -0.241338
vn 0.167685 0.416561 0.893509
vn -0.365910 0.888043 0.278370
vn 0.073568 0.613973 0.785891
vn -0.053968 0.436880 0.897899
vn 0.068890 0.300116 0.951412
vn -0.645098 0.762947 0.041964
vn -0.259681 0.821190 0.508146
vn 0.326102 0.634159 0.701071
vn 0.272358 0.492722 0.826466
vn -0.404857 0.666820 0.625653
vn 0.393502 0.554966 0.732918
vn 0.011150 0.735089 0.677879
vn -0.082686 0.593032 0.800922
vn 0.347556 0.421058 0.837804
vn -0.262610 0.714294 0.648706
vn -0.155766 0.698234 0.698717
vn -0.193097 0.548558 0.813509
vn -0.372998 0.552026 0.745748
vn -0.106720 0.642774 0.758585
vn -0.511265 0.393463 0.764065
vn -0.587240 0.209279 0.781890
vn -0.115059 0.468626 0.875872
vn -0.462902 0.370455 0.805285
vn 0.637029 0.764798 0.096325
vn 0.776937 0.619435 -0.112561
vn -0.391861 0.366935 0.843685
vn 0.624759 0.732306 -0.270932
vn 0.003649 0.862433 0.506158
vn 0.304833 0.786933 0.536482
vn 0.751828 0.588997 -0.296373
vn -0.050214 0.849622 0.524997
vn -0.006999 0.827676 0.561163
vn 0.251771 0.711603 0.655921
vn 0.244612 0.773248 0.585023
vn 0.110454 0.752899 0.648801
vn 0.345291 0.556167 0.755944
vn 0.390224 0.306153 0.868329
vn 0.293118 0.551903 0.780695
vn 0.537156 0.466243 0.702909
vn 0.305966 0.829173 -0.467822
vn 0.234095 0.732611 -0.639125
vn 0.562200 0.420331 0.712217
vn -0.135730 0.602289 -0.786655
vn 0.223780 0.948520 -0.224127
vn 0.225698 0.892898 -0.389606
vn -0.197521 0.440760 -0.875623
vn 0.432475 0.897864 0.082501
vn 0.347065 0.936063 0.057720
vn 0.395064 0.917980 -0.035168
vn 0.507253 0.861547 0.020770
vn 0.129945 0.988739 -0.074227
vn 0.375585 0.924904 -0.059057
vn 0.650386 0.736369 -0.186437
vn 0.234953 0.942022 -0.239565
vn 0.554391 0.824250 -0.115166
vn -0.372995 0.923918 -0.085144
vn -0.596573 0.783367 -0.174463
vn 0.626271 0.727783 -0.279492
vn -0.572329 0.819016 -0.040641
vn -0.166147 0.981049 -0.099692
vn -0.175378 0.954395 -0.241602
vn -0.659522 0.744971 -0.100239
vn -0.103588 0.962881 -0.249258
vn 0.193112 0.788411 -0.584052
vn 0.324492 0.647255 -0.689758
vn 0.011168 0.896653 -0.442594
vn -0.533382 0.842527 -0.075185
vn -0.735825 0.496006 0.461021
vn -0.790081 0.370364 0.488469
vn -0.555349 0.811799 -0.180472
vn -0.574510 0.746769 0.335073
vn -0.396083 0.886111 0.240676
vn -0.594150 0.768725 0.236743
vn -0.721296 0.557844 0.410539
vn -0.309612 0.899126 0.309374
vn -0.318171 0.922972 0.216539
vn -0.580325 0.813310 0.041845
vn -0.545730 0.798462 0.254240
vn -0.458485 0.711694 -0.532244
vn -0.525957 0.499679 -0.688252
vn 0.014351 0.237808 0.971206
vn -0.748115 0.657761 -0.087604
vn -0.143209 0.262746 0.954178
vn -0.200756 0.183742 0.962256
vn -0.072821 0.220014 0.972775
vn -0.811687 0.565039 -0.147966
vn -0.448917 0.470387 0.759743
vn 0.284236 0.327090 0.901234
vn 0.327758 0.233449 0.915465
vn -0.370910 0.339115 0.864538
vn 0.294137 0.313306 0.902952
vn -0.171901 0.464111 0.868937
vn -0.258215 0.359403 0.896747
vn 0.222741 0.265230 0.938104
vn -0.460644 0.412188 0.786071
vn -0.263305 0.418026 0.869439
vn -0.378529 0.285810 0.880357
vn -0.536268 0.296375 0.790303
vn -0.194027 0.296554 0.935098
vn -0.616167 0.070882 0.784419
vn -0.614265 0.036355 0.788262
vn -0.383639 0.131129 0.914126
vn -0.178490 0.395276 0.901054
vn 0.843933 0.495883 -0.204640
vn 0.896440 0.398556 -0.193772
vn 0.144218 0.454488 0.879000
vn 0.843174 0.492461 -0.215732
vn 0.534500 0.651374 0.538538
vn 0.685857 0.521978 0.507090
vn 0.906482 0.402817 -0.126609
vn 0.482854 0.634923 0.603096
vn 0.438228 0.539766 0.718755
vn 0.505467 0.388983 0.770192
vn 0.606751 0.503307 0.615251
vn 0.386361 0.339468 0.857605
vn 0.389189 0.149586 0.908931
vn 0.356779 0.106431 0.928106
vn 0.364732 0.187688 0.912000
vn 0.583335 0.451353 0.675278
vn 0.162870 0.647920 -0.744093
vn 0.125956 0.586478 -0.800112
vn 0.602028 0.532735 0.594774
vn -0.170001 0.337811 -0.925734
vn 0.265661 0.787090 -0.556698
vn 0.295114 0.667551 -0.683581
vn -0.125408 0.293851 -0.947589
vn 0.577704 0.813568 -0.066073
vn 0.461137 0.878965 -0.121544
vn 0.572987 0.793477 -0.205133
vn 0.621995 0.756312 -0.202768
vn 0.425306 0.830486 -0.359731
vn 0.832213 0.507723 -0.222797
vn 0.907676 0.329948 -0.259344
vn 0.670716 0.631968 -0.388274
vn 0.610736 0.732159 -0.301570
vn -0.697675 0.700867 -0.148441
vn -0.731780 0.654463 -0.190202
vn 0.475673 0.775555 -0.415031
vn -0.677836 0.711963 -0.183429
vn -0.167739 0.899190 -0.404130
vn -0.141169 0.811207 -0.567464
vn -0.677105 0.670225 -0.303853
vn 0.111122 0.782645 -0.612470
vn 0.395743 0.542436 -0.741047
vn 0.391131 0.456080 -0.799380
vn 0.199589 0.632319 -0.748557
vn -0.473657 0.845941 -0.245014
vn -0.787071 0.331363 0.520306
vn -0.779025 0.348829 0.520997
vn -0.435637 0.837534 -0.329782
vn -0.784402 0.392696 0.480108
vn -0.739465 0.634764 0.224203
vn -0.816184 0.525422 0.240365
vn -0.788611 0.290326 0.542036
vn -0.713073 0.683741 0.155000
vn -0.739920 0.658776 -0.136134
vn -0.793333 0.530707 -0.298281
vn -0.808460 0.586143 0.053188
vn -0.552779 0.366340 -0.748486
vn -0.576807 0.303930 -0.758235
vn -0.280319 0.259465 0.924175
vn -0.845081 0.516189 -0.139234
vn -0.182433 0.140169 0.973176
vn -0.059789 0.198679 0.978239
vn -0.405665 0.409309 0.817253
vn -0.824867 0.562654 -0.054920
vn -0.113107 0.256955 0.959782
vn 0.364240 0.183637 0.913021
vn 0.344131 0.123661 0.930743
vn 0.207055 0.161110 0.964973
vn 0.070336 0.250051 0.965674
vn -0.347379 0.283904 0.893715
vn -0.442927 0.205805 0.872617
vn -0.073430 0.194643 0.978122
vn -0.647598 0.196245 0.736278
vn -0.553819 0.146534 0.819641
vn -0.739660 0.071019 0.669223
vn -0.757959 0.122640 0.640669
vn -0.538906 0.036079 0.841593
vn -0.487495 0.133230 0.862901
vn -0.244657 0.297055 0.922985
vn -0.595516 0.084872 0.798847
vn 0.375505 0.458608 0.805404
vn 0.938346 0.314957 -0.142510
vn 0.945076 0.308567 -0.107782
vn 0.487990 0.493580 0.719892
vn 0.945764 0.308965 -0.100353
vn 0.776242 0.435268 0.456060
vn 0.821833 0.372122 0.431411
vn 0.953581 0.266176 -0.140833
vn 0.642416 0.403569 0.651486
vn 0.486205 0.275400 0.829313
vn 0.431457 0.171854 0.885613
vn 0.625367 0.309719 0.716234
vn 0.299069 0.089872 0.949990
vn 0.345726 0.118233 0.930857
vn 0.386081 0.195423 0.901528
vn 0.254579 0.034612 0.966432
vn 0.662534 0.605345 0.441142
vn 0.168654 0.477487 -0.862300
vn 0.203398 0.454805 -0.867054
vn 0.676184 0.699098 0.232461
vn -0.048200 0.245856 -0.968107
vn 0.316177 0.546433 -0.775528
vn 0.328276 0.436666 -0.837590
vn 0.009971 0.205299 -0.978648
vn 0.641566 0.681839 -0.351409
vn 0.711973 0.655143 -0.252748
vn 0.844714 0.479081 -0.238622
vn 0.673965 0.559932 -0.481922
vn 0.886766 0.374143 -0.271410
vn 0.914418 0.300999 -0.270626
vn 0.873076 0.438551 -0.213100
vn 0.957227 0.275460 -0.088532
vn 0.278004 0.786640 -0.551282
vn -0.739573 0.587665 -0.328148
vn -0.688602 0.564973 -0.454569
vn 0.170420 0.806747 -0.565789
vn -0.679439 0.584585 -0.443421
vn -0.112384 0.697223 -0.707990
vn -0.119647 0.567316 -0.814762
vn -0.691756 0.481433 -0.538234
vn 0.309948 0.459802 -0.832175
vn 0.361825 0.374953 -0.853518
vn 0.376231 0.381567 -0.844309
vn 0.391409 0.339444 -0.855323
vn -0.434749 0.779623 -0.450756
vn -0.796946 0.399389 0.453173
vn -0.799444 0.503052 0.328371
vn -0.384099 0.780774 -0.492808
vn -0.785915 0.226177 0.575484
vn -0.851616 0.437299 0.288999
vn -0.874890 0.347873 0.336975
vn -0.778401 0.232905 0.582964
vn -0.852428 0.520445 -0.050042
vn -0.771793 0.415875 -0.481024
vn -0.695812 0.325801 -0.640078
vn -0.884899 0.442769 -0.144601
vn -0.601664 0.260781 -0.754979
vn -0.630051 0.285600 -0.722128
vn -0.378148 0.539652 0.752184
vn -0.744895 0.650106 0.149979
vn 0.079126 0.288955 0.954067
vn -0.014657 0.335356 0.941978
vn -0.327090 0.588507 0.739373
vn -0.556408 0.738899 0.380051
vn 0.332750 0.140631 0.932470
vn 0.179998 0.125687 0.975604
vn -0.056750 0.116039 0.991622
vn 0.183056 0.096022 0.978402
vn -0.201586 0.156322 0.966916
vn -0.526784 0.141967 0.838059
vn -0.570742 0.145726 0.808095
vn -0.311570 0.152834 0.937852
vn -0.816043 0.089657 0.570995
vn -0.831278 0.104604 0.545926
vn -0.757541 0.207054 0.619081
vn -0.816338 0.114140 0.566184
vn -0.560558 0.250269 0.789392
vn -0.097166 0.437868 0.893773
vn -0.010267 0.535582 0.844421
vn -0.433700 0.389785 0.812387
vn 0.484887 0.530720 0.695141
vn 0.935891 0.351401 -0.025013
vn 0.866604 0.427530 0.257324
vn 0.443521 0.565452 0.695380
vn 0.963382 0.249803 -0.097434
vn 0.818458 0.297281 0.491682
vn 0.759610 0.278846 0.587569
vn 0.963278 0.257719 0.075347
vn 0.564191 0.221296 0.795435
vn 0.344799 0.100598 0.933270
vn 0.283532 0.198648 0.938162
vn 0.489494 0.233800 0.840079
vn 0.261409 0.093763 0.960663
vn 0.480832 0.427023 0.765801
vn 0.551298 0.687320 0.472929
vn 0.332239 0.332190 0.882761
vn 0.619924 0.782098 0.063382
vn 0.254038 0.490843 -0.833390
vn 0.343142 0.589126 -0.731562
vn 0.601706 0.797655 -0.041179
vn 0.066211 0.212653 -0.974882
vn 0.349913 0.347866 -0.869799
vn 0.406685 0.346305 -0.845387
vn 0.149000 0.274654 -0.949929
vn 0.707685 0.446861 -0.547264
vn 0.912906 0.372370 -0.167164
vn 0.913841 0.370155 -0.166971
vn 0.723076 0.416165 -0.551333
vn 0.950459 0.310817 -0.004454
vn 0.776087 0.586974 -0.230546
vn 0.645731 0.706881 -0.288705
vn 0.897888 0.436479 -0.057308
vn 0.206594 0.829200 -0.519371
vn -0.519926 0.647298 -0.557388
vn -0.182126 0.781739 -0.596417
vn 0.280475 0.829024 -0.483790
vn -0.642731 0.437436 -0.628925
vn -0.170456 0.438671 -0.882334
vn -0.244119 0.541939 -0.804181
vn -0.490398 0.573718 -0.656017
vn 0.351067 0.307467 -0.884430
vn 0.328891 0.480086 -0.813233
vn 0.159564 0.684215 -0.711610
vn 0.217470 0.469885 -0.855520
vn -0.304644 0.838112 -0.452505
vn -0.722949 0.669631 0.170116
vn -0.531616 0.845656 -0.047424
vn -0.252337 0.883063 -0.395634
vn -0.800442 0.344890 0.490249
vn -0.906890 0.306221 0.289446
vn -0.831381 0.526654 0.177318
vn -0.750859 0.610549 0.251874
vn -0.914852 0.335336 -0.224934
vn -0.692403 0.280638 -0.664696
vn -0.702455 0.492285 -0.514016
vn -0.854312 0.479693 -0.200115
vn -0.699391 0.400979 -0.591665
vn -0.716052 0.630771 -0.298994
vn -0.713084 -0.698239 0.063029
vn -0.470813 -0.856475 -0.211625
vn -0.439569 -0.894568 -0.080793
vn 0.396358 -0.917509 0.032814
vn -0.762867 -0.633654 -0.128517
vn -0.266316 -0.949167 -0.167802
vn -0.176973 -0.983691 -0.032145
vn 0.260444 -0.965421 -0.011448
vn 0.522608 -0.850245 0.062964
vn 0.893320 -0.448077 0.034726
vn 0.950859 -0.309433 0.010872
vn 0.850563 -0.513846 0.111824
vn 0.487099 -0.867785 0.098406
vn 0.573434 -0.793356 0.204354
vn 0.252661 -0.965364 0.065070
vn 0.454507 -0.861165 0.227637
vn 0.165932 -0.982329 0.086578
vn 0.460530 -0.874039 0.154815
vn 0.190200 -0.981306 0.029372
vn 0.489952 -0.871748 -0.001571
vn 0.188275 -0.981653 -0.030176
vn 0.480862 -0.868244 -0.122160
vn 0.206181 -0.977793 -0.037543
vn 0.533785 -0.835409 -0.131017
vn 0.357644 -0.932881 -0.042718
vn 0.750163 -0.659488 -0.048281
vn 0.744190 -0.667888 -0.010329
vn 0.922794 -0.381828 0.051562
vn 0.923191 -0.382689 0.035589
vn 0.614556 -0.787233 0.050837
vn 0.178539 -0.983686 -0.022050
vn 0.021218 -0.997107 0.072984
vn -0.473310 -0.876794 0.084909
vn -0.434052 -0.881972 0.183641
vn -0.786142 -0.617566 -0.024364
vn -0.510607 -0.849802 0.130831
vn -0.662697 -0.730677 -0.164145
vn -0.413522 -0.910334 -0.017058
vn -0.653765 -0.751830 -0.085687
vn -0.399487 -0.916048 -0.035585
vn -0.665291 -0.745518 0.039892
vn -0.194562 0.746921 0.635810
vn -0.060454 0.961665 0.267481
vn 0.026776 0.805764 0.591632
vn 0.046845 0.979176 0.197535
vn 0.034863 0.352001 0.935350
vn -0.047877 0.698133 0.714366
vn -0.340565 0.282840 0.896670
vn -0.311083 0.742306 0.593472
vn -0.694551 0.387133 0.606406
vn -0.381773 0.821079 0.424357
vn -0.321399 0.682012 0.656934
vn -0.001405 0.911311 0.411716
vn 0.327322 0.797938 0.506118
vn 0.349235 0.916354 0.195780
vn 0.788270 0.553620 0.268579
vn 0.315549 0.873893 0.369784
vn 0.416564 0.507718 0.754120
vn 0.115117 0.845147 0.521991
vn 0.247651 0.690979 0.679129
vn 0.158508 0.967471 0.197168
vn 0.389810 0.918986 -0.059275
vn 0.115998 0.964610 -0.236797
vn 0.220226 0.575351 -0.787700
vn 0.261195 0.908175 -0.327102
vn 0.634214 0.618114 -0.464444
vn 0.468549 0.883429 0.003825
vn 0.656955 0.753801 -0.013951
vn 0.318111 0.947008 0.044516
vn 0.281499 0.942224 -0.181583
vn 0.070331 0.997405 -0.015381
vn -0.213800 0.940303 -0.264802
vn -0.067298 0.994334 -0.082283
vn 0.080988 0.894986 -0.438682
vn 0.053008 0.997164 -0.053426
vn -0.112277 0.983131 -0.144388
vn -0.055717 0.993089 0.103299
vn -0.343705 0.927997 0.143834
vn -0.137505 0.974189 0.179021
vn -0.426589 0.904181 0.021893
vn -0.106598 0.994286 -0.005735
vn -0.347491 0.936666 -0.043662
s 1
g pSphere1
usemtl initialShadingGroup
f 1/836/1 783/837/2 1163/838/3 786/839/4
f 783/837/2 2/840/5 784/841/6 1163/838/3
f 1163/838/3 784/841/6 22/848/7 785/842/8
f 786/839/4 1163/838/3 785/842/8 21/843/9
f 2/840/5 787/846/10 1164/847/11 784/841/6
f 787/787/10 3/790/12 788/794/13 1164/795/11
f 1164/847/11 788/862/13 23/863/14 789/854/15
f 784/841/6 1164/847/11 789/854/15 22/848/7
f 3/790/12 790/797/16 1165/800/17 788/794/13
f 790/797/16 4/803/18 791/804/19 1165/800/17
f 1165/800/17 791/804/19 24/807/20 792/808/21
f 788/862/13 1165/873/17 792/874/21 23/863/14
f 4/993/18 793/981/22 1166/967/23 791/994/19
f 793/981/22 5/982/24 794/968/25 1166/967/23
f 1166/967/23 794/968/25 25/956/26 795/955/27
f 791/804/19 1166/811/23 795/812/27 24/807/20
f 5/1/24 796/2/28 1167/3/29 794/4/25
f 796/2/28 6/7/30 797/8/31 1167/3/29
f 1167/1026/29 797/1027/31 26/1011/32 798/1010/33
f 794/4/25 1167/3/29 798/9/33 25/10/26
f 6/1060/30 799/1061/34 1168/1043/35 797/1027/31
f 799/1061/34 7/1079/36 800/1062/37 1168/1043/35
f 1168/1043/35 800/1062/37 27/1044/38 801/1028/39
f 797/1027/31 1168/1043/35 801/1028/39 26/1011/32
f 7/1079/36 802/1103/40 1169/1080/41 800/1062/37
f 802/1103/40 8/1124/42 803/1104/43 1169/1080/41
f 1169/1080/41 803/1104/43 28/1081/44 804/1063/45
f 800/1062/37 1169/1080/41 804/1063/45 27/1044/38
f 8/1124/42 805/1148/46 1170/1125/47 803/1104/43
f 805/1148/46 9/1167/48 806/1149/49 1170/1125/47
f 1170/1125/47 806/1149/49 29/1126/50 807/1105/51
f 803/1104/43 1170/1125/47 807/1105/51 28/1081/44
f 9/1167/48 808/1187/52 1171/1168/53 806/1149/49
f 808/1187/52 10/1202/54 809/1188/55 1171/1168/53
f 1171/1168/53 809/1188/55 30/1169/56 810/1150/57
f 806/1149/49 1171/1168/53 810/1150/57 29/1126/50
f 10/1202/54 811/1215/58 1172/1203/59 809/1188/55
f 811/1215/58 11/1223/60 812/1216/61 1172/1203/59
f 1172/1203/59 812/1216/61 31/1204/62 813/1189/63
f 809/1188/55 1172/1203/59 813/1189/63 30/1169/56
f 11/1223/60 814/1225/64 1173/1221/65 812/1216/61
f 814/1225/64 12/1220/66 815/1212/67 1173/1221/65
f 1173/1221/65 815/1212/67 32/1199/68 816/1213/69
f 812/1216/61 1173/1221/65 816/1213/69 31/1204/62
f 12/1220/66 817/1211/70 1174/1198/71 815/1212/67
f 817/1211/70 13/1197/72 818/1181/73 1174/1198/71
f 1174/1198/71 818/1181/73 33/1161/74 819/1182/75
f 815/1212/67 1174/1198/71 819/1182/75 32/1199/68
f 13/1197/72 820/1179/76 1175/1160/77 818/1181/73
f 820/1179/76 14/1180/78 821/1136/79 1175/1160/77
f 1175/1160/77 821/1136/79 34/1115/80 822/1138/81
f 818/1181/73 1175/1160/77 822/1138/81 33/1161/74
f 14/39/78 823/42/82 1176/44/83 821/45/79
f 823/42/82 15/41/84 824/43/85 1176/44/83
f 1176/44/83 824/43/85 35/46/86 825/47/87
f 821/1136/79 1176/1137/83 825/1116/87 34/1115/80
f 15/1075/84 826/1076/88 1177/1057/89 824/1056/85
f 826/1076/88 16/1097/90 827/1098/91 1177/1057/89
f 1177/832/89 827/829/91 36/831/92 828/833/93
f 824/1056/85 1177/1057/89 828/1040/93 35/1039/86
f 16/828/90 829/823/94 1178/827/95 827/829/91
f 829/823/94 17/821/96 830/826/97 1178/827/95
f 1178/953/95 830/939/97 37/940/98 831/954/99
f 827/829/91 1178/827/95 831/830/99 36/831/92
f 17/821/96 832/819/100 1179/825/101 830/826/97
f 832/913/100 18/897/102 833/898/103 1179/914/101
f 1179/914/101 833/898/103 38/912/104 834/926/105
f 830/939/97 1179/914/101 834/926/105 37/940/98
f 18/897/102 835/884/106 1180/885/107 833/898/103
f 835/884/106 19/871/108 836/872/109 1180/885/107
f 1180/885/107 836/872/109 39/883/110 837/896/111
f 833/898/103 1180/885/107 837/896/111 38/912/104
f 19/871/108 838/860/112 1181/861/113 836/872/109
f 838/860/112 20/852/114 839/853/115 1181/861/113
f 1181/861/113 839/853/115 40/859/116 840/870/117
f 836/872/109 1181/861/113 840/870/117 39/883/110
f 20/852/114 841/844/118 1182/845/119 839/853/115
f 841/844/118 1/836/1 786/839/4 1182/845/119
f 1182/845/119 786/839/4 21/843/9 842/851/120
f 839/853/115 1182/845/119 842/851/120 40/859/116
f 21/843/9 785/842/8 1183/849/121 845/850/122
f 785/842/8 22/848/7 843/855/123 1183/849/121
f 1183/849/121 843/855/123 42/865/124 844/856/125
f 845/850/122 1183/849/121 844/856/125 41/857/126
f 22/848/7 789/854/15 1184/864/127 843/855/123
f 789/854/15 23/863/14 846/875/128 1184/864/127
f 1184/864/127 846/875/128 43/887/129 847/876/130
f 843/855/123 1184/864/127 847/876/130 42/865/124
f 23/863/14 792/874/21 1185/886/131 846/875/128
f 792/874/21 24/899/20 848/900/132 1185/886/131
f 1185/886/131 848/900/132 44/915/133 849/901/134
f 846/875/128 1185/886/131 849/901/134 43/887/129
f 24/807/20 795/812/27 1186/815/135 848/816/132
f 795/955/27 25/956/26 850/941/136 1186/927/135
f 1186/927/135 850/941/136 45/942/137 851/928/138
f 848/900/132 1186/927/135 851/928/138 44/915/133
f 25/10/26 798/9/33 1187/15/139 850/16/136
f 798/1010/33 26/1011/32 852/996/140 1187/995/139
f 1187/995/139 852/996/140 46/983/141 853/969/142
f 850/16/136 1187/15/139 853/21/142 45/22/137
f 26/1011/32 801/1028/39 1188/1012/143 852/996/140
f 801/1028/39 27/1044/38 854/1029/144 1188/1012/143
f 1188/1012/143 854/1029/144 47/1013/145 855/997/146
f 852/996/140 1188/1012/143 855/997/146 46/983/141
f 27/1044/38 804/1063/45 1189/1045/147 854/1029/144
f 804/1063/45 28/1081/44 856/1064/148 1189/1045/147
f 1189/1045/147 856/1064/148 48/1046/149 857/1030/150
f 854/1029/144 1189/1045/147 857/1030/150 47/1013/145
f 28/1081/44 807/1105/51 1190/1082/151 856/1064/148
f 807/1105/51 29/1126/50 858/1106/152 1190/1082/151
f 1190/1082/151 858/1106/152 49/1083/153 859/1065/154
f 856/1064/148 1190/1082/151 859/1065/154 48/1046/149
f 29/1126/50 810/1150/57 1191/1127/155 858/1106/152
f 810/1150/57 30/1169/56 860/1151/156 1191/1127/155
f 1191/1127/155 860/1151/156 50/1128/157 861/1107/158
f 858/1106/152 1191/1127/155 861/1107/158 49/1083/153
f 30/1169/56 813/1189/63 1192/1170/159 860/1151/156
f 813/1189/63 31/1204/62 862/1190/160 1192/1170/159
f 1192/1170/159 862/1190/160 51/1171/161 863/1152/162
f 860/1151/156 1192/1170/159 863/1152/162 50/1128/157
f 31/1204/62 816/1213/69 1193/1200/163 862/1190/160
f 816/1213/69 32/1199/68 864/1183/164 1193/1200/163
f 1193/1200/163 864/1183/164 52/1163/165 865/1184/166
f 862/1190/160 1193/1200/163 865/1184/166 51/1171/161
f 32/1199/68 819/1182/75 1194/1162/167 864/1183/164
f 819/1182/75 33/1161/74 866/1139/168 1194/1162/167
f 1194/1162/167 866/1139/168 53/1118/169 867/1140/170
f 864/1183/164 1194/1162/167 867/1140/170 52/1163/165
f 33/1161/74 822/1138/81 1195/1117/171 866/1139/168
f 822/1138/81 34/1115/80 868/1091/172 1195/1117/171
f 1195/1117/171 868/1091/172 54/1073/173 869/1093/174
f 866/1139/168 1195/1117/171 869/1093/174 53/1118/169
f 34/1115/80 825/1116/87 1196/1092/175 868/1091/172
f 825/47/87 35/46/86 870/48/176 1196/49/175
f 1196/49/175 870/48/176 55/50/177 871/51/178
f 868/1091/172 1196/1092/175 871/1054/178 54/1073/173
f 35/1039/86 828/1040/93 1197/1006/179 870/1022/176
f 828/833/93 36/831/92 872/834/180 1197/835/179
f 1197/1006/179 872/980/180 56/992/181 873/1007/182
f 870/1022/176 1197/1006/179 873/1007/182 55/1023/177
f 36/979/92 831/954/99 1198/966/183 872/980/180
f 831/954/99 37/940/98 874/952/184 1198/966/183
f 1198/966/183 874/952/184 57/965/185 875/978/186
f 872/980/180 1198/966/183 875/978/186 56/992/181
f 37/940/98 834/926/105 1199/938/187 874/952/184
f 834/926/105 38/912/104 876/925/188 1199/938/187
f 1199/938/187 876/925/188 58/937/189 877/951/190
f 874/952/184 1199/938/187 877/951/190 57/965/185
f 38/912/104 837/896/111 1200/911/191 876/925/188
f 837/896/111 39/883/110 878/895/192 1200/911/191
f 1200/911/191 878/895/192 59/910/193 879/924/194
f 876/925/188 1200/911/191 879/924/194 58/937/189
f 39/883/110 840/870/117 1201/882/195 878/895/192
f 840/870/117 40/859/116 880/869/196 1201/882/195
f 1201/882/195 880/869/196 60/881/197 881/894/198
f 878/895/192 1201/882/195 881/894/198 59/910/193
f 40/859/116 842/851/120 1202/858/199 880/869/196
f 842/851/120 21/843/9 845/850/122 1202/858/199
f 1202/858/199 845/850/122 41/857/126 882/868/200
f 880/869/196 1202/858/199 882/868/200 60/881/197
f 41/857/126 844/856/125 1203/866/201 885/867/202
f 844/856/125 42/865/124 883/877/203 1203/866/201
f 1203/866/201 883/877/203 62/889/204 884/878/205
f 885/867/202 1203/866/201 884/878/205 61/879/206
f 42/865/124 847/876/130 1204/888/207 883/877/203
f 847/876/130 43/887/129 886/902/208 1204/888/207
f 1204/888/207 886/902/208 63/917/209 887/903/210
f 883/877/203 1204/888/207 887/903/210 62/889/204
f 43/887/129 849/901/134 1205/916/211 886/902/208
f 849/901/134 44/915/133 888/929/212 1205/916/211
f 1205/916/211 888/929/212 64/944/213 889/930/214
f 886/902/208 1205/916/211 889/930/214 63/917/209
f 44/915/133 851/928/138 1206/943/215 888/929/212
f 851/928/138 45/942/137 890/957/216 1206/943/215
f 1206/943/215 890/957/216 65/971/217 891/958/218
f 888/929/212 1206/943/215 891/958/218 64/944/213
f 45/942/137 853/969/142 1207/970/219 890/957/216
f 853/969/142 46/983/141 892/984/220 1207/970/219
f 1207/970/219 892/984/220 66/999/221 893/985/222
f 890/957/216 1207/970/219 893/985/222 65/971/217
f 46/983/141 855/997/146 1208/998/223 892/984/220
f 855/997/146 47/1013/145 894/1014/224 1208/998/223
f 1208/998/223 894/1014/224 67/1032/225 895/1015/226
f 892/984/220 1208/998/223 895/1015/226 66/999/221
f 47/1013/145 857/1030/150 1209/1031/227 894/1014/224
f 857/1030/150 48/1046/149 896/1047/228 1209/1031/227
f 1209/1031/227 896/1047/228 68/1067/229 897/1048/230
f 894/1014/224 1209/1031/227 897/1048/230 67/1032/225
f 48/1046/149 859/1065/154 1210/1066/231 896/1047/228
f 859/1065/154 49/1083/153 898/1084/232 1210/1066/231
f 1210/1066/231 898/1084/232 69/1109/233 899/1085/234
f 896/1047/228 1210/1066/231 899/1085/234 68/1067/229
f 49/1083/153 861/1107/158 1211/1108/235 898/1084/232
f 861/1107/158 50/1128/157 900/1129/236 1211/1108/235
f 1211/1108/235 900/1129/236 70/1154/237 901/1130/238
f 898/1084/232 1211/1108/235 901/1130/238 69/1109/233
f 50/1128/157 863/1152/162 1212/1153/239 900/1129/236
f 863/1152/162 51/1171/161 902/1172/240 1212/1153/239
f 1212/1153/239 902/1172/240 71/1191/241 903/1173/242
f 900/1129/236 1212/1153/239 903/1173/242 70/1154/237
f 51/1171/161 865/1184/166 1213/1185/243 902/1172/240
f 865/1184/166 52/1163/165 904/1164/244 1213/1185/243
f 1213/1185/243 904/1164/244 72/1178/245 905/1196/246
f 902/1172/240 1213/1185/243 905/1196/246 71/1191/241
f 52/1163/165 867/1140/170 1214/1141/247 904/1164/244
f 867/1140/170 53/1118/169 906/1119/248 1214/1141/247
f 1214/1141/247 906/1119/248 73/1135/249 907/1159/250
f 904/1164/244 1214/1141/247 907/1159/250 72/1178/245
f 53/1118/169 869/1093/174 1215/1094/251 906/1119/248
f 869/1093/174 54/1073/173 908/1074/252 1215/1094/251
f 1215/1094/251 908/1074/252 74/1090/253 909/1114/254
f 906/1119/248 1215/1094/251 909/1114/254 73/1135/249
f 54/1073/173 871/1054/178 1216/1055/255 908/1074/252
f 871/1054/178 55/1023/177 910/1038/256 1216/1055/255
f 1216/1055/255 910/1038/256 75/1053/257 911/1072/258
f 908/1074/252 1216/1055/255 911/1072/258 74/1090/253
f 55/1023/177 873/1007/182 1217/1021/259 910/1038/256
f 873/1007/182 56/992/181 912/1005/260 1217/1021/259
f 1217/1021/259 912/1005/260 76/1020/261 913/1037/262
f 910/1038/256 1217/1021/259 913/1037/262 75/1053/257
f 56/992/181 875/978/186 1218/991/263 912/1005/260
f 875/978/186 57/965/185 914/977/264 1218/991/263
f 1218/991/263 914/977/264 77/990/265 915/1004/266
f 912/1005/260 1218/991/263 915/1004/266 76/1020/261
f 57/965/185 877/951/190 1219/964/267 914/977/264
f 877/951/190 58/937/189 916/950/268 1219/964/267
f 1219/964/267 916/950/268 78/963/269 917/976/270
f 914/977/264 1219/964/267 917/976/270 77/990/265
f 58/937/189 879/924/194 1220/936/271 916/950/268
f 879/924/194 59/910/193 918/923/272 1220/936/271
f 1220/936/271 918/923/272 79/935/273 919/949/274
f 916/950/268 1220/936/271 919/949/274 78/963/269
f 59/910/193 881/894/198 1221/909/275 918/923/272
f 881/894/198 60/881/197 920/893/276 1221/909/275
f 1221/909/275 920/893/276 80/908/277 921/922/278
f 918/923/272 1221/909/275 921/922/278 79/935/273
f 60/881/197 882/868/200 1222/880/279 920/893/276
f 882/868/200 41/857/126 885/867/202 1222/880/279
f 1222/880/279 885/867/202 61/879/206 922/892/280
f 920/893/276 1222/880/279 922/892/280 80/908/277
f 61/879/206 884/878/205 1223/890/281 925/891/282
f 884/878/205 62/889/204 923/904/283 1223/890/281
f 1223/890/281 923/904/283 82/919/284 924/905/285
f 925/891/282 1223/890/281 924/905/285 81/906/286
f 62/889/204 887/903/210 1224/918/287 923/904/283
f 887/903/210 63/917/209 926/931/288 1224/918/287
f 1224/918/287 926/931/288 83/946/289 927/932/290
f 923/904/283 1224/918/287 927/932/290 82/919/284
f 63/917/209 889/930/214 1225/945/291 926/931/288
f 889/930/214 64/944/213 928/959/292 1225/945/291
f 1225/945/291 928/959/292 84/973/293 929/960/294
f 926/931/288 1225/945/291 929/960/294 83/946/289
f 64/944/213 891/958/218 1226/972/295 928/959/292
f 891/958/218 65/971/217 930/986/296 1226/972/295
f 1226/972/295 930/986/296 85/1001/297 931/987/298
f 928/959/292 1226/972/295 931/987/298 84/973/293
f 65/971/217 893/985/222 1227/1000/299 930/986/296
f 893/985/222 66/999/221 932/1016/300 1227/1000/299
f 1227/1000/299 932/1016/300 86/1034/301 933/1017/302
f 930/986/296 1227/1000/299 933/1017/302 85/1001/297
f 66/999/221 895/1015/226 1228/1033/303 932/1016/300
f 895/1015/226 67/1032/225 934/1049/304 1228/1033/303
f 1228/1033/303 934/1049/304 87/1069/305 935/1050/306
f 932/1016/300 1228/1033/303 935/1050/306 86/1034/301
f 67/1032/225 897/1048/230 1229/1068/307 934/1049/304
f 897/1048/230 68/1067/229 936/1086/308 1229/1068/307
f 1229/1068/307 936/1086/308 88/1111/309 937/1087/310
f 934/1049/304 1229/1068/307 937/1087/310 87/1069/305
f 68/1067/229 899/1085/234 1230/1110/311 936/1086/308
f 899/1085/234 69/1109/233 938/1131/312 1230/1110/311
f 1230/1110/311 938/1131/312 89/1156/313 939/1132/314
f 936/1086/308 1230/1110/311 939/1132/314 88/1111/309
f 69/1109/233 901/1130/238 1231/1155/315 938/1131/312
f 901/1130/238 70/1154/237 940/1174/316 1231/1155/315
f 1231/1155/315 940/1174/316 90/1193/317 941/1175/318
f 938/1131/312 1231/1155/315 941/1175/318 89/1156/313
f 70/1154/237 903/1173/242 1232/1192/319 940/1174/316
f 903/1173/242 71/1191/241 942/1205/320 1232/1192/319
f 1232/1192/319 942/1205/320 91/1217/321 943/1206/322
f 940/1174/316 1232/1192/319 943/1206/322 90/1193/317
f 71/1191/241 905/1196/246 1233/1208/323 942/1205/320
f 905/1196/246 72/1178/245 944/1195/324 1233/1208/323
f 1233/1208/323 944/1195/324 92/1207/325 945/1218/326
f 942/1205/320 1233/1208/323 945/1218/326 91/1217/321
f 72/1178/245 907/1159/250 1234/1177/327 944/1195/324
f 907/1159/250 73/1135/249 946/1158/328 1234/1177/327
f 1234/1177/327 946/1158/328 93/1176/329 947/1194/330
f 944/1195/324 1234/1177/327 947/1194/330 92/1207/325
f 73/1135/249 909/1114/254 1235/1134/331 946/1158/328
f 909/1114/254 74/1090/253 948/1113/332 1235/1134/331
f 1235/1134/331 948/1113/332 94/1133/333 949/1157/334
f 946/1158/328 1235/1134/331 949/1157/334 93/1176/329
f 74/1090/253 911/1072/258 1236/1089/335 948/1113/332
f 911/1072/258 75/1053/257 950/1071/336 1236/1089/335
f 1236/1089/335 950/1071/336 95/1088/337 951/1112/338
f 948/1113/332 1236/1089/335 951/1112/338 94/1133/333
f 75/1053/257 913/1037/262 1237/1052/339 950/1071/336
f 913/1037/262 76/1020/261 952/1036/340 1237/1052/339
f 1237/1052/339 952/1036/340 96/1051/341 953/1070/342
f 950/1071/336 1237/1052/339 953/1070/342 95/1088/337
f 76/1020/261 915/1004/266 1238/1019/343 952/1036/340
f 915/1004/266 77/990/265 954/1003/344 1238/1019/343
f 1238/1019/343 954/1003/344 97/1018/345 955/1035/346
f 952/1036/340 1238/1019/343 955/1035/346 96/1051/341
f 77/990/265 917/976/270 1239/989/347 954/1003/344
f 917/976/270 78/963/269 956/975/348 1239/989/347
f 1239/989/347 956/975/348 98/988/349 957/1002/350
f 954/1003/344 1239/989/347 957/1002/350 97/1018/345
f 78/963/269 919/949/274 1240/962/351 956/975/348
f 919/949/274 79/935/273 958/948/352 1240/962/351
f 1240/962/351 958/948/352 99/961/353 959/974/354
f 956/975/348 1240/962/351 959/974/354 98/988/349
f 79/935/273 921/922/278 1241/934/355 958/948/352
f 921/922/278 80/908/277 960/921/356 1241/934/355
f 1241/934/355 960/921/356 100/933/357 961/947/358
f 958/948/352 1241/934/355 961/947/358 99/961/353
f 80/908/277 922/892/280 1242/907/359 960/921/356
f 922/892/280 61/879/206 925/891/282 1242/907/359
f 1242/907/359 925/891/282 81/906/286 962/920/360
f 960/921/356 1242/907/359 962/920/360 100/933/357
f 81/52/286 924/53/285 1243/54/361 965/55/362
f 924/53/285 82/56/284 963/57/363 1243/54/361
f 1243/1228/361 963/1229/363 102/1230/364 964/1231/365
f 965/1236/362 1243/1228/361 964/1231/365 101/1237/366
f 82/56/284 927/60/290 1244/61/367 963/57/363
f 927/60/290 83/64/289 966/65/368 1244/61/367
f 1244/1232/367 966/1238/368 103/1239/369 967/1233/370
f 963/1229/363 1244/1232/367 967/1233/370 102/1230/364
f 83/64/289 929/68/294 1245/69/371 966/65/368
f 929/1784/294 84/1785/293 968/1786/372 1245/1787/371
f 1245/1246/371 968/1254/372 104/1255/373 969/1247/374
f 966/1238/368 1245/1246/371 969/1247/374 103/1239/369
f 84/1785/293 931/1788/298 1246/1789/375 968/1786/372
f 931/1788/298 85/1790/297 970/1791/376 1246/1789/375
f 1246/1262/375 970/1269/376 105/1270/377 971/1263/378
f 968/1254/372 1246/1262/375 971/1263/378 104/1255/373
f 85/1790/297 933/1792/302 1247/1793/379 970/1791/376
f 933/1792/302 86/1794/301 972/1795/380 1247/1793/379
f 1247/1277/379 972/1286/380 106/1287/381 973/1278/382
f 970/1269/376 1247/1277/379 973/1278/382 105/1270/377
f 86/1794/301 935/1796/306 1248/1797/383 972/1795/380
f 935/100/306 87/96/305 974/97/384 1248/101/383
f 1248/1294/383 974/1302/384 107/1303/385 975/1295/386
f 972/1286/380 1248/1294/383 975/1295/386 106/1287/381
f 87/96/305 937/92/310 1249/93/387 974/97/384
f 937/92/310 88/88/309 976/89/388 1249/93/387
f 1249/1310/387 976/1318/388 108/1319/389 977/1311/390
f 974/1302/384 1249/1310/387 977/1311/390 107/1303/385
f 88/88/309 939/82/314 1250/85/391 976/89/388
f 939/82/314 89/83/313 978/84/392 1250/85/391
f 1250/1325/391 978/1335/392 109/1336/393 979/1326/394
f 976/1318/388 1250/1325/391 979/1326/394 108/1319/389
f 89/83/313 941/86/318 1251/87/395 978/84/392
f 941/86/318 90/90/317 980/91/396 1251/87/395
f 1251/1343/395 980/1351/396 110/1352/397 981/1344/398
f 978/1335/392 1251/1343/395 981/1344/398 109/1336/393
f 90/90/317 943/94/322 1252/95/399 980/91/396
f 943/94/322 91/98/321 982/99/400 1252/95/399
f 1252/1361/399 982/1372/400 111/1373/401 983/1362/402
f 980/1351/396 1252/1361/399 983/1362/402 110/1352/397
f 91/98/321 945/102/326 1253/103/403 982/99/400
f 945/102/326 92/104/325 984/105/404 1253/103/403
f 1253/1382/403 984/1392/404 112/1393/405 985/1383/406
f 982/1372/400 1253/1382/403 985/1383/406 111/1373/401
f 92/104/325 947/106/330 1254/107/407 984/105/404
f 947/106/330 93/108/329 986/109/408 1254/107/407
f 1254/1380/407 986/1370/408 113/1371/409 987/1381/410
f 984/1392/404 1254/1380/407 987/1381/410 112/1393/405
f 93/108/329 949/110/334 1255/111/411 986/109/408
f 949/1798/334 94/1799/333 988/1800/412 1255/1801/411
f 1255/1359/411 988/1349/412 114/1350/413 989/1360/414
f 986/1370/408 1255/1359/411 989/1360/414 113/1371/409
f 94/1799/333 951/1802/338 1256/1803/415 988/1800/412
f 951/1802/338 95/1804/337 990/1805/416 1256/1803/415
f 1256/1341/415 990/1333/416 115/1334/417 991/1342/418
f 988/1349/412 1256/1341/415 991/1342/418 114/1350/413
f 95/1804/337 953/1806/342 1257/1807/419 990/1805/416
f 953/1806/342 96/1808/341 992/1809/420 1257/1807/419
f 1257/1323/419 992/1316/420 116/1317/421 993/1324/422
f 990/1333/416 1257/1323/419 993/1324/422 115/1334/417
f 96/1808/341 955/1810/346 1258/1811/423 992/1809/420
f 955/80/346 97/78/345 994/79/424 1258/81/423
f 1258/1308/423 994/1300/424 117/1301/425 995/1309/426
f 992/1316/420 1258/1308/423 995/1309/426 116/1317/421
f 97/78/345 957/76/350 1259/77/427 994/79/424
f 957/76/350 98/74/349 996/75/428 1259/77/427
f 1259/1292/427 996/1284/428 118/1285/429 997/1293/430
f 994/1300/424 1259/1292/427 997/1293/430 117/1301/425
f 98/74/349 959/72/354 1260/73/431 996/75/428
f 959/72/354 99/70/353 998/71/432 1260/73/431
f 1260/1275/431 998/1267/432 119/1268/433 999/1276/434
f 996/1284/428 1260/1275/431 999/1276/434 118/1285/429
f 99/70/353 961/66/358 1261/67/435 998/71/432
f 961/66/358 100/62/357 1000/63/436 1261/67/435
f 1261/1260/435 1000/1252/436 120/1253/437 1001/1261/438
f 998/1267/432 1261/1260/435 1001/1261/438 119/1268/433
f 100/62/357 962/58/360 1262/59/439 1000/63/436
f 962/58/360 81/52/286 965/55/362 1262/59/439
f 1262/1244/439 965/1236/362 101/1237/366 1002/1245/440
f 1000/1252/436 1262/1244/439 1002/1245/440 120/1253/437
f 101/1237/366 964/1231/365 1263/1235/441 1005/1243/442
f 964/1231/365 102/1230/364 1003/1234/443 1263/1235/441
f 1263/1235/441 1003/1234/443 122/1241/444 1004/1242/445
f 1005/1243/442 1263/1235/441 1004/1242/445 121/1250/446
f 102/1230/364 967/1233/370 1264/1240/447 1003/1234/443
f 967/1233/370 103/1239/369 1006/1248/448 1264/1240/447
f 1264/1240/447 1006/1248/448 123/1257/449 1007/1249/450
f 1003/1234/443 1264/1240/447 1007/1249/450 122/1241/444
f 103/1239/369 969/1247/374 1265/1256/451 1006/1248/448
f 969/1812/374 104/1813/373 1008/1814/452 1265/1815/451
f 1265/1256/451 1008/1271/452 124/1272/453 1009/1264/454
f 1006/1248/448 1265/1256/451 1009/1264/454 123/1257/449
f 104/1813/373 971/1816/378 1266/1817/455 1008/1814/452
f 971/1263/378 105/1270/377 1010/1279/456 1266/1280/455
f 1266/1280/455 1010/1279/456 125/1289/457 1011/1281/458
f 1008/1271/452 1266/1280/455 1011/1281/458 124/1272/453
f 105/1270/377 973/1278/382 1267/1288/459 1010/1279/456
f 973/1278/382 106/1287/381 1012/1296/460 1267/1288/459
f 1267/1288/459 1012/1296/460 126/1305/461 1013/1297/462
f 1010/1279/456 1267/1288/459 1013/1297/462 125/1289/457
f 106/1287/381 975/1295/386 1268/1304/463 1012/1296/460
f 975/1295/386 107/1303/385 1014/1312/464 1268/1304/463
f 1268/1304/463 1014/1312/464 127/1321/465 1015/1313/466
f 1012/1296/460 1268/1304/463 1015/1313/466 126/1305/461
f 107/1303/385 977/1311/390 1269/1320/467 1014/1312/464
f 977/1311/390 108/1319/389 1016/1327/468 1269/1320/467
f 1269/128/467 1016/120/468 128/121/469 1017/129/470
f 1014/138/464 1269/128/467 1017/129/470 127/139/465
f 108/1319/389 979/1326/394 1270/1337/471 1016/1327/468
f 979/1326/394 109/1336/393 1018/1345/472 1270/1337/471
f 1270/112/471 1018/113/472 129/114/473 1019/115/474
f 1016/120/468 1270/112/471 1019/115/474 128/121/469
f 109/1336/393 981/1344/398 1271/1353/475 1018/1345/472
f 981/1344/398 110/1352/397 1020/1363/476 1271/1353/475
f 1271/116/475 1020/122/476 130/123/477 1021/117/478
f 1018/113/472 1271/116/475 1021/117/478 129/114/473
f 110/1352/397 983/1362/402 1272/1374/479 1020/1363/476
f 983/1362/402 111/1373/401 1022/1384/480 1272/1374/479
f 1272/130/479 1022/140/480 131/141/481 1023/131/482
f 1020/122/476 1272/130/479 1023/131/482 130/123/477
f 111/1373/401 985/1383/406 1273/1394/483 1022/1384/480
f 985/1383/406 112/1393/405 1024/1399/484 1273/1394/483
f 1273/150/483 1024/161/484 132/162/485 1025/151/486
f 1022/140/480 1273/150/483 1025/151/486 131/141/481
f 112/1393/405 987/1381/410 1274/1391/487 1024/1399/484
f 987/1381/410 113/1371/409 1026/1379/488 1274/1391/487
f 1274/1391/487 1026/1379/488 133/1390/489 1027/1398/490
f 1024/161/484 1274/175/487 1027/176/490 132/162/485
f 113/1371/409 989/1360/414 1275/1369/491 1026/1379/488
f 989/1360/414 114/1350/413 1028/1358/492 1275/1369/491
f 1275/1369/491 1028/1358/492 134/1368/493 1029/1378/494
f 1026/1379/488 1275/1369/491 1029/1378/494 133/1390/489
f 114/1350/413 991/1342/418 1276/1348/495 1028/1358/492
f 991/1342/418 115/1334/417 1030/1340/496 1276/1348/495
f 1276/1348/495 1030/1340/496 135/1347/497 1031/1357/498
f 1028/1358/492 1276/1348/495 1031/1357/498 134/1368/493
f 115/1334/417 993/1324/422 1277/1332/499 1030/1340/496
f 993/1324/422 116/1317/421 1032/1330/500 1277/1332/499
f 1277/1332/499 1032/1330/500 136/1331/501 1033/1339/502
f 1030/1340/496 1277/1332/499 1033/1339/502 135/1347/497
f 116/1818/421 995/1819/426 1278/1820/503 1032/1821/500
f 995/1309/426 117/1301/425 1034/1307/504 1278/1315/503
f 1278/1315/503 1034/1307/504 137/1314/505 1035/1322/506
f 1032/1330/500 1278/1315/503 1035/1322/506 136/1331/501
f 117/1301/425 997/1293/430 1279/1299/507 1034/1307/504
f 997/1293/430 118/1285/429 1036/1291/508 1279/1299/507
f 1279/1299/507 1036/1291/508 138/1298/509 1037/1306/510
f 1034/1307/504 1279/1299/507 1037/1306/510 137/1314/505
f 118/1285/429 999/1276/434 1280/1283/511 1036/1291/508
f 999/1276/434 119/1268/433 1038/1274/512 1280/1283/511
f 1280/1283/511 1038/1274/512 139/1282/513 1039/1290/514
f 1036/1291/508 1280/1283/511 1039/1290/514 138/1298/509
f 119/1268/433 1001/1261/438 1281/1266/515 1038/1274/512
f 1001/1261/438 120/1253/437 1040/1259/516 1281/1266/515
f 1281/1266/515 1040/1259/516 140/1265/517 1041/1273/518
f 1038/1274/512 1281/1266/515 1041/1273/518 139/1282/513
f 120/1253/437 1002/1245/440 1282/1251/519 1040/1259/516
f 1002/1245/440 101/1237/366 1005/1243/442 1282/1251/519
f 1282/1251/519 1005/1243/442 121/1250/446 1042/1258/520
f 1040/1259/516 1282/1251/519 1042/1258/520 140/1265/517
f 121/346/446 1004/347/445 1283/348/521 1045/349/522
f 1004/347/445 122/350/444 1043/351/523 1283/348/521
f 1283/348/521 1043/351/523 142/358/524 1044/352/525
f 1045/349/522 1283/348/521 1044/352/525 141/353/526
f 122/350/444 1007/356/450 1284/357/527 1043/351/523
f 1007/356/450 123/364/449 1046/365/528 1284/357/527
f 1284/357/527 1046/365/528 143/374/529 1047/366/530
f 1043/351/523 1284/357/527 1047/366/530 142/358/524
f 123/1822/449 1009/1823/454 1285/1824/531 1046/1825/528
f 1009/1823/454 124/1826/453 1048/1827/532 1285/1824/531
f 1285/1824/531 1048/1827/532 144/1832/533 1049/1828/534
f 1046/1825/528 1285/1824/531 1049/1828/534 143/1829/529
f 124/1826/453 1011/1830/458 1286/1831/535 1048/1827/532
f 1011/1830/458 125/1833/457 1050/1834/536 1286/1831/535
f 1286/1831/535 1050/1834/536 145/1840/537 1051/1835/538
f 1048/1827/532 1286/1831/535 1051/1835/538 144/1832/533
f 125/1833/457 1013/1838/462 1287/1839/539 1050/1834/536
f 1013/1838/462 126/1844/461 1052/1845/540 1287/1839/539
f 1287/1839/539 1052/1845/540 146/1853/541 1053/1846/542
f 1050/1834/536 1287/1839/539 1053/1846/542 145/1840/537
f 126/1844/461 1015/1851/466 1288/1852/543 1052/1845/540
f 1015/1851/466 127/1859/465 1054/1860/544 1288/1852/543
f 1288/173/543 1054/149/544 147/160/545 1055/174/546
f 1052/1845/540 1288/1852/543 1055/1861/546 146/1853/541
f 127/139/465 1017/129/470 1289/137/547 1054/149/544
f 1017/129/470 128/121/469 1056/127/548 1289/137/547
f 1289/137/547 1056/127/548 148/136/549 1057/148/550
f 1054/149/544 1289/137/547 1057/148/550 147/160/545
f 128/121/469 1019/115/474 1290/119/551 1056/127/548
f 1019/115/474 129/114/473 1058/118/552 1290/119/551
f 1290/119/551 1058/118/552 149/125/553 1059/126/554
f 1056/127/548 1290/119/551 1059/126/554 148/136/549
f 129/114/473 1021/117/478 1291/124/555 1058/118/552
f 1021/117/478 130/123/477 1060/132/556 1291/124/555
f 1291/124/555 1060/132/556 150/143/557 1061/133/558
f 1058/118/552 1291/124/555 1061/133/558 149/125/553
f 130/123/477 1023/131/482 1292/142/559 1060/132/556
f 1023/131/482 131/141/481 1062/152/560 1292/142/559
f 1292/142/559 1062/152/560 151/164/561 1063/153/562
f 1060/132/556 1292/142/559 1063/153/562 150/143/557
f 131/141/481 1025/151/486 1293/163/563 1062/152/560
f 1025/151/486 132/162/485 1064/177/564 1293/163/563
f 1293/163/563 1064/177/564 152/190/565 1065/178/566
f 1062/152/560 1293/163/563 1065/178/566 151/164/561
f 132/162/485 1027/176/490 1294/189/567 1064/177/564
f 1027/176/490 133/202/489 1066/203/568 1294/189/567
f 1294/189/567 1066/203/568 153/219/569 1067/204/570
f 1064/177/564 1294/189/567 1067/204/570 152/190/565
f 133/202/489 1029/217/494 1295/218/571 1066/203/568
f 1029/1378/494 134/1368/493 1068/1377/572 1295/1389/571
f 1295/1389/571 1068/1377/572 154/1388/573 1069/1397/574
f 1066/203/568 1295/218/571 1069/233/574 153/219/569
f 134/1368/493 1031/1357/498 1296/1367/575 1068/1377/572
f 1031/1357/498 135/1347/497 1070/1356/576 1296/1367/575
f 1296/1367/575 1070/1356/576 155/1366/577 1071/1376/578
f 1068/1377/572 1296/1367/575 1071/1376/578 154/1388/573
f 135/1347/497 1033/1339/502 1297/1346/579 1070/1356/576
f 1033/1339/502 136/1331/501 1072/1338/580 1297/1346/579
f 1297/1346/579 1072/1338/580 156/1354/581 1073/1355/582
f 1070/1356/576 1297/1346/579 1073/1355/582 155/1366/577
f 136/1331/501 1035/1322/506 1298/1329/583 1072/1338/580
f 1035/1322/506 137/1314/505 1074/1328/584 1298/1329/583
f 1298/466/583 1074/437/584 157/451/585 1075/467/586
f 1072/1916/580 1298/1917/583 1075/1918/586 156/1919/581
f 137/436/505 1037/421/510 1299/422/587 1074/437/584
f 1037/421/510 138/407/509 1076/408/588 1299/422/587
f 1299/422/587 1076/408/588 158/420/589 1077/435/590
f 1074/437/584 1299/422/587 1077/435/590 157/451/585
f 138/407/509 1039/393/514 1300/394/591 1076/408/588
f 1039/393/514 139/382/513 1078/383/592 1300/394/591
f 1300/394/591 1078/383/592 159/392/593 1079/406/594
f 1076/408/588 1300/394/591 1079/406/594 158/420/589
f 139/382/513 1041/372/518 1301/373/595 1078/383/592
f 1041/372/518 140/362/517 1080/363/596 1301/373/595
f 1301/373/595 1080/363/596 160/371/597 1081/381/598
f 1078/383/592 1301/373/595 1081/381/598 159/392/593
f 140/362/517 1042/354/520 1302/355/599 1080/363/596
f 1042/354/520 121/346/446 1045/349/522 1302/355/599
f 1302/355/599 1045/349/522 141/353/526 1082/361/600
f 1080/363/596 1302/355/599 1082/361/600 160/371/597
f 141/353/526 1044/352/525 1303/359/601 1085/360/602
f 1044/352/525 142/358/524 1083/367/603 1303/359/601
f 1303/359/601 1083/367/603 162/376/604 1084/368/605
f 1085/360/602 1303/359/601 1084/368/605 161/369/606
f 142/358/524 1047/366/530 1304/375/607 1083/367/603
f 1047/366/530 143/374/529 1086/384/608 1304/375/607
f 1304/375/607 1086/384/608 163/397/609 1087/385/610
f 1083/367/603 1304/375/607 1087/385/610 162/376/604
f 143/374/529 1049/395/534 1305/396/611 1086/384/608
f 1049/1828/534 144/1832/533 1088/1836/612 1305/1837/611
f 1305/1837/611 1088/1836/612 164/1842/613 1089/1843/614
f 1086/384/608 1305/396/611 1089/409/614 163/397/609
f 144/1832/533 1051/1835/538 1306/1841/615 1088/1836/612
f 1051/1835/538 145/1840/537 1090/1847/616 1306/1841/615
f 1306/1841/615 1090/1847/616 165/1855/617 1091/1848/618
f 1088/1836/612 1306/1841/615 1091/1848/618 164/1842/613
f 145/1840/537 1053/1846/542 1307/1854/619 1090/1847/616
f 1053/1846/542 146/1853/541 1092/1862/620 1307/1854/619
f 1307/1854/619 1092/1862/620 166/1869/621 1093/1863/622
f 1090/1847/616 1307/1854/619 1093/1863/622 165/1855/617
f 146/1853/541 1055/1861/546 1308/1868/623 1092/1862/620
f 1055/174/546 147/160/545 1094/172/624 1308/188/623
f 1308/188/623 1094/172/624 167/187/625 1095/201/626
f 1092/1862/620 1308/1868/623 1095/1875/626 166/1869/621
f 147/160/545 1057/148/550 1309/159/627 1094/172/624
f 1057/148/550 148/136/549 1096/147/628 1309/159/627
f 1309/159/627 1096/147/628 168/158/629 1097/171/630
f 1094/172/624 1309/159/627 1097/171/630 167/187/625
f 148/136/549 1059/126/554 1310/135/631 1096/147/628
f 1059/126/554 149/125/553 1098/134/632 1310/135/631
f 1310/135/631 1098/134/632 169/145/633 1099/146/634
f 1096/147/628 1310/135/631 1099/146/634 168/158/629
f 149/125/553 1061/133/558 1311/144/635 1098/134/632
f 1061/133/558 150/143/557 1100/154/636 1311/144/635
f 1311/144/635 1100/154/636 170/166/637 1101/155/638
f 1098/134/632 1311/144/635 1101/155/638 169/145/633
f 150/143/557 1063/153/562 1312/165/639 1100/154/636
f 1063/153/562 151/164/561 1102/179/640 1312/165/639
f 1312/165/639 1102/179/640 171/192/641 1103/180/642
f 1100/154/636 1312/165/639 1103/180/642 170/166/637
f 151/164/561 1065/178/566 1313/191/643 1102/179/640
f 1065/178/566 152/190/565 1104/205/644 1313/191/643
f 1313/191/643 1104/205/644 172/221/645 1105/206/646
f 1102/179/640 1313/191/643 1105/206/646 171/192/641
f 152/190/565 1067/204/570 1314/220/647 1104/205/644
f 1067/204/570 153/219/569 1106/234/648 1314/220/647
f 1314/220/647 1106/234/648 173/249/649 1107/235/650
f 1104/205/644 1314/220/647 1107/235/650 172/221/645
f 153/219/569 1069/233/574 1315/248/651 1106/234/648
f 1069/1968/574 154/1969/573 1108/1949/652 1315/1959/651
f 1315/1959/651 1108/1949/652 174/1942/653 1109/1951/654
f 1106/234/648 1315/248/651 1109/263/654 173/249/649
f 154/1388/573 1071/1376/578 1316/1387/655 1108/1396/652
f 1071/1376/578 155/1366/577 1110/1375/656 1316/1387/655
f 1316/1387/655 1110/1375/656 175/1386/657 1111/1395/658
f 1108/1949/652 1316/1950/655 1111/1936/658 174/1942/653
f 155/1366/577 1073/1355/582 1317/1365/659 1110/1375/656
f 1073/1355/582 156/1354/581 1112/1364/660 1317/1365/659
f 1317/1926/659 1112/1921/660 176/1923/661 1113/1927/662
f 1110/1375/656 1317/1365/659 1113/1385/662 175/1386/657
f 156/1919/581 1075/1918/586 1318/1920/663 1112/1921/660
f 1075/467/586 157/451/585 1114/465/664 1318/482/663
f 1318/482/663 1114/465/664 177/481/665 1115/497/666
f 1112/1921/660 1318/1920/663 1115/1922/666 176/1923/661
f 157/451/585 1077/435/590 1319/450/667 1114/465/664
f 1077/435/590 158/420/589 1116/434/668 1319/450/667
f 1319/450/667 1116/434/668 178/449/669 1117/464/670
f 1114/465/664 1319/450/667 1117/464/670 177/481/665
f 158/420/589 1079/406/594 1320/419/671 1116/434/668
f 1079/406/594 159/392/593 1118/405/672 1320/419/671
f 1320/419/671 1118/405/672 179/418/673 1119/433/674
f 1116/434/668 1320/419/671 1119/433/674 178/449/669
f 159/392/593 1081/381/598 1321/391/675 1118/405/672
f 1081/381/598 160/371/597 1120/380/676 1321/391/675
f 1321/391/675 1120/380/676 180/390/677 1121/404/678
f 1118/405/672 1321/391/675 1121/404/678 179/418/673
f 160/371/597 1082/361/600 1322/370/679 1120/380/676
f 1082/361/600 141/353/526 1085/360/602 1322/370/679
f 1322/370/679 1085/360/602 161/369/606 1122/379/680
f 1120/380/676 1322/370/679 1122/379/680 180/390/677
f 161/369/606 1084/368/605 1323/377/681 1125/378/682
f 1084/368/605 162/376/604 1123/386/683 1323/377/681
f 1323/377/681 1123/386/683 182/399/684 1124/387/685
f 1125/378/682 1323/377/681 1124/387/685 181/388/686
f 162/376/604 1087/385/610 1324/398/687 1123/386/683
f 1087/385/610 163/397/609 1126/410/688 1324/398/687
f 1324/398/687 1126/410/688 183/424/689 1127/411/690
f 1123/386/683 1324/398/687 1127/411/690 182/399/684
f 163/397/609 1089/409/614 1325/423/691 1126/410/688
f 1089/1843/614 164/1842/613 1128/1849/692 1325/1850/691
f 1325/1850/691 1128/1849/692 184/1857/693 1129/1858/694
f 1126/410/688 1325/423/691 1129/438/694 183/424/689
f 164/1842/613 1091/1848/618 1326/1856/695 1128/1849/692
f 1091/1848/618 165/1855/617 1130/1864/696 1326/1856/695
f 1326/1856/695 1130/1864/696 185/1871/697 1131/1865/698
f 1128/1849/692 1326/1856/695 1131/1865/698 184/1857/693
f 165/1855/617 1093/1863/622 1327/1870/699 1130/1864/696
f 1093/1863/622 166/1869/621 1132/1876/700 1327/1870/699
f 1327/1870/699 1132/1876/700 186/1883/701 1133/1877/702
f 1130/1864/696 1327/1870/699 1133/1877/702 185/1871/697
f 166/1869/621 1095/1875/626 1328/1882/703 1132/1876/700
f 1095/201/626 167/187/625 1134/200/704 1328/216/703
f 1328/216/703 1134/200/704 187/215/705 1135/232/706
f 1132/1876/700 1328/1882/703 1135/1889/706 186/1883/701
f 167/187/625 1097/171/630 1329/186/707 1134/200/704
f 1097/171/630 168/158/629 1136/170/708 1329/186/707
f 1329/186/707 1136/170/708 188/185/709 1137/199/710
f 1134/200/704 1329/186/707 1137/199/710 187/215/705
f 168/158/629 1099/146/634 1330/157/711 1136/170/708
f 1099/146/634 169/145/633 1138/156/712 1330/157/711
f 1330/157/711 1138/156/712 189/168/713 1139/169/714
f 1136/170/708 1330/157/711 1139/169/714 188/185/709
f 169/145/633 1101/155/638 1331/167/715 1138/156/712
f 1101/155/638 170/166/637 1140/181/716 1331/167/715
f 1331/167/715 1140/181/716 190/194/717 1141/182/718
f 1138/156/712 1331/167/715 1141/182/718 189/168/713
f 170/166/637 1103/180/642 1332/193/719 1140/181/716
f 1103/180/642 171/192/641 1142/207/720 1332/193/719
f 1332/193/719 1142/207/720 191/223/721 1143/208/722
f 1140/181/716 1332/193/719 1143/208/722 190/194/717
f 171/192/641 1105/206/646 1333/222/723 1142/207/720
f 1105/206/646 172/221/645 1144/236/724 1333/222/723
f 1333/222/723 1144/236/724 192/251/725 1145/237/726
f 1142/207/720 1333/222/723 1145/237/726 191/223/721
f 172/221/645 1107/235/650 1334/250/727 1144/236/724
f 1107/235/650 173/249/649 1146/264/728 1334/250/727
f 1334/250/727 1146/264/728 193/279/729 1147/265/730
f 1144/236/724 1334/250/727 1147/265/730 192/251/725
f 173/249/649 1109/263/654 1335/278/731 1146/264/728
f 1109/1951/654 174/1942/653 1148/1943/732 1335/1952/731
f 1335/1952/731 1148/1943/732 194/1948/733 1149/1958/734
f 1146/264/728 1335/278/731 1149/293/734 193/279/729
f 174/1942/653 1111/1936/658 1336/1937/735 1148/1943/732
f 1111/1936/658 175/1931/657 1150/1932/736 1336/1937/735
f 1336/1937/735 1150/1932/736 195/1935/737 1151/1941/738
f 1148/1943/732 1336/1937/735 1151/1941/738 194/1948/733
f 175/1931/657 1113/1927/662 1337/1928/739 1150/1932/736
f 1113/1927/662 176/1923/661 1152/1925/740 1337/1928/739
f 1337/1928/739 1152/1925/740 196/1929/741 1153/1930/742
f 1150/1932/736 1337/1928/739 1153/1930/742 195/1935/737
f 176/1923/661 1115/1922/666 1338/1924/743 1152/1925/740
f 1115/497/666 177/481/665 1154/496/744 1338/512/743
f 1338/512/743 1154/496/744 197/511/745 1155/525/746
f 1152/539/740 1338/512/743 1155/525/746 196/540/741
f 177/481/665 1117/464/670 1339/480/747 1154/496/744
f 1117/464/670 178/449/669 1156/463/748 1339/480/747
f 1339/480/747 1156/463/748 198/479/749 1157/495/750
f 1154/496/744 1339/480/747 1157/495/750 197/511/745
f 178/449/669 1119/433/674 1340/448/751 1156/463/748
f 1119/433/674 179/418/673 1158/432/752 1340/448/751
f 1340/448/751 1158/432/752 199/447/753 1159/462/754
f 1156/463/748 1340/448/751 1159/462/754 198/479/749
f 179/418/673 1121/404/678 1341/417/755 1158/432/752
f 1121/404/678 180/390/677 1160/403/756 1341/417/755
f 1341/417/755 1160/403/756 200/416/757 1161/431/758
f 1158/432/752 1341/417/755 1161/431/758 199/447/753
f 180/390/677 1122/379/680 1342/389/759 1160/403/756
f 1122/379/680 161/369/606 1125/378/682 1342/389/759
f 1342/389/759 1125/378/682 181/388/686 1162/402/760
f 1160/403/756 1342/389/759 1162/402/760 200/416/757
f 181/388/686 1124/387/685 1343/400/761 385/401/762
f 1124/387/685 182/399/684 383/412/763 1343/400/761
f 1343/400/761 383/412/763 202/426/764 384/413/765
f 385/401/762 1343/400/761 384/413/765 201/414/766
f 182/399/684 1127/411/690 1344/425/767 383/412/763
f 1127/411/690 183/424/689 386/439/768 1344/425/767
f 1344/425/767 386/439/768 203/453/769 387/440/770
f 383/412/763 1344/425/767 387/440/770 202/426/764
f 183/424/689 1129/438/694 1345/452/771 386/439/768
f 1129/1858/694 184/1857/693 388/1866/772 1345/1867/771
f 1345/1867/771 388/1866/772 204/1873/773 389/1874/774
f 386/439/768 1345/452/771 389/468/774 203/453/769
f 184/1857/693 1131/1865/698 1346/1872/775 388/1866/772
f 1131/1865/698 185/1871/697 390/1878/776 1346/1872/775
f 1346/1872/775 390/1878/776 205/1885/777 391/1879/778
f 388/1866/772 1346/1872/775 391/1879/778 204/1873/773
f 185/1871/697 1133/1877/702 1347/1884/779 390/1878/776
f 1133/1877/702 186/1883/701 392/1890/780 1347/1884/779
f 1347/1884/779 392/1890/780 206/1897/781 393/1891/782
f 390/1878/776 1347/1884/779 393/1891/782 205/1885/777
f 186/1883/701 1135/1889/706 1348/1896/783 392/1890/780
f 1135/232/706 187/215/705 394/231/784 1348/247/783
f 1348/247/783 394/231/784 207/246/785 395/262/786
f 392/1890/780 1348/1896/783 395/1903/786 206/1897/781
f 187/215/705 1137/199/710 1349/214/787 394/231/784
f 1137/199/710 188/185/709 396/198/788 1349/214/787
f 1349/214/787 396/198/788 208/213/789 397/230/790
f 394/231/784 1349/214/787 397/230/790 207/246/785
f 188/185/709 1139/169/714 1350/184/791 396/198/788
f 1139/169/714 189/168/713 398/183/792 1350/184/791
f 1350/184/791 398/183/792 209/196/793 399/197/794
f 396/198/788 1350/184/791 399/197/794 208/213/789
f 189/168/713 1141/182/718 1351/195/795 398/183/792
f 1141/182/718 190/194/717 400/209/796 1351/195/795
f 1351/195/795 400/209/796 210/225/797 401/210/798
f 398/183/792 1351/195/795 401/210/798 209/196/793
f 190/194/717 1143/208/722 1352/224/799 400/209/796
f 1143/208/722 191/223/721 402/238/800 1352/224/799
f 1352/224/799 402/238/800 211/253/801 403/239/802
f 400/209/796 1352/224/799 403/239/802 210/225/797
f 191/223/721 1145/237/726 1353/252/803 402/238/800
f 1145/237/726 192/251/725 404/266/804 1353/252/803
f 1353/252/803 404/266/804 212/281/805 405/267/806
f 402/238/800 1353/252/803 405/267/806 211/253/801
f 192/251/725 1147/265/730 1354/280/807 404/266/804
f 1147/265/730 193/279/729 406/294/808 1354/280/807
f 1354/280/807 406/294/808 213/309/809 407/295/810
f 404/266/804 1354/280/807 407/295/810 212/281/805
f 193/279/729 1149/293/734 1355/308/811 406/294/808
f 1149/1958/734 194/1948/733 408/1957/812 1355/1967/811
f 1355/1967/811 408/1957/812 214/1966/813 409/1974/814
f 406/294/808 1355/308/811 409/321/814 213/309/809
f 194/1948/733 1151/1941/738 1356/1947/815 408/1957/812
f 1151/1941/738 195/1935/737 410/1940/816 1356/1947/815
f 1356/1947/815 410/1940/816 215/1946/817 411/1956/818
f 408/1957/812 1356/1947/815 411/1956/818 214/1966/813
f 195/1935/737 1153/1930/742 1357/1934/819 410/1940/816
f 1153/1930/742 196/1929/741 412/1933/820 1357/1934/819
f 1357/1934/819 412/1933/820 216/1938/821 413/1939/822
f 410/1940/816 1357/1934/819 413/1939/822 215/1946/817
f 196/540/741 1155/525/746 1358/538/823 412/551/820
f 1155/525/746 197/511/745 414/524/824 1358/538/823
f 1358/538/823 414/524/824 217/537/825 415/550/826
f 412/551/820 1358/538/823 415/550/826 216/558/821
f 197/511/745 1157/495/750 1359/510/827 414/524/824
f 1157/495/750 198/479/749 416/494/828 1359/510/827
f 1359/510/827 416/494/828 218/509/829 417/523/830
f 414/524/824 1359/510/827 417/523/830 217/537/825
f 198/479/749 1159/462/754 1360/478/831 416/494/828
f 1159/462/754 199/447/753 418/461/832 1360/478/831
f 1360/478/831 418/461/832 219/477/833 419/493/834
f 416/494/828 1360/478/831 419/493/834 218/509/829
f 199/447/753 1161/431/758 1361/446/835 418/461/832
f 1161/431/758 200/416/757 420/430/836 1361/446/835
f 1361/446/835 420/430/836 220/445/837 421/460/838
f 418/461/832 1361/446/835 421/460/838 219/477/833
f 200/416/757 1162/402/760 1362/415/839 420/430/836
f 1162/402/760 181/388/686 385/401/762 1362/415/839
f 1362/415/839 385/401/762 201/414/766 422/429/840
f 420/430/836 1362/415/839 422/429/840 220/445/837
f 201/414/766 384/413/765 1363/427/841 425/428/842
f 384/413/765 202/426/764 423/441/843 1363/427/841
f 1363/427/841 423/441/843 222/455/844 424/442/845
f 425/428/842 1363/427/841 424/442/845 221/443/846
f 202/426/764 387/440/770 1364/454/847 423/441/843
f 387/440/770 203/453/769 426/469/848 1364/454/847
f 1364/454/847 426/469/848 223/484/849 427/470/850
f 423/441/843 1364/454/847 427/470/850 222/455/844
f 203/453/769 389/468/774 1365/483/851 426/469/848
f 389/1874/774 204/1873/773 428/1880/852 1365/1881/851
f 1365/1881/851 428/1880/852 224/1887/853 429/1888/854
f 426/469/848 1365/483/851 429/498/854 223/484/849
f 204/1873/773 391/1879/778 1366/1886/855 428/1880/852
f 391/1879/778 205/1885/777 430/1892/856 1366/1886/855
f 1366/1886/855 430/1892/856 225/1899/857 431/1893/858
f 428/1880/852 1366/1886/855 431/1893/858 224/1887/853
f 205/1885/777 393/1891/782 1367/1898/859 430/1892/856
f 393/1891/782 206/1897/781 432/1904/860 1367/1898/859
f 1367/1898/859 432/1904/860 226/1909/861 433/1905/862
f 430/1892/856 1367/1898/859 433/1905/862 225/1899/857
f 206/1897/781 395/1903/786 1368/1908/863 432/1904/860
f 395/262/786 207/246/785 434/261/864 1368/277/863
f 1368/277/863 434/261/864 227/276/865 435/292/866
f 432/1904/860 1368/1908/863 435/1912/866 226/1909/861
f 207/246/785 397/230/790 1369/245/867 434/261/864
f 397/230/790 208/213/789 436/229/868 1369/245/867
f 1369/245/867 436/229/868 228/244/869 437/260/870
f 434/261/864 1369/245/867 437/260/870 227/276/865
f 208/213/789 399/197/794 1370/212/871 436/229/868
f 399/197/794 209/196/793 438/211/872 1370/212/871
f 1370/212/871 438/211/872 229/227/873 439/228/874
f 436/229/868 1370/212/871 439/228/874 228/244/869
f 209/196/793 401/210/798 1371/226/875 438/211/872
f 401/210/798 210/225/797 440/240/876 1371/226/875
f 1371/226/875 440/240/876 230/255/877 441/241/878
f 438/211/872 1371/226/875 441/241/878 229/227/873
f 210/225/797 403/239/802 1372/254/879 440/240/876
f 403/239/802 211/253/801 442/268/880 1372/254/879
f 1372/254/879 442/268/880 231/283/881 443/269/882
f 440/240/876 1372/254/879 443/269/882 230/255/877
f 211/253/801 405/267/806 1373/282/883 442/268/880
f 405/267/806 212/281/805 444/296/884 1373/282/883
f 1373/282/883 444/296/884 232/311/885 445/297/886
f 442/268/880 1373/282/883 445/297/886 231/283/881
f 212/281/805 407/295/810 1374/310/887 444/296/884
f 407/295/810 213/309/809 446/322/888 1374/310/887
f 1374/310/887 446/322/888 233/331/889 447/323/890
f 444/296/884 1374/310/887 447/323/890 232/311/885
f 213/309/809 409/321/814 1375/330/891 446/322/888
f 409/1974/814 214/1966/813 448/1973/892 1375/1977/891
f 1375/1977/891 448/1973/892 234/1976/893 449/1979/894
f 446/322/888 1375/330/891 449/338/894 233/331/889
f 214/1966/813 411/1956/818 1376/1965/895 448/1973/892
f 411/1956/818 215/1946/817 450/1955/896 1376/1965/895
f 1376/1965/895 450/1955/896 235/1964/897 451/1972/898
f 448/1973/892 1376/1965/895 451/1972/898 234/1976/893
f 215/1946/817 413/1939/822 1377/1945/899 450/1955/896
f 413/1939/822 216/1938/821 452/1944/900 1377/1945/899
f 1377/1945/899 452/1944/900 236/1953/901 453/1954/902
f 450/1955/896 1377/1945/899 453/1954/902 235/1964/897
f 216/558/821 415/550/826 1378/557/903 452/565/900
f 415/550/826 217/537/825 454/549/904 1378/557/903
f 1378/557/903 454/549/904 237/556/905 455/564/906
f 452/1944/900 1378/1960/903 455/1961/906 236/1953/901
f 217/537/825 417/523/830 1379/536/907 454/549/904
f 417/523/830 218/509/829 456/522/908 1379/536/907
f 1379/536/907 456/522/908 238/535/909 457/548/910
f 454/549/904 1379/536/907 457/548/910 237/556/905
f 218/509/829 419/493/834 1380/508/911 456/522/908
f 419/493/834 219/477/833 458/492/912 1380/508/911
f 1380/508/911 458/492/912 239/507/913 459/521/914
f 456/522/908 1380/508/911 459/521/914 238/535/909
f 219/477/833 421/460/838 1381/476/915 458/492/912
f 421/460/838 220/445/837 460/459/916 1381/476/915
f 1381/476/915 460/459/916 240/475/917 461/491/918
f 458/492/912 1381/476/915 461/491/918 239/507/913
f 220/445/837 422/429/840 1382/444/919 460/459/916
f 422/429/840 201/414/766 425/428/842 1382/444/919
f 1382/444/919 425/428/842 221/443/846 462/458/920
f 460/459/916 1382/444/919 462/458/920 240/475/917
f 221/443/846 424/442/845 1383/456/921 465/457/922
f 424/442/845 222/455/844 463/471/923 1383/456/921
f 1383/456/921 463/471/923 242/486/924 464/472/925
f 465/457/922 1383/456/921 464/472/925 241/473/926
f 222/455/844 427/470/850 1384/485/927 463/471/923
f 427/470/850 223/484/849 466/499/928 1384/485/927
f 1384/485/927 466/499/928 243/514/929 467/500/930
f 463/471/923 1384/485/927 467/500/930 242/486/924
f 223/484/849 429/498/854 1385/513/931 466/499/928
f 429/1888/854 224/1887/853 468/1894/932 1385/1895/931
f 1385/1895/931 468/1894/932 244/1901/933 469/1902/934
f 466/499/928 1385/513/931 469/526/934 243/514/929
f 224/1887/853 431/1893/858 1386/1900/935 468/1894/932
f 431/1893/858 225/1899/857 470/1906/936 1386/1900/935
f 1386/1900/935 470/1906/936 245/1911/937 471/1907/938
f 468/1894/932 1386/1900/935 471/1907/938 244/1901/933
f 225/1899/857 433/1905/862 1387/1910/939 470/1906/936
f 433/1905/862 226/1909/861 472/1913/940 1387/1910/939
f 1387/1910/939 472/1913/940 246/1915/941 473/1914/942
f 470/1906/936 1387/1910/939 473/1914/942 245/1911/937
f 226/319/861 435/292/866 1388/307/943 472/320/940
f 435/292/866 227/276/865 474/291/944 1388/307/943
f 1388/307/943 474/291/944 247/306/945 475/318/946
f 472/320/940 1388/307/943 475/318/946 246/329/941
f 227/276/865 437/260/870 1389/275/947 474/291/944
f 437/260/870 228/244/869 476/259/948 1389/275/947
f 1389/275/947 476/259/948 248/274/949 477/290/950
f 474/291/944 1389/275/947 477/290/950 247/306/945
f 228/244/869 439/228/874 1390/243/951 476/259/948
f 439/228/874 229/227/873 478/242/952 1390/243/951
f 1390/243/951 478/242/952 249/257/953 479/258/954
f 476/259/948 1390/243/951 479/258/954 248/274/949
f 229/227/873 441/241/878 1391/256/955 478/242/952
f 441/241/878 230/255/877 480/270/956 1391/256/955
f 1391/256/955 480/270/956 250/285/957 481/271/958
f 478/242/952 1391/256/955 481/271/958 249/257/953
f 230/255/877 443/269/882 1392/284/959 480/270/956
f 443/269/882 231/283/881 482/298/960 1392/284/959
f 1392/284/959 482/298/960 251/313/961 483/299/962
f 480/270/956 1392/284/959 483/299/962 250/285/957
f 231/283/881 445/297/886 1393/312/963 482/298/960
f 445/297/886 232/311/885 484/324/964 1393/312/963
f 1393/312/963 484/324/964 252/333/965 485/325/966
f 482/298/960 1393/312/963 485/325/966 251/313/961
f 232/311/885 447/323/890 1394/332/967 484/324/964
f 447/323/890 233/331/889 486/339/968 1394/332/967
f 1394/1528/967 486/1529/968 253/1516/969 487/1502/970
f 484/324/964 1394/332/967 487/340/970 252/333/965
f 233/1981/889 449/1979/894 1395/1980/971 486/1982/968
f 449/1979/894 234/1976/893 488/1978/972 1395/1980/971
f 1395/1540/971 488/1551/972 254/1541/973 489/1530/974
f 486/1529/968 1395/1540/971 489/1530/974 253/1516/969
f 234/1976/893 451/1972/898 1396/1975/975 488/1978/972
f 451/1972/898 235/1964/897 490/1971/976 1396/1975/975
f 1396/1562/975 490/1575/976 255/1563/977 491/1552/978
f 488/1551/972 1396/1562/975 491/1552/978 254/1541/973
f 235/1964/897 453/1954/902 1397/1963/979 490/1971/976
f 453/1954/902 236/1953/901 492/1962/980 1397/1963/979
f 1397/1593/979 492/1606/980 256/1594/981 493/1576/982
f 490/1575/976 1397/1593/979 493/1576/982 255/1563/977
f 236/1953/901 455/1961/906 1398/1970/983 492/1962/980
f 455/564/906 237/556/905 494/563/984 1398/568/983
f 1398/1983/983 494/1984/984 257/1985/985 495/1986/986
f 492/1606/980 1398/1617/983 495/1607/986 256/1594/981
f 237/556/905 457/548/910 1399/555/987 494/563/984
f 457/548/910 238/535/909 496/547/988 1399/555/987
f 1399/555/987 496/547/988 258/554/989 497/562/990
f 494/563/984 1399/555/987 497/562/990 257/567/985
f 238/535/909 459/521/914 1400/534/991 496/547/988
f 459/521/914 239/507/913 498/520/992 1400/534/991
f 1400/534/991 498/520/992 259/533/993 499/546/994
f 496/547/988 1400/534/991 499/546/994 258/554/989
f 239/507/913 461/491/918 1401/506/995 498/520/992
f 461/491/918 240/475/917 500/490/996 1401/506/995
f 1401/506/995 500/490/996 260/505/997 501/519/998
f 498/520/992 1401/506/995 501/519/998 259/533/993
f 240/475/917 462/458/920 1402/474/999 500/490/996
f 462/458/920 221/443/846 465/457/922 1402/474/999
f 1402/474/999 465/457/922 241/473/926 502/489/1000
f 500/490/996 1402/474/999 502/489/1000 260/505/997
f 241/473/926 464/472/925 1403/487/1001 505/488/1002
f 464/472/925 242/486/924 503/501/1003 1403/487/1001
f 1403/487/1001 503/501/1003 262/516/1004 504/502/1005
f 505/488/1002 1403/487/1001 504/502/1005 261/503/1006
f 242/486/924 467/500/930 1404/515/1007 503/501/1003
f 467/500/930 243/514/929 506/527/1008 1404/515/1007
f 1404/515/1007 506/527/1008 263/542/1009 507/528/1010
f 503/501/1003 1404/515/1007 507/528/1010 262/516/1004
f 243/514/929 469/526/934 1405/541/1011 506/527/1008
f 469/1404/934 244/1405/933 508/1401/1012 1405/1400/1011
f 1405/1400/1011 508/1401/1012 264/1402/1013 509/1403/1014
f 506/527/1008 1405/541/1011 509/552/1014 263/542/1009
f 244/1405/933 471/1410/938 1406/1406/1015 508/1401/1012
f 471/1410/938 245/1416/937 510/1411/1016 1406/1406/1015
f 1406/1406/1015 510/1411/1016 265/1412/1017 511/1407/1018
f 508/1401/1012 1406/1406/1015 511/1407/1018 264/1402/1013
f 245/1416/937 473/1423/942 1407/1417/1019 510/1411/1016
f 473/1423/942 246/1431/941 512/1424/1020 1407/1417/1019
f 1407/1417/1019 512/1424/1020 266/1425/1021 513/1418/1022
f 510/1411/1016 1407/1417/1019 513/1418/1022 265/1412/1017
f 246/329/941 475/318/946 1408/328/1023 512/337/1020
f 475/318/946 247/306/945 514/317/1024 1408/328/1023
f 1408/328/1023 514/317/1024 267/335/1025 515/336/1026
f 512/337/1020 1408/328/1023 515/336/1026 266/341/1021
f 247/306/945 477/290/950 1409/305/1027 514/317/1024
f 477/290/950 248/274/949 516/289/1028 1409/305/1027
f 1409/305/1027 516/289/1028 268/304/1029 517/316/1030
f 514/1444/1024 1409/1445/1027 517/1446/1030 267/1447/1025
f 248/274/949 479/258/954 1410/273/1031 516/289/1028
f 479/258/954 249/257/953 518/272/1032 1410/273/1031
f 1410/273/1031 518/272/1032 269/287/1033 519/288/1034
f 516/289/1028 1410/273/1031 519/288/1034 268/304/1029
f 249/257/953 481/271/958 1411/286/1035 518/272/1032
f 481/271/958 250/285/957 520/300/1036 1411/286/1035
f 1411/1460/1035 520/1461/1036 270/1462/1037 521/1463/1038
f 518/272/1032 1411/286/1035 521/301/1038 269/287/1033
f 250/285/957 483/299/962 1412/314/1039 520/300/1036
f 483/299/962 251/313/961 522/326/1040 1412/314/1039
f 1412/1464/1039 522/1468/1040 271/1469/1041 523/1465/1042
f 520/1461/1036 1412/1464/1039 523/1465/1042 270/1462/1037
f 251/313/961 485/325/966 1413/334/1043 522/326/1040
f 485/1491/966 252/1492/965 524/1482/1044 1413/1475/1043
f 1413/1475/1043 524/1482/1044 272/1483/1045 525/1476/1046
f 522/1468/1040 1413/1475/1043 525/1476/1046 271/1469/1041
f 252/1492/965 487/1502/970 1414/1493/1047 524/1482/1044
f 487/1502/970 253/1516/969 526/1503/1048 1414/1493/1047
f 1414/1493/1047 526/1503/1048 273/1504/1049 527/1494/1050
f 524/1482/1044 1414/1493/1047 527/1494/1050 272/1483/1045
f 253/1516/969 489/1530/974 1415/1517/1051 526/1503/1048
f 489/1530/974 254/1541/973 528/1531/1052 1415/1517/1051
f 1415/1517/1051 528/1531/1052 274/1532/1053 529/1518/1054
f 526/1503/1048 1415/1517/1051 529/1518/1054 273/1504/1049
f 254/1541/973 491/1552/978 1416/1542/1055 528/1531/1052
f 491/1552/978 255/1563/977 530/1553/1056 1416/1542/1055
f 1416/1542/1055 530/1553/1056 275/1554/1057 531/1543/1058
f 528/1531/1052 1416/1542/1055 531/1543/1058 274/1532/1053
f 255/1563/977 493/1576/982 1417/1564/1059 530/1553/1056
f 493/1576/982 256/1594/981 532/1577/1060 1417/1564/1059
f 1417/1564/1059 532/1577/1060 276/1578/1061 533/1565/1062
f 530/1553/1056 1417/1564/1059 533/1565/1062 275/1554/1057
f 256/1594/981 495/1607/986 1418/1595/1063 532/1577/1060
f 495/1607/986 257/1618/985 534/1608/1064 1418/1595/1063
f 1418/1595/1063 534/1608/1064 277/1609/1065 535/1596/1066
f 532/1577/1060 1418/1595/1063 535/1596/1066 276/1578/1061
f 257/567/985 497/562/990 1419/566/1067 534/569/1064
f 497/562/990 258/554/989 536/561/1068 1419/566/1067
f 1419/1619/1067 536/1632/1068 278/1633/1069 537/1620/1070
f 534/1608/1064 1419/1619/1067 537/1620/1070 277/1609/1065
f 258/554/989 499/546/994 1420/553/1071 536/561/1068
f 499/546/994 259/533/993 538/545/1072 1420/553/1071
f 1420/1645/1071 538/1658/1072 279/1659/1073 539/1646/1074
f 536/1632/1068 1420/1645/1071 539/1646/1074 278/1633/1069
f 259/533/993 501/519/998 1421/532/1075 538/545/1072
f 501/519/998 260/505/997 540/518/1076 1421/532/1075
f 1421/532/1075 540/518/1076 280/531/1077 541/544/1078
f 538/1658/1072 1421/1673/1075 541/1674/1078 279/1659/1073
f 260/505/997 502/489/1000 1422/504/1079 540/518/1076
f 502/489/1000 241/473/926 505/488/1002 1422/504/1079
f 1422/504/1079 505/488/1002 261/503/1006 542/517/1080
f 540/518/1076 1422/504/1079 542/517/1080 280/531/1077
f 261/1737/1006 504/1752/1005 1423/1753/1081 545/1738/1082
f 504/502/1005 262/516/1004 543/529/1083 1423/530/1081
f 1423/1753/1081 543/1767/1083 282/1768/1084 544/1761/1085
f 545/1738/1082 1423/1753/1081 544/1761/1085 281/1754/1086
f 262/516/1004 507/528/1010 1424/543/1087 543/529/1083
f 507/1776/1010 263/1777/1009 546/1773/1088 1424/1769/1087
f 1424/1769/1087 546/1773/1088 283/1774/1089 547/1770/1090
f 543/1767/1083 1424/1769/1087 547/1770/1090 282/1768/1084
f 263/542/1009 509/552/1014 1425/559/1091 546/560/1088
f 509/1403/1014 264/1402/1013 548/1408/1092 1425/1409/1091
f 1425/1409/1091 548/1408/1092 284/1414/1093 549/1415/1094
f 546/2073/1088 1425/2074/1091 549/2066/1094 283/2065/1089
f 264/1402/1013 511/1407/1018 1426/1413/1095 548/1408/1092
f 511/1407/1018 265/1412/1017 550/1419/1096 1426/1413/1095
f 1426/1413/1095 550/1419/1096 285/1427/1097 551/1420/1098
f 548/1408/1092 1426/1413/1095 551/1420/1098 284/1414/1093
f 265/1412/1017 513/1418/1022 1427/1426/1099 550/1419/1096
f 513/1418/1022 266/1425/1021 552/1432/1100 1427/1426/1099
f 1427/1426/1099 552/1432/1100 286/1438/1101 553/1433/1102
f 550/1419/1096 1427/1426/1099 553/1433/1102 285/1427/1097
f 266/341/1021 515/336/1026 1428/342/1103 552/343/1100
f 515/1450/1026 267/1447/1025 554/1449/1104 1428/1451/1103
f 1428/1451/1103 554/1449/1104 287/1452/1105 555/1453/1106
f 552/343/1100 1428/342/1103 555/344/1106 286/345/1101
f 267/1447/1025 517/1446/1030 1429/1448/1107 554/1449/1104
f 517/316/1030 268/304/1029 556/315/1108 1429/327/1107
f 1429/1514/1107 556/1500/1108 288/1501/1109 557/1515/1110
f 554/779/1104 1429/780/1107 557/773/1110 287/772/1105
f 268/304/1029 519/288/1034 1430/303/1111 556/315/1108
f 519/288/1034 269/287/1033 558/302/1112 1430/303/1111
f 1430/1489/1111 558/1474/1112 289/1481/1113 559/1490/1114
f 556/1500/1108 1430/1489/1111 559/1490/1114 288/1501/1109
f 269/1473/1033 521/1463/1038 1431/1467/1115 558/1474/1112
f 521/1463/1038 270/1462/1037 560/1466/1116 1431/1467/1115
f 1431/1467/1115 560/1466/1116 290/1471/1117 561/1472/1118
f 558/1474/1112 1431/1467/1115 561/1472/1118 289/1481/1113
f 270/1462/1037 523/1465/1042 1432/1470/1119 560/1466/1116
f 523/1465/1042 271/1469/1041 562/1477/1120 1432/1470/1119
f 1432/1470/1119 562/1477/1120 291/1485/1121 563/1478/1122
f 560/1466/1116 1432/1470/1119 563/1478/1122 290/1471/1117
f 271/1469/1041 525/1476/1046 1433/1484/1123 562/1477/1120
f 525/1476/1046 272/1483/1045 564/1495/1124 1433/1484/1123
f 1433/1484/1123 564/1495/1124 292/1506/1125 565/1507/1126
f 562/1987/1120 1433/1988/1123 565/1989/1126 291/1990/1121
f 272/1483/1045 527/1494/1050 1434/1505/1127 564/1495/1124
f 527/1494/1050 273/1504/1049 566/1519/1128 1434/1505/1127
f 1434/1505/1127 566/1519/1128 293/1534/1129 567/1520/1130
f 564/1495/1124 1434/1505/1127 567/1520/1130 292/1506/1125
f 273/1504/1049 529/1518/1054 1435/1533/1131 566/1519/1128
f 529/1518/1054 274/1532/1053 568/1544/1132 1435/1533/1131
f 1435/1533/1131 568/1544/1132 294/1556/1133 569/1545/1134
f 566/1519/1128 1435/1533/1131 569/1545/1134 293/1534/1129
f 274/1532/1053 531/1543/1058 1436/1555/1135 568/1544/1132
f 531/1543/1058 275/1554/1057 570/1566/1136 1436/1555/1135
f 1436/1555/1135 570/1566/1136 295/1580/1137 571/1567/1138
f 568/1544/1132 1436/1555/1135 571/1567/1138 294/1556/1133
f 275/1554/1057 533/1565/1062 1437/1579/1139 570/1566/1136
f 533/1565/1062 276/1578/1061 572/1597/1140 1437/1579/1139
f 1437/1579/1139 572/1597/1140 296/1611/1141 573/1612/1142
f 570/578/1136 1437/579/1139 573/575/1142 295/574/1137
f 276/1578/1061 535/1596/1066 1438/1610/1143 572/1597/1140
f 535/1596/1066 277/1609/1065 574/1621/1144 1438/1610/1143
f 1438/1610/1143 574/1621/1144 297/1635/1145 575/1622/1146
f 572/1597/1140 1438/1610/1143 575/1622/1146 296/1611/1141
f 277/1609/1065 537/1620/1070 1439/1634/1147 574/1621/1144
f 537/608/1070 278/609/1069 576/601/1148 1439/600/1147
f 1439/600/1147 576/601/1148 298/595/1149 577/594/1150
f 574/1621/1144 1439/1634/1147 577/1647/1150 297/1635/1145
f 278/1633/1069 539/1646/1074 1440/1660/1151 576/1661/1148
f 539/1646/1074 279/1659/1073 578/1675/1152 1440/1660/1151
f 1440/1660/1151 578/1675/1152 299/1695/1153 579/1676/1154
f 576/1661/1148 1440/1660/1151 579/1676/1154 298/1677/1149
f 279/1659/1073 541/1674/1078 1441/1694/1155 578/1675/1152
f 541/1674/1078 280/1709/1077 580/1710/1156 1441/1694/1155
f 1441/1694/1155 580/1710/1156 300/1727/1157 581/1711/1158
f 578/1675/1152 1441/1694/1155 581/1711/1158 299/1695/1153
f 280/1709/1077 542/1725/1080 1442/1726/1159 580/1710/1156
f 542/1725/1080 261/1737/1006 545/1738/1082 1442/1726/1159
f 1442/1726/1159 545/1738/1082 281/1754/1086 582/1739/1160
f 580/1710/1156 1442/1726/1159 582/1739/1160 300/1727/1157
f 281/2018/1086 544/2019/1085 1443/2020/1161 585/2021/1162
f 544/1761/1085 282/1768/1084 583/1771/1163 1443/1772/1161
f 1443/2020/1161 583/2024/1163 302/2025/1164 584/2022/1165
f 585/2021/1162 1443/2020/1161 584/2022/1165 301/2023/1166
f 282/1768/1084 547/1770/1090 1444/1775/1167 583/1771/1163
f 547/1770/1090 283/1774/1089 586/1778/1168 1444/1775/1167
f 1444/1775/1167 586/1778/1168 303/1781/1169 587/1779/1170
f 583/1771/1163 1444/1775/1167 587/1779/1170 302/1780/1164
f 283/2065/1089 549/2066/1094 1445/2058/1171 586/2057/1168
f 549/1415/1094 284/1414/1093 588/1421/1172 1445/1422/1171
f 1445/1422/1171 588/1421/1172 304/1429/1173 589/1430/1174
f 586/2057/1168 1445/2058/1171 589/2049/1174 303/2048/1169
f 284/1414/1093 551/1420/1098 1446/1428/1175 588/1421/1172
f 551/1420/1098 285/1427/1097 590/1434/1176 1446/1428/1175
f 1446/732/1175 590/733/1176 305/727/1177 591/726/1178
f 588/1421/1172 1446/1428/1175 591/1435/1178 304/1429/1173
f 285/1427/1097 553/1433/1102 1447/1439/1179 590/1434/1176
f 553/1433/1102 286/1438/1101 592/1441/1180 1447/1439/1179
f 1447/2082/1179 592/2083/1180 306/2084/1181 593/2085/1182
f 590/1434/1176 1447/1439/1179 593/1442/1182 305/1443/1177
f 286/2090/1101 555/2091/1106 1448/2086/1183 592/2083/1180
f 555/1453/1106 287/1452/1105 594/1454/1184 1448/1455/1183
f 1448/1455/1183 594/1454/1184 307/1456/1185 595/1457/1186
f 592/2083/1180 1448/2086/1183 595/2087/1186 306/2084/1181
f 287/772/1105 557/773/1110 1449/762/1187 594/761/1184
f 557/1515/1110 288/1501/1109 596/1513/1188 1449/1527/1187
f 1449/1527/1187 596/1513/1188 308/1526/1189 597/1539/1190
f 594/761/1184 1449/762/1187 597/753/1190 307/752/1185
f 288/1501/1109 559/1490/1114 1450/1499/1191 596/1513/1188
f 559/1490/1114 289/1481/1113 598/1488/1192 1450/1499/1191
f 1450/1499/1191 598/1488/1192 309/1498/1193 599/1512/1194
f 596/1513/1188 1450/1499/1191 599/1512/1194 308/1526/1189
f 289/1481/1113 561/1472/1118 1451/1480/1195 598/1488/1192
f 561/1472/1118 290/1471/1117 600/1479/1196 1451/1480/1195
f 1451/1480/1195 600/1479/1196 310/1486/1197 601/1487/1198
f 598/1488/1192 1451/1480/1195 601/1487/1198 309/1498/1193
f 290/2111/1117 563/2112/1122 1452/2113/1199 600/2114/1196
f 563/1478/1122 291/1485/1121 602/1496/1200 1452/1497/1199
f 1452/1497/1199 602/1496/1200 311/1508/1201 603/1509/1202
f 600/2114/1196 1452/2113/1199 603/2115/1202 310/2116/1197
f 291/1990/1121 565/1989/1126 1453/1991/1203 602/1992/1200
f 565/1507/1126 292/1506/1125 604/1521/1204 1453/1522/1203
f 1453/1991/1203 604/1995/1204 312/1996/1205 605/1993/1206
f 602/1992/1200 1453/1991/1203 605/1993/1206 311/1994/1201
f 292/1506/1125 567/1520/1130 1454/1535/1207 604/1521/1204
f 567/1520/1130 293/1534/1129 606/1546/1208 1454/1535/1207
f 1454/705/1207 606/706/1208 313/700/1209 607/699/1210
f 604/1521/1204 1454/1535/1207 607/1547/1210 312/1548/1205
f 293/1534/1129 569/1545/1134 1455/1557/1211 606/1546/1208
f 569/1545/1134 294/1556/1133 608/1568/1212 1455/1557/1211
f 1455/1557/1211 608/1568/1212 314/1582/1213 609/1569/1214
f 606/1546/1208 1455/1557/1211 609/1569/1214 313/1570/1209
f 294/1556/1133 571/1567/1138 1456/1581/1215 608/1568/1212
f 571/1567/1138 295/1580/1137 610/1598/1216 1456/1581/1215
f 1456/1581/1215 610/1598/1216 315/1613/1217 611/1614/1218
f 608/667/1212 1456/668/1215 611/664/1218 314/663/1213
f 295/574/1137 573/575/1142 1457/571/1219 610/570/1216
f 573/1612/1142 296/1611/1141 612/1623/1220 1457/1624/1219
f 1457/1624/1219 612/1623/1220 316/1637/1221 613/1638/1222
f 610/570/1216 1457/571/1219 613/572/1222 315/573/1217
f 296/1611/1141 575/1622/1146 1458/1636/1223 612/1623/1220
f 575/1622/1146 297/1635/1145 614/1648/1224 1458/1636/1223
f 1458/1636/1223 614/1648/1224 317/1663/1225 615/1649/1226
f 612/1623/1220 1458/1636/1223 615/1649/1226 316/1637/1221
f 297/1635/1145 577/1647/1150 1459/1662/1227 614/1648/1224
f 577/594/1150 298/595/1149 616/591/1228 1459/590/1227
f 1459/590/1227 616/591/1228 318/592/1229 617/593/1230
f 614/1648/1224 1459/1662/1227 617/1678/1230 317/1663/1225
f 298/595/1149 579/602/1154 1460/596/1231 616/591/1228
f 579/1676/1154 299/1695/1153 618/1712/1232 1460/1713/1231
f 1460/596/1231 618/603/1232 319/604/1233 619/597/1234
f 616/591/1228 1460/596/1231 619/597/1234 318/592/1229
f 299/1695/1153 581/1711/1158 1461/1728/1235 618/1712/1232
f 581/1711/1158 300/1727/1157 620/1740/1236 1461/1728/1235
f 1461/1728/1235 620/1740/1236 320/1756/1237 621/1741/1238
f 618/1712/1232 1461/1728/1235 621/1741/1238 319/1742/1233
f 300/1727/1157 582/1739/1160 1462/1755/1239 620/1740/1236
f 582/2147/1160 281/2148/1086 585/2149/1162 1462/2150/1239
f 1462/2150/1239 585/2149/1162 301/2151/1166 622/2152/1240
f 620/1740/1236 1462/1755/1239 622/1762/1240 320/1756/1237
f 301/2023/1166 584/2022/1165 1463/2026/1241 625/2027/1242
f 584/2022/1165 302/2025/1164 623/2028/1243 1463/2026/1241
f 1463/2026/1241 623/2028/1243 322/2033/1244 624/2029/1245
f 625/2027/1242 1463/2026/1241 624/2029/1245 321/2030/1246
f 302/2025/1164 587/2031/1170 1464/2032/1247 623/2028/1243
f 587/1779/1170 303/1781/1169 626/1782/1248 1464/1783/1247
f 1464/2032/1247 626/2037/1248 323/2038/1249 627/2034/1250
f 623/2028/1243 1464/2032/1247 627/2034/1250 322/2033/1244
f 303/2048/1169 589/2049/1174 1465/2042/1251 626/2037/1248
f 589/1430/1174 304/1429/1173 628/1436/1252 1465/1437/1251
f 1465/2042/1251 628/2050/1252 324/2051/1253 629/2043/1254
f 626/2037/1248 1465/2042/1251 629/2043/1254 323/2038/1249
f 304/1429/1173 591/1435/1178 1466/1440/1255 628/1436/1252
f 591/726/1178 305/727/1177 630/719/1256 1466/718/1255
f 1466/718/1255 630/719/1256 325/715/1257 631/714/1258
f 628/2050/1252 1466/2059/1255 631/2060/1258 324/2051/1253
f 305/2095/1177 593/2085/1182 1467/2089/1259 630/2096/1256
f 593/2085/1182 306/2084/1181 632/2088/1260 1467/2089/1259
f 1467/2089/1259 632/2088/1260 326/2093/1261 633/2094/1262
f 630/2096/1256 1467/2089/1259 633/2094/1262 325/2100/1257
f 306/2084/1181 595/2087/1186 1468/2092/1263 632/2088/1260
f 595/1457/1186 307/1456/1185 634/1458/1264 1468/1459/1263
f 1468/740/1263 634/741/1264 327/737/1265 635/736/1266
f 632/2088/1260 1468/2092/1263 635/2097/1266 326/2093/1261
f 307/752/1185 597/753/1190 1469/746/1267 634/741/1264
f 597/753/1190 308/763/1189 636/754/1268 1469/746/1267
f 1469/746/1267 636/754/1268 328/747/1269 637/742/1270
f 634/741/1264 1469/746/1267 637/742/1270 327/737/1265
f 308/1526/1189 599/1512/1194 1470/1525/1271 636/1538/1268
f 599/1512/1194 309/1498/1193 638/1511/1272 1470/1525/1271
f 1470/764/1271 638/774/1272 329/765/1273 639/755/1274
f 636/754/1268 1470/764/1271 639/755/1274 328/747/1269
f 309/1498/1193 601/1487/1198 1471/1510/1275 638/1511/1272
f 601/2121/1198 310/2116/1197 640/2118/1276 1471/2122/1275
f 1471/2122/1275 640/2118/1276 330/2120/1277 641/2125/1278
f 638/2129/1272 1471/2122/1275 641/2125/1278 329/2130/1273
f 310/2116/1197 603/2115/1202 1472/2117/1279 640/2118/1276
f 603/1509/1202 311/1508/1201 642/1523/1280 1472/1524/1279
f 1472/1524/1279 642/1523/1280 331/1536/1281 643/1537/1282
f 640/2118/1276 1472/2117/1279 643/2119/1282 330/2120/1277
f 311/1994/1201 605/1993/1206 1473/1997/1283 642/1998/1280
f 605/1993/1206 312/1996/1205 644/1999/1284 1473/1997/1283
f 1473/1587/1283 644/1559/1284 332/1572/1285 645/1588/1286
f 642/1998/1280 1473/1997/1283 645/2000/1286 331/2001/1281
f 312/1548/1205 607/1547/1210 1474/1558/1287 644/1559/1284
f 607/699/1210 313/700/1209 646/694/1288 1474/693/1287
f 1474/693/1287 646/694/1288 333/682/1289 647/688/1290
f 644/1559/1284 1474/1558/1287 647/1571/1290 332/1572/1285
f 313/1570/1209 609/1569/1214 1475/1583/1291 646/1584/1288
f 609/671/1214 314/663/1213 648/666/1292 1475/672/1291
f 1475/672/1291 648/666/1292 334/670/1293 649/675/1294
f 646/1584/1288 1475/1583/1291 649/1599/1294 333/1600/1289
f 314/663/1213 611/664/1218 1476/665/1295 648/666/1292
f 611/1614/1218 315/1613/1217 650/1625/1296 1476/1626/1295
f 1476/1626/1295 650/1625/1296 335/1639/1297 651/1640/1298
f 648/666/1292 1476/665/1295 651/669/1298 334/670/1293
f 315/573/1217 613/572/1222 1477/576/1299 650/577/1296
f 613/1638/1222 316/1637/1221 652/1650/1300 1477/1651/1299
f 1477/1651/1299 652/1650/1300 336/1665/1301 653/1666/1302
f 650/577/1296 1477/576/1299 653/580/1302 335/581/1297
f 316/1637/1221 615/1649/1226 1478/1664/1303 652/1650/1300
f 615/1649/1226 317/1663/1225 654/1679/1304 1478/1664/1303
f 1478/2159/1303 654/2160/1304 337/2161/1305 655/2162/1306
f 652/1650/1300 1478/1664/1303 655/1680/1306 336/1665/1301
f 317/1663/1225 617/1678/1230 1479/1696/1307 654/1679/1304
f 617/593/1230 318/592/1229 656/598/1308 1479/599/1307
f 1479/599/1307 656/598/1308 338/606/1309 657/607/1310
f 654/1679/1304 1479/1696/1307 657/1714/1310 337/1715/1305
f 318/592/1229 619/597/1234 1480/605/1311 656/598/1308
f 619/597/1234 319/604/1233 658/610/1312 1480/605/1311
f 1480/605/1311 658/610/1312 339/616/1313 659/611/1314
f 656/598/1308 1480/605/1311 659/611/1314 338/606/1309
f 319/604/1233 621/614/1238 1481/615/1315 658/610/1312
f 621/614/1238 320/620/1237 660/621/1316 1481/615/1315
f 1481/615/1315 660/621/1316 340/629/1317 661/622/1318
f 658/610/1312 1481/615/1315 661/622/1318 339/616/1313
f 320/620/1237 622/627/1240 1482/628/1319 660/621/1316
f 622/2152/1240 301/2151/1166 625/2153/1242 1482/2154/1319
f 1482/2154/1319 625/2153/1242 321/2155/1246 662/2156/1320
f 660/621/1316 1482/628/1319 662/635/1320 340/629/1317
f 321/659/1246 624/660/1245 1483/654/1321 665/649/1322
f 624/2029/1245 322/2033/1244 663/2035/1323 1483/2036/1321
f 1483/2036/1321 663/2035/1323 342/2040/1324 664/2041/1325
f 665/649/1322 1483/654/1321 664/655/1325 341/650/1326
f 322/2033/1244 627/2034/1250 1484/2039/1327 663/2035/1323
f 627/2034/1250 323/2038/1249 666/2044/1328 1484/2039/1327
f 1484/2039/1327 666/2044/1328 343/2053/1329 667/2045/1330
f 663/2035/1323 1484/2039/1327 667/2045/1330 342/2040/1324
f 323/2038/1249 629/2043/1254 1485/2052/1331 666/2044/1328
f 629/2043/1254 324/2051/1253 668/2061/1332 1485/2052/1331
f 1485/2052/1331 668/2061/1332 344/2068/1333 669/2062/1334
f 666/2044/1328 1485/2052/1331 669/2062/1334 343/2053/1329
f 324/2051/1253 631/2060/1258 1486/2067/1335 668/2061/1332
f 631/714/1258 325/715/1257 670/711/1336 1486/710/1335
f 1486/710/1335 670/711/1336 345/712/1337 671/713/1338
f 668/2061/1332 1486/2067/1335 671/2075/1338 344/2068/1333
f 325/2100/1257 633/2094/1262 1487/2099/1339 670/2104/1336
f 633/2094/1262 326/2093/1261 672/2098/1340 1487/2099/1339
f 1487/2099/1339 672/2098/1340 346/2102/1341 673/2103/1342
f 670/2104/1336 1487/2099/1339 673/2103/1342 345/2108/1337
f 326/2093/1261 635/2097/1266 1488/2101/1343 672/2098/1340
f 635/736/1266 327/737/1265 674/738/1344 1488/739/1343
f 1488/739/1343 674/738/1344 347/744/1345 675/745/1346
f 672/2098/1340 1488/2101/1343 675/2105/1346 346/2102/1341
f 327/737/1265 637/742/1270 1489/743/1347 674/738/1344
f 637/742/1270 328/747/1269 676/748/1348 1489/743/1347
f 1489/743/1347 676/748/1348 348/757/1349 677/749/1350
f 674/738/1344 1489/743/1347 677/749/1350 347/744/1345
f 328/747/1269 639/755/1274 1490/756/1351 676/748/1348
f 639/755/1274 329/765/1273 678/766/1352 1490/756/1351
f 1490/756/1351 678/766/1352 349/775/1353 679/767/1354
f 676/748/1348 1490/756/1351 679/767/1354 348/757/1349
f 329/2130/1273 641/2125/1278 1491/2128/1355 678/2132/1352
f 641/2125/1278 330/2120/1277 680/2124/1356 1491/2128/1355
f 1491/2128/1355 680/2124/1356 350/2127/1357 681/2131/1358
f 678/2132/1352 1491/2128/1355 681/2131/1358 349/2135/1353
f 330/2120/1277 643/2119/1282 1492/2123/1359 680/2124/1356
f 643/1537/1282 331/1536/1281 682/1549/1360 1492/1550/1359
f 1492/1550/1359 682/1549/1360 351/1560/1361 683/1561/1362
f 680/2124/1356 1492/2123/1359 683/2126/1362 350/2127/1357
f 331/2001/1281 645/2000/1286 1493/2002/1363 682/2003/1360
f 645/2000/1286 332/2004/1285 684/2005/1364 1493/2002/1363
f 1493/2002/1363 684/2005/1364 352/2008/1365 685/2006/1366
f 682/2003/1360 1493/2002/1363 685/2006/1366 351/2007/1361
f 332/1572/1285 647/1571/1290 1494/1585/1367 684/1586/1364
f 647/688/1290 333/682/1289 686/683/1368 1494/689/1367
f 1494/689/1367 686/683/1368 353/687/1369 687/692/1370
f 684/1586/1364 1494/1585/1367 687/1601/1370 352/1602/1365
f 333/682/1289 649/675/1294 1495/678/1371 686/683/1368
f 649/675/1294 334/670/1293 688/674/1372 1495/678/1371
f 1495/678/1371 688/674/1372 354/677/1373 689/681/1374
f 686/683/1368 1495/678/1371 689/681/1374 353/687/1369
f 334/670/1293 651/669/1298 1496/673/1375 688/674/1372
f 651/1640/1298 335/1639/1297 690/1652/1376 1496/1653/1375
f 1496/1653/1375 690/1652/1376 355/1667/1377 691/1668/1378
f 688/674/1372 1496/673/1375 691/676/1378 354/677/1373
f 335/581/1297 653/580/1302 1497/582/1379 690/583/1376
f 653/1666/1302 336/1665/1301 692/1681/1380 1497/1682/1379
f 1497/1682/1379 692/1681/1380 356/1698/1381 693/1699/1382
f 690/583/1376 1497/582/1379 693/584/1382 355/585/1377
f 336/1665/1301 655/1680/1306 1498/1697/1383 692/1681/1380
f 655/2162/1306 337/2161/1305 694/2163/1384 1498/2164/1383
f 1498/2164/1383 694/2163/1384 357/2165/1385 695/2166/1386
f 692/1681/1380 1498/1697/1383 695/1716/1386 356/1698/1381
f 337/1715/1305 657/1714/1310 1499/1729/1387 694/1730/1384
f 657/607/1310 338/606/1309 696/612/1388 1499/613/1387
f 1499/613/1387 696/612/1388 358/618/1389 697/619/1390
f 694/1730/1384 1499/1729/1387 697/1743/1390 357/1744/1385
f 338/606/1309 659/611/1314 1500/617/1391 696/612/1388
f 659/611/1314 339/616/1313 698/623/1392 1500/617/1391
f 1500/617/1391 698/623/1392 359/631/1393 699/624/1394
f 696/612/1388 1500/617/1391 699/624/1394 358/618/1389
f 339/616/1313 661/622/1318 1501/630/1395 698/623/1392
f 661/622/1318 340/629/1317 700/636/1396 1501/630/1395
f 1501/630/1395 700/636/1396 360/641/1397 701/637/1398
f 698/623/1392 1501/630/1395 701/637/1398 359/631/1393
f 340/629/1317 662/635/1320 1502/640/1399 700/636/1396
f 662/2156/1320 321/2155/1246 665/2157/1322 1502/2158/1399
f 1502/640/1399 665/649/1322 341/650/1326 702/644/1400
f 700/636/1396 1502/640/1399 702/644/1400 360/641/1397
f 341/650/1326 664/655/1325 1503/661/1401 705/656/1402
f 664/2041/1325 342/2040/1324 703/2046/1403 1503/2047/1401
f 1503/2047/1401 703/2046/1403 362/2055/1404 704/2056/1405
f 705/1765/1402 1503/1766/1401 704/1759/1405 361/1758/1406
f 342/2040/1324 667/2045/1330 1504/2054/1407 703/2046/1403
f 667/2045/1330 343/2053/1329 706/2063/1408 1504/2054/1407
f 1504/2054/1407 706/2063/1408 363/2070/1409 707/2064/1410
f 703/2046/1403 1504/2054/1407 707/2064/1410 362/2055/1404
f 343/2053/1329 669/2062/1334 1505/2069/1411 706/2063/1408
f 669/2062/1334 344/2068/1333 708/2076/1412 1505/2069/1411
f 1505/2069/1411 708/2076/1412 364/2079/1413 709/2077/1414
f 706/2063/1408 1505/2069/1411 709/2077/1414 363/2070/1409
f 344/724/1333 671/713/1338 1506/717/1415 708/725/1412
f 671/713/1338 345/712/1337 710/716/1416 1506/717/1415
f 1506/717/1415 710/716/1416 365/722/1417 711/723/1418
f 708/725/1412 1506/717/1415 711/723/1418 364/731/1413
f 345/712/1337 673/720/1342 1507/721/1419 710/716/1416
f 673/2103/1342 346/2102/1341 712/2106/1420 1507/2107/1419
f 1507/2107/1419 712/2106/1420 366/2109/1421 713/2110/1422
f 710/716/1416 1507/721/1419 713/728/1422 365/722/1417
f 346/1719/1341 675/1720/1346 1508/1704/1423 712/1703/1420
f 675/745/1346 347/744/1345 714/750/1424 1508/751/1423
f 1508/751/1423 714/750/1424 367/759/1425 715/760/1426
f 712/1703/1420 1508/1704/1423 715/1688/1426 366/1687/1421
f 347/744/1345 677/749/1350 1509/758/1427 714/750/1424
f 677/749/1350 348/757/1349 716/768/1428 1509/758/1427
f 1509/758/1427 716/768/1428 368/777/1429 717/769/1430
f 714/750/1424 1509/758/1427 717/769/1430 367/759/1425
f 348/757/1349 679/767/1354 1510/776/1431 716/768/1428
f 679/767/1354 349/775/1353 718/781/1432 1510/776/1431
f 1510/2142/1431 718/2138/1432 369/2139/1433 719/2143/1434
f 716/768/1428 1510/776/1431 719/782/1434 368/777/1429
f 349/2135/1353 681/2131/1358 1511/2134/1435 718/2138/1432
f 681/2131/1358 350/2127/1357 720/2133/1436 1511/2134/1435
f 1511/2134/1435 720/2133/1436 370/2136/1437 721/2137/1438
f 718/2138/1432 1511/2134/1435 721/2137/1438 369/2139/1433
f 350/1591/1357 683/1561/1362 1512/1574/1439 720/1592/1436
f 683/1561/1362 351/1560/1361 722/1573/1440 1512/1574/1439
f 1512/1574/1439 722/1573/1440 371/1589/1441 723/1590/1442
f 720/1592/1436 1512/1574/1439 723/1590/1442 370/1605/1437
f 351/2007/1361 685/2006/1366 1513/2009/1443 722/2010/1440
f 685/2006/1366 352/2008/1365 724/2011/1444 1513/2009/1443
f 1513/2009/1443 724/2011/1444 372/2014/1445 725/2012/1446
f 722/2010/1440 1513/2009/1443 725/2012/1446 371/2013/1441
f 352/703/1365 687/692/1370 1514/698/1447 724/704/1444
f 687/692/1370 353/687/1369 726/691/1448 1514/698/1447
f 1514/698/1447 726/691/1448 373/697/1449 727/702/1450
f 724/704/1444 1514/698/1447 727/702/1450 372/708/1445
f 353/687/1369 689/681/1374 1515/686/1451 726/691/1448
f 689/681/1374 354/677/1373 728/680/1452 1515/686/1451
f 1515/686/1451 728/680/1452 374/685/1453 729/690/1454
f 726/691/1448 1515/686/1451 729/690/1454 373/697/1449
f 354/677/1373 691/676/1378 1516/679/1455 728/680/1452
f 691/1668/1378 355/1667/1377 730/1683/1456 1516/1684/1455
f 1516/1684/1455 730/1683/1456 375/1691/1457 731/1690/1458
f 728/680/1452 1516/679/1455 731/684/1458 374/685/1453
f 355/585/1377 693/584/1382 1517/586/1459 730/587/1456
f 693/2174/1382 356/2171/1381 732/2172/1460 1517/2175/1459
f 1517/2175/1459 732/2172/1460 376/2173/1461 733/2176/1462
f 730/587/1456 1517/586/1459 733/588/1462 375/589/1457
f 356/2171/1381 695/2166/1386 1518/2168/1463 732/2172/1460
f 695/2166/1386 357/2165/1385 734/2167/1464 1518/2168/1463
f 1518/2168/1463 734/2167/1464 377/2169/1465 735/2170/1466
f 732/2172/1460 1518/2168/1463 735/2170/1466 376/2173/1461
f 357/1744/1385 697/1743/1390 1519/1748/1467 734/1747/1464
f 697/619/1390 358/618/1389 736/625/1468 1519/626/1467
f 1519/626/1467 736/625/1468 378/633/1469 737/634/1470
f 734/1747/1464 1519/1748/1467 737/1733/1470 377/1722/1465
f 358/618/1389 699/624/1394 1520/632/1471 736/625/1468
f 699/624/1394 359/631/1393 738/638/1472 1520/632/1471
f 1520/632/1471 738/638/1472 379/643/1473 739/639/1474
f 736/625/1468 1520/632/1471 739/639/1474 378/633/1469
f 359/631/1393 701/637/1398 1521/642/1475 738/638/1472
f 701/637/1398 360/641/1397 740/645/1476 1521/642/1475
f 1521/642/1475 740/645/1476 380/652/1477 741/646/1478
f 738/638/1472 1521/642/1475 741/646/1478 379/643/1473
f 360/641/1397 702/644/1400 1522/651/1479 740/645/1476
f 702/644/1400 341/650/1326 705/656/1402 1522/651/1479
f 1522/651/1479 705/656/1402 361/662/1406 742/657/1480
f 740/645/1476 1522/651/1479 742/657/1480 380/652/1477
f 2/784/5 783/788/2 1523/789/1481 744/785/1482
f 1/792/1 743/793/1483 1523/789/1481 783/788/2
f 381/1041/1484 744/1059/1482 1523/1077/1481 743/1078/1483
f 3/790/12 787/787/10 1524/786/1485 745/791/1486
f 2/784/5 744/785/1482 1524/786/1485 787/787/10
f 381/1041/1484 745/1042/1486 1524/1058/1485 744/1059/1482
f 4/993/18 790/1024/16 1525/1025/1487 746/1008/1488
f 3/790/12 745/791/1486 1525/796/1487 790/797/16
f 381/1041/1484 746/1008/1488 1525/1025/1487 745/1042/1486
f 5/1/24 793/11/22 1526/12/1489 747/5/1490
f 4/993/18 746/1008/1488 1526/1009/1489 793/981/22
f 381/13/1484 747/5/1490 1526/12/1489 746/17/1488
f 6/7/30 796/2/28 1527/6/1491 748/14/1492
f 5/1/24 747/5/1490 1527/6/1491 796/2/28
f 381/13/1484 748/14/1492 1527/6/1491 747/5/1490
f 7/1079/36 799/1061/34 1528/1101/1493 749/1102/1494
f 6/7/30 748/14/1492 1528/19/1493 799/20/34
f 381/13/1484 749/18/1494 1528/19/1493 748/14/1492
f 8/1124/42 802/1103/40 1529/1123/1495 750/1147/1496
f 7/1079/36 749/1102/1494 1529/1123/1495 802/1103/40
f 381/13/1484 750/23/1496 1529/24/1495 749/18/1494
f 9/1167/48 805/1148/46 1530/1166/1497 751/1186/1498
f 8/1124/42 750/1147/1496 1530/1166/1497 805/1148/46
f 381/13/1484 751/25/1498 1530/26/1497 750/23/1496
f 10/1202/54 808/1187/52 1531/1201/1499 752/1214/1500
f 9/1167/48 751/1186/1498 1531/1201/1499 808/1187/52
f 381/13/1484 752/27/1500 1531/28/1499 751/25/1498
f 11/1223/60 811/1215/58 1532/1222/1501 753/1226/1502
f 10/1202/54 752/1214/1500 1532/1222/1501 811/1215/58
f 381/13/1484 753/29/1502 1532/30/1501 752/27/1500
f 12/1220/66 814/1225/64 1533/1227/1503 754/1224/1504
f 11/1223/60 753/1226/1502 1533/1227/1503 814/1225/64
f 381/13/1484 754/31/1504 1533/32/1503 753/29/1502
f 13/1197/72 817/1211/70 1534/1219/1505 755/1209/1506
f 12/1220/66 754/1224/1504 1534/1219/1505 817/1211/70
f 381/13/1484 755/33/1506 1534/34/1505 754/31/1504
f 14/39/78 820/40/76 1535/36/1507 756/35/1508
f 13/1197/72 755/1209/1506 1535/1210/1507 820/1179/76
f 381/13/1484 756/35/1508 1535/36/1507 755/33/1506
f 15/41/84 823/42/82 1536/38/1509 757/37/1510
f 14/39/78 756/35/1508 1536/38/1509 823/42/82
f 381/13/1484 757/37/1510 1536/38/1509 756/35/1508
f 16/1097/90 826/1076/88 1537/1096/1511 758/1120/1512
f 15/1075/84 757/1095/1510 1537/1096/1511 826/1076/88
f 381/1041/1484 758/1120/1512 1537/1096/1511 757/1095/1510
f 17/821/96 829/823/94 1538/824/1513 759/822/1514
f 16/1097/90 758/1120/1512 1538/1143/1513 829/1144/94
f 381/1041/1484 759/1142/1514 1538/1143/1513 758/1120/1512
f 18/817/102 832/819/100 1539/820/1515 760/818/1516
f 17/821/96 759/822/1514 1539/820/1515 832/819/100
f 381/1041/1484 760/1146/1516 1539/1165/1515 759/1142/1514
f 19/809/108 835/813/106 1540/814/1517 761/810/1518
f 18/817/102 760/818/1516 1540/814/1517 835/813/106
f 381/1041/1484 761/1122/1518 1540/1145/1517 760/1146/1516
f 20/801/114 838/805/112 1541/806/1519 762/802/1520
f 19/809/108 761/810/1518 1541/806/1519 838/805/112
f 381/1041/1484 762/1100/1520 1541/1121/1519 761/1122/1518
f 1/792/1 841/798/118 1542/799/1521 743/793/1483
f 20/801/114 762/802/1520 1542/799/1521 841/798/118
f 381/1041/1484 743/1078/1483 1542/1099/1521 762/1100/1520
f 361/1758/1406 704/1759/1405 1543/1746/1522 764/1745/1523
f 362/1760/1404 763/1731/1524 1543/1746/1522 704/1759/1405
f 382/1615/1525 764/1745/1523 1543/1746/1522 763/1731/1524
f 362/2055/1404 707/2064/1410 1544/2071/1526 763/2072/1524
f 363/2070/1409 765/2078/1527 1544/2071/1526 707/2064/1410
f 382/1615/1525 763/1731/1524 1544/1732/1526 765/1717/1527
f 363/2070/1409 709/2077/1414 1545/2080/1528 765/2078/1527
f 364/2079/1413 766/2081/1529 1545/2080/1528 709/2077/1414
f 382/1615/1525 765/1717/1527 1545/1718/1528 766/1700/1529
f 364/731/1413 711/723/1418 1546/730/1530 766/735/1529
f 365/722/1417 767/729/1531 1546/730/1530 711/723/1418
f 382/1615/1525 766/1700/1529 1546/1701/1530 767/1685/1531
f 365/722/1417 713/728/1422 1547/734/1532 767/729/1531
f 366/1687/1421 768/1669/1533 1547/1686/1532 713/1702/1422
f 382/1615/1525 767/1685/1531 1547/1686/1532 768/1669/1533
f 366/1687/1421 715/1688/1426 1548/1670/1534 768/1669/1533
f 367/759/1425 769/770/1535 1548/771/1534 715/760/1426
f 382/1615/1525 768/1669/1533 1548/1670/1534 769/1654/1535
f 367/759/1425 717/769/1430 1549/778/1536 769/770/1535
f 368/777/1429 770/783/1537 1549/778/1536 717/769/1430
f 382/1615/1525 769/1654/1535 1549/1655/1536 770/1641/1537
f 368/2145/1429 719/2143/1434 1550/2144/1538 770/2146/1537
f 369/2139/1433 771/2141/1539 1550/2144/1538 719/2143/1434
f 382/1615/1525 770/1641/1537 1550/1642/1538 771/1627/1539
f 369/2139/1433 721/2137/1438 1551/2140/1540 771/2141/1539
f 370/1605/1437 772/1616/1541 1551/1628/1540 721/1631/1438
f 382/1615/1525 771/1627/1539 1551/1628/1540 772/1616/1541
f 370/1605/1437 723/1590/1442 1552/1604/1542 772/1616/1541
f 371/1589/1441 773/1603/1543 1552/1604/1542 723/1590/1442
f 382/1615/1525 772/1616/1541 1552/1604/1542 773/1603/1543
f 371/2013/1441 725/2012/1446 1553/2015/1544 773/2016/1543
f 372/2014/1445 774/2017/1545 1553/2015/1544 725/2012/1446
f 382/1615/1525 773/1603/1543 1553/1629/1544 774/1630/1545
f 372/708/1445 727/702/1450 1554/707/1546 774/709/1545
f 373/697/1449 775/701/1547 1554/707/1546 727/702/1450
f 382/1615/1525 774/1630/1545 1554/1643/1546 775/1644/1547
f 373/697/1449 729/690/1454 1555/696/1548 775/701/1547
f 374/685/1453 776/695/1549 1555/696/1548 729/690/1454
f 382/1615/1525 775/1644/1547 1555/1656/1548 776/1657/1549
f 374/1689/1453 731/1690/1458 1556/1671/1550 776/1657/1549
f 375/1691/1457 777/1672/1551 1556/1671/1550 731/1690/1458
f 382/1615/1525 776/1657/1549 1556/1671/1550 777/1672/1551
f 375/1691/1457 733/1705/1462 1557/1692/1552 777/1672/1551
f 376/1706/1461 778/1693/1553 1557/1692/1552 733/1705/1462
f 382/1615/1525 777/1672/1551 1557/1692/1552 778/1693/1553
f 376/1706/1461 735/1721/1466 1558/1707/1554 778/1693/1553
f 377/1722/1465 779/1708/1555 1558/1707/1554 735/1721/1466
f 382/1615/1525 778/1693/1553 1558/1707/1554 779/1708/1555
f 377/1722/1465 737/1733/1470 1559/1723/1556 779/1708/1555
f 378/1734/1469 780/1724/1557 1559/1723/1556 737/1733/1470
f 382/1615/1525 779/1708/1555 1559/1723/1556 780/1724/1557
f 378/1734/1469 739/1749/1474 1560/1735/1558 780/1724/1557
f 379/643/1473 781/647/1559 1560/648/1558 739/639/1474
f 382/1615/1525 780/1724/1557 1560/1735/1558 781/1736/1559
f 379/643/1473 741/646/1478 1561/653/1560 781/647/1559
f 380/652/1477 782/658/1561 1561/653/1560 741/646/1478
f 382/1615/1525 781/1736/1559 1561/1750/1560 782/1751/1561
f 380/1763/1477 742/1764/1480 1562/1757/1562 782/1751/1561
f 361/1758/1406 764/1745/1523 1562/1757/1562 742/1764/1480
f 382/1615/1525 782/1751/1561 1562/1757/1562 764/1745/1523
