# This file uses centimeters as units for non-parametric coordinates.

mtllib bean_bag.mtl
g default
v -8.706073 0.063068 -6.461081
v -8.681458 0.103234 -6.496719
v -8.689726 0.141549 -6.519346
v -8.753381 0.140844 -6.557146
v -8.778719 0.094339 -6.566148
v -8.825869 0.060949 -6.561591
v -8.888435 0.076980 -6.546377
v -8.902859 0.128394 -6.527651
v -8.932840 0.166926 -6.486038
v -8.965068 0.166134 -6.423897
v -8.961425 0.138212 -6.367170
v -8.933317 0.128121 -6.319321
v -8.902207 0.139636 -6.270179
v -8.858748 0.164049 -6.229792
v -8.792768 0.170405 -6.214823
v -8.758067 0.134758 -6.219725
v -8.748663 0.093947 -6.245668
v -8.733400 0.061697 -6.291507
v -8.713079 0.045703 -6.348968
v -8.703539 0.047308 -6.407964
v -8.552002 0.049455 -6.507225
v -8.592297 0.051240 -6.608021
v -8.652454 0.072853 -6.682351
v -8.687722 0.146915 -6.717409
v -8.744121 0.061828 -6.732753
v -8.849056 0.050022 -6.720772
v -8.952845 0.055971 -6.692210
v -9.021319 0.129232 -6.650073
v -9.018792 0.073345 -6.579651
v -9.044502 0.053031 -6.494798
v -9.025630 0.052218 -6.392512
v -8.975856 0.049446 -6.297510
v -8.902664 0.045054 -6.212316
v -8.812728 0.053514 -6.146805
v -8.781818 0.110269 -6.059950
v -8.685712 0.137383 -6.056747
v -8.655168 0.056495 -6.100739
v -8.600174 0.037215 -6.186142
v -8.557226 0.041196 -6.284839
v -8.539578 0.045883 -6.395980
v -8.397107 0.051965 -6.558168
v -8.454369 0.053649 -6.702585
v -8.548877 0.051919 -6.816897
v -8.645024 0.067063 -6.868525
v -8.744675 0.048233 -6.893396
v -8.884149 0.082058 -6.874940
v -9.018176 0.047721 -6.831284
v -9.129284 0.049754 -6.734112
v -9.194271 0.053003 -6.605973
v -9.211130 0.055285 -6.504013
v -9.188123 0.055570 -6.359313
v -9.118166 0.051478 -6.216853
v -9.008469 0.043674 -6.090340
v -8.872702 0.034999 -5.992050
v -8.725279 0.027513 -5.942175
v -8.625510 0.048181 -5.941582
v -8.509669 0.079105 -5.991976
v -8.465353 0.029175 -6.076865
v -8.405533 0.037160 -6.225537
v -8.381090 0.045954 -6.392778
v -8.244764 0.055039 -6.610249
v -8.316350 0.056294 -6.794474
v -8.435676 0.053081 -6.934916
v -8.602163 0.049053 -7.023651
v -8.745575 0.046921 -7.053364
v -8.940129 0.045827 -7.026104
v -9.120348 0.046636 -6.951183
v -9.260252 0.049373 -6.821291
v -9.346684 0.053463 -6.658788
v -9.374951 0.056899 -6.499639
v -9.347286 0.058650 -6.319045
v -9.257383 0.053769 -6.137308
v -9.112662 0.043568 -5.972085
v -8.932835 0.031437 -5.846568
v -8.743240 0.021477 -5.779377
v -8.567854 0.016834 -5.794159
v -8.427867 0.064009 -5.841283
v -8.337652 0.023132 -5.982663
v -8.259680 0.034531 -6.175720
v -8.224836 0.046569 -6.394216
v -8.092511 0.057362 -6.664698
v -8.184250 0.058825 -6.889173
v -8.333236 0.054762 -7.056154
v -8.532880 0.050012 -7.168567
v -8.764266 0.046703 -7.214167
v -8.999489 0.045519 -7.178653
v -9.215168 0.046636 -7.078870
v -9.385257 0.049928 -6.916323
v -9.494089 0.054392 -6.715843
v -9.535063 0.058505 -6.497666
v -9.503612 0.060807 -6.277126
v -9.395866 0.056304 -6.055363
v -9.212740 0.044815 -5.854096
v -8.982661 0.029868 -5.703023
v -8.745983 0.017853 -5.624101
v -8.535504 0.011376 -5.637369
v -8.358045 0.012280 -5.729654
v -8.219046 0.019559 -5.894534
v -8.119220 0.033632 -6.129733
v -8.069367 0.048263 -6.399505
v -7.936673 0.058701 -6.718233
v -8.051599 0.060486 -6.976534
v -8.235847 0.057114 -7.177675
v -8.481740 0.051977 -7.318355
v -8.765859 0.047901 -7.376577
v -9.051183 0.046389 -7.334688
v -9.308087 0.047824 -7.210236
v -9.512514 0.050907 -7.008886
v -9.642980 0.055995 -6.763341
v -9.692889 0.060055 -6.499738
v -9.658433 0.060807 -6.230890
v -9.535429 0.058976 -5.974669
v -9.318262 0.048031 -5.741555
v -9.037599 0.031272 -5.566105
v -8.748541 0.017227 -5.477117
v -8.492393 0.009168 -5.495465
v -8.278423 0.009997 -5.608736
v -8.105532 0.018640 -5.811477
v -7.979160 0.035014 -6.091664
v -7.912535 0.050810 -6.410213
v -7.821066 0.084631 -6.756317
v -7.958830 0.088863 -7.038372
v -8.175792 0.089501 -7.253955
v -8.450889 0.087815 -7.403324
v -8.763397 0.085925 -7.466818
v -9.079349 0.084659 -7.426295
v -9.360714 0.083865 -7.282808
v -9.584239 0.083293 -7.061263
v -9.728507 0.084308 -6.791934
v -9.787610 0.085108 -6.501838
v -9.755711 0.083904 -6.203155
v -9.624445 0.083773 -5.921253
v -9.383363 0.075768 -5.668765
v -9.067140 0.060292 -5.485106
v -8.747926 0.046710 -5.396267
v -8.469974 0.038267 -5.418552
v -8.237759 0.038538 -5.541768
v -8.044576 0.046048 -5.758001
v -7.886486 0.062268 -6.060813
v -7.796909 0.077659 -6.415931
v -7.770220 0.234693 -6.763616
v -7.906304 0.239453 -7.059613
v -8.122060 0.240184 -7.288892
v -8.409650 0.242566 -7.451646
v -8.747766 0.247035 -7.521919
v -9.092809 0.249237 -7.477855
v -9.400095 0.245841 -7.322437
v -9.641962 0.239341 -7.082159
v -9.793900 0.234526 -6.796751
v -9.851081 0.233269 -6.495925
v -9.814257 0.232871 -6.188210
v -9.676086 0.231386 -5.892693
v -9.419064 0.216153 -5.626639
v -9.081565 0.189906 -5.434525
v -8.744822 0.166968 -5.346307
v -8.457814 0.153071 -5.372020
v -8.220236 0.152852 -5.498722
v -8.018869 0.164558 -5.719378
v -7.850140 0.192310 -6.034765
v -7.750278 0.220908 -6.407320
v -7.727799 0.390045 -6.771036
v -7.855588 0.397698 -7.074768
v -8.067701 0.405146 -7.314722
v -8.364100 0.420516 -7.489702
v -8.725444 0.441053 -7.568478
v -9.101628 0.450701 -7.523059
v -9.435795 0.443092 -7.355432
v -9.695007 0.422192 -7.096773
v -9.851281 0.401869 -6.795474
v -9.903077 0.392403 -6.486412
v -9.858137 0.389800 -6.176262
v -9.714587 0.385814 -5.873846
v -9.447578 0.363592 -5.599386
v -9.095194 0.325724 -5.402301
v -8.745760 0.291795 -5.313984
v -8.451205 0.271530 -5.341901
v -8.208510 0.270740 -5.471338
v -8.000683 0.287548 -5.695464
v -7.821637 0.327282 -6.018640
v -7.712036 0.369121 -6.402747
v -7.703255 0.552921 -6.773023
v -7.817581 0.566907 -7.078185
v -8.021146 0.588515 -7.324611
v -8.320008 0.628330 -7.508193
v -8.697276 0.676147 -7.594002
v -9.098746 0.698116 -7.547485
v -9.458297 0.684029 -7.370837
v -9.732458 0.640110 -7.098484
v -9.891187 0.591640 -6.786012
v -9.936510 0.564048 -6.472948
v -9.881729 0.553776 -6.166023
v -9.732023 0.545795 -5.867721
v -9.462118 0.517106 -5.591599
v -9.104384 0.468047 -5.393820
v -8.749815 0.423361 -5.306538
v -8.451977 0.397188 -5.335555
v -8.206225 0.396060 -5.465485
v -7.993867 0.417879 -5.690513
v -7.808629 0.469358 -6.016113
v -7.694439 0.523817 -6.403196
v -7.700773 0.719594 -6.766361
v -7.798148 0.745136 -7.067217
v -7.988644 0.789671 -7.314308
v -8.283198 0.861721 -7.500712
v -8.666556 0.944884 -7.589769
v -9.082387 0.981532 -7.542809
v -9.459653 0.960824 -7.361789
v -9.745818 0.888345 -7.083035
v -9.905046 0.803288 -6.766951
v -9.944677 0.748278 -6.455823
v -9.880892 0.723150 -6.157915
v -9.725329 0.707210 -5.874296
v -9.458906 0.672434 -5.604918
v -9.106652 0.613859 -5.410679
v -8.755902 0.559955 -5.324732
v -8.459753 0.528655 -5.352822
v -8.214183 0.527366 -5.481141
v -8.001496 0.553592 -5.703383
v -7.817265 0.614782 -6.024007
v -7.703327 0.680026 -6.404726
v -7.723887 0.886282 -6.750312
v -7.802750 0.929901 -7.039012
v -7.978927 1.001707 -7.277910
v -8.263899 1.107539 -7.457635
v -8.639661 1.223589 -7.543933
v -9.053956 1.272664 -7.498338
v -9.433508 1.247990 -7.319220
v -9.721260 1.149852 -7.044907
v -9.880804 1.028068 -6.736577
v -9.919443 0.943090 -6.435689
v -9.850670 0.895223 -6.153694
v -9.692791 0.866487 -5.892721
v -9.436992 0.824228 -5.644396
v -9.102859 0.761000 -5.458290
v -8.765673 0.701784 -5.374239
v -8.476780 0.668219 -5.400771
v -8.234553 0.667297 -5.525040
v -8.025234 0.696917 -5.740407
v -7.847864 0.763184 -6.048485
v -7.739144 0.834645 -6.409355
v -7.786548 1.045203 -6.718610
v -7.842221 1.113702 -6.988113
v -8.004916 1.210030 -7.203651
v -8.272679 1.341031 -7.362859
v -8.623817 1.473338 -7.440514
v -9.015488 1.530271 -7.402419
v -9.372762 1.504656 -7.230592
v -9.645810 1.392921 -6.975181
v -9.803068 1.248384 -6.689584
v -9.847822 1.139285 -6.412592
v -9.779348 1.065440 -6.154908
v -9.623764 1.015812 -5.926175
v -9.388569 0.963506 -5.711720
v -9.086540 0.899214 -5.545390
v -8.776989 0.842407 -5.463919
v -8.505312 0.809743 -5.489154
v -8.272879 0.809712 -5.604517
v -8.073901 0.840333 -5.806008
v -7.908227 0.906780 -6.089832
v -7.811517 0.978668 -6.411853
v -7.902741 1.172999 -6.664393
v -7.929840 1.246757 -6.900611
v -8.078158 1.369027 -7.065027
v -8.314330 1.506909 -7.197604
v -8.623205 1.634662 -7.257617
v -8.961399 1.686230 -7.240144
v -9.260190 1.664297 -7.077348
v -9.505898 1.551417 -6.863984
v -9.650907 1.426237 -6.615309
v -9.709477 1.293157 -6.383133
v -9.649942 1.200134 -6.166228
v -9.504655 1.133606 -5.978777
v -9.306413 1.061061 -5.803027
v -9.048677 0.999676 -5.676301
v -8.787646 0.950941 -5.601024
v -8.549866 0.925447 -5.632772
v -8.339585 0.916901 -5.727377
v -8.163602 0.951538 -5.906376
v -8.008074 1.009624 -6.135728
v -7.932165 1.089437 -6.400989
v -8.056254 1.241087 -6.593617
v -8.038852 1.212169 -6.796236
v -8.183689 1.418002 -6.882544
v -8.374986 1.513233 -6.998626
v -8.634673 1.662506 -7.022461
v -8.900714 1.604927 -7.044888
v -9.110458 1.679495 -6.885491
v -9.340872 1.532803 -6.734755
v -9.441576 1.493090 -6.527070
v -9.535438 1.289281 -6.354796
v -9.488073 1.207129 -6.182581
v -9.349118 1.199302 -6.041517
v -9.208301 1.044279 -5.887875
v -8.989557 1.042671 -5.813404
v -8.780421 0.920088 -5.730165
v -8.601082 0.981886 -5.794778
v -8.417120 0.909040 -5.842767
v -8.271514 1.001972 -6.007953
v -8.122046 0.961755 -6.158456
v -8.087548 1.134154 -6.364619
v -8.211757 1.202971 -6.523689
v -8.160468 1.134557 -6.691134
v -8.298874 1.345987 -6.711386
v -8.439662 1.398191 -6.834265
v -8.659207 1.535934 -6.809075
v -8.861454 1.446842 -6.876392
v -8.980175 1.536006 -6.719609
v -9.204239 1.401770 -6.624080
v -9.238701 1.416441 -6.451859
v -9.372579 1.215311 -6.344891
v -9.330258 1.137173 -6.187708
v -9.188522 1.176783 -6.101403
v -9.120668 0.985941 -5.960743
v -8.923213 1.012798 -5.922870
v -8.757359 0.864194 -5.832069
v -8.641251 0.975137 -5.922483
v -8.485322 0.869591 -5.925842
v -8.366809 0.977455 -6.081988
v -8.220686 0.907950 -6.186319
v -8.241902 1.093562 -6.316127
v -8.319770 1.025481 -6.438514
v -8.285076 1.006502 -6.565540
v -8.405706 1.159350 -6.575214
v -8.509329 1.215294 -6.694376
v -8.673201 1.285872 -6.675994
v -8.808222 1.240459 -6.736402
v -8.904753 1.281858 -6.609645
v -9.088208 1.211744 -6.529704
v -9.084444 1.223142 -6.399931
v -9.217012 1.085220 -6.341594
v -9.177852 1.012786 -6.192972
v -9.053993 1.059103 -6.151636
v -9.038380 0.908846 -6.038042
v -8.871788 0.887415 -5.992585
v -8.751505 0.808474 -5.934674
v -8.671571 0.903123 -6.016281
v -8.553176 0.811340 -5.998818
v -8.441202 0.857704 -6.113183
v -8.333746 0.837676 -6.194807
v -8.374036 0.986445 -6.283219
v -8.417385 0.823688 -6.350579
v -8.402486 0.836175 -6.463578
v -8.495351 0.929176 -6.491936
v -8.563703 0.972182 -6.582449
v -8.692386 1.016001 -6.561461
v -8.778431 0.986080 -6.634965
v -8.896746 1.002689 -6.567788
v -8.971726 0.984191 -6.464797
v -8.966807 0.976024 -6.354150
v -9.083011 0.898044 -6.326875
v -9.055229 0.856242 -6.220246
v -8.941388 0.889386 -6.194556
v -8.938227 0.793648 -6.102931
v -8.875732 0.716027 -6.025942
v -8.761947 0.726330 -6.030391
v -8.692599 0.791006 -6.102062
v -8.596492 0.725072 -6.077717
v -8.496370 0.687779 -6.106127
v -8.450138 0.742707 -6.204506
v -8.495919 0.846282 -6.267651
v -8.554176 0.694375 -6.336467
v -8.550826 0.691179 -6.392919
v -8.581692 0.719262 -6.444370
v -8.635321 0.747665 -6.469020
v -8.697796 0.760221 -6.485284
v -8.765003 0.755169 -6.492267
v -8.831588 0.762511 -6.464838
v -8.857228 0.776388 -6.409846
v -8.902481 0.755771 -6.364298
v -8.941148 0.717136 -6.323381
v -8.937067 0.695173 -6.260208
v -8.881774 0.702481 -6.224353
v -8.856412 0.668530 -6.175497
v -8.824020 0.625810 -6.140995
v -8.760856 0.614935 -6.124072
v -8.704834 0.630667 -6.143201
v -8.646554 0.610343 -6.146487
v -8.596111 0.607498 -6.181867
v -8.568264 0.638263 -6.229434
v -8.580810 0.688571 -6.279611
v -8.805171 0.108198 -6.386275
v -8.736967 0.643960 -6.298138
v -7.805931 0.652397 -7.076706
v -7.735698 0.734425 -6.925456
v -7.697892 0.632693 -6.766805
v -8.004435 0.683799 -7.324218
v -7.877916 0.764790 -7.193963
v -8.302489 0.738429 -7.509886
v -8.118555 0.823750 -7.415550
v -8.684831 0.802703 -7.597474
v -8.460726 0.905412 -7.559864
v -9.094998 0.831310 -7.549926
v -8.869289 0.974722 -7.586165
v -9.464486 0.813635 -7.369715
v -9.274990 0.976363 -7.470055
v -9.744590 0.756004 -7.092505
v -9.614311 0.933159 -7.235421
v -9.902813 0.690714 -6.776776
v -9.840357 0.846957 -6.930508
v -9.944443 0.650859 -6.463609
v -9.937926 0.772765 -6.614698
v -9.884650 0.634716 -6.160003
v -9.926756 0.735169 -6.308578
v -9.731117 0.623411 -5.867722
v -9.816554 0.716760 -6.018363
v -9.461384 0.591622 -5.593240
v -9.611321 0.695380 -5.737551
v -9.104567 0.537636 -5.397052
v -9.293079 0.646562 -5.497093
v -8.750692 0.488350 -5.310753
v -8.931174 0.586764 -5.354140
v -8.452980 0.459365 -5.340093
v -8.603806 0.543186 -5.324082
v -8.206988 0.458161 -5.470070
v -8.334979 0.526448 -5.403684
v -7.994011 0.482382 -5.694948
v -8.107146 0.536083 -5.576156
v -7.808602 0.539068 -6.019570
v -7.906166 0.581672 -5.848376
v -7.694489 0.598844 -6.405988
v -7.748565 0.649475 -6.205569
v -7.688812 0.705730 -6.591671
v -7.796432 0.834905 -7.057529
v -7.750278 0.909271 -6.902072
v -7.706500 0.800261 -6.755923
v -7.980707 0.892060 -7.301933
v -7.875181 0.961924 -7.161538
v -8.272152 0.980670 -7.486456
v -8.103860 1.052267 -7.375221
v -8.654337 1.080825 -7.574751
v -8.438360 1.168844 -7.514486
v -9.072084 1.123727 -7.527468
v -8.840668 1.262882 -7.540343
v -9.452876 1.100258 -7.345849
v -9.247601 1.267584 -7.426099
v -9.741303 1.014150 -7.067143
v -9.588309 1.210211 -7.194171
v -9.900194 0.910613 -6.752834
v -9.816074 1.090862 -6.895467
v -9.938137 0.841211 -6.445264
v -9.913960 0.982300 -6.588441
v -9.870798 0.805973 -6.154040
v -9.898775 0.918090 -6.295515
v -9.713068 0.784700 -5.880121
v -9.783950 0.881586 -6.024468
v -9.450426 0.746790 -5.618919
v -9.581315 0.850132 -5.768782
v -9.104660 0.685011 -5.428075
v -9.279796 0.796619 -5.541684
v -8.758767 0.628054 -5.343407
v -8.934751 0.731251 -5.403969
v -8.465357 0.595276 -5.371514
v -8.617748 0.683515 -5.373497
v -8.220805 0.594167 -5.498782
v -8.353971 0.666009 -5.450285
v -8.009197 0.622406 -5.718918
v -8.129060 0.677497 -5.617580
v -7.827621 0.687040 -6.035051
v -7.932786 0.727746 -5.880369
v -7.716012 0.755408 -6.409510
v -7.783142 0.800709 -6.221840
v -7.720621 0.865205 -6.584382
v -7.816727 1.021576 -7.018433
v -7.801030 1.080168 -6.859089
v -7.747680 0.965561 -6.733871
v -7.986437 1.105823 -7.248351
v -7.908248 1.157516 -7.101313
v -8.264644 1.225797 -7.420040
v -8.122912 1.272593 -7.289423
v -8.631361 1.352639 -7.503084
v -8.437582 1.410107 -7.412951
v -9.037568 1.405713 -7.459483
v -8.813023 1.517618 -7.439467
v -9.410273 1.380171 -7.283030
v -9.199315 1.526152 -7.332468
v -9.692743 1.273433 -7.015544
v -9.518196 1.461141 -7.113246
v -9.851591 1.137219 -6.716189
v -9.737938 1.322374 -6.835763
v -9.891987 1.039601 -6.424442
v -9.839481 1.191958 -6.553128
v -9.822233 0.979274 -6.153098
v -9.827662 1.100413 -6.283497
v -9.664613 0.941562 -5.906038
v -9.711994 1.040378 -6.039754
v -9.416991 0.894611 -5.673264
v -9.520095 0.993402 -5.818652
v -9.096728 0.831078 -5.494331
v -9.245466 0.933930 -5.621564
v -8.770818 0.771678 -5.411809
v -8.933280 0.870475 -5.493875
v -8.488281 0.738130 -5.437582
v -8.638052 0.824298 -5.463403
v -8.249555 0.737616 -5.558657
v -8.387761 0.807733 -5.535332
v -8.043812 0.768362 -5.768657
v -8.171649 0.820395 -5.692295
v -7.872213 0.835076 -6.066860
v -7.987071 0.871447 -5.934941
v -7.768285 0.907500 -6.412782
v -7.850804 0.944176 -6.247748
v -7.791648 1.012904 -6.567406
v -7.876923 1.197850 -6.951685
v -7.904666 1.227910 -6.789204
v -7.837833 1.114124 -6.692780
v -8.034696 1.300027 -7.143172
v -7.991357 1.320323 -6.989536
v -8.288550 1.437664 -7.290031
v -8.182187 1.441147 -7.136973
v -8.620690 1.568442 -7.361009
v -8.461656 1.582321 -7.238329
v -8.990298 1.629406 -7.332224
v -8.786700 1.681018 -7.263655
v -9.323393 1.601679 -7.163555
v -9.117995 1.693310 -7.170903
v -9.584275 1.490163 -6.926577
v -9.389707 1.625060 -6.979258
v -9.737515 1.346933 -6.656866
v -9.591040 1.500299 -6.741451
v -9.789486 1.229105 -6.400216
v -9.693324 1.370952 -6.501313
v -9.723847 1.143181 -6.159753
v -9.692270 1.256252 -6.272847
v -9.571360 1.080079 -5.950682
v -9.586398 1.177952 -6.069559
v -9.353285 1.022219 -5.755004
v -9.417227 1.108660 -5.890219
v -9.072130 0.956123 -5.607046
v -9.181618 1.035772 -5.733501
v -8.783898 0.906219 -5.526287
v -8.921090 0.979298 -5.631356
v -8.525699 0.873475 -5.552975
v -8.665251 0.943701 -5.606404
v -8.302159 0.873462 -5.659576
v -8.443508 0.927519 -5.670796
v -8.113621 0.902660 -5.850933
v -8.249054 0.933423 -5.809146
v -7.951927 0.970416 -6.112120
v -8.082625 0.985380 -6.013286
v -7.865521 1.039256 -6.408830
v -7.961461 1.060581 -6.270054
v -7.912628 1.126678 -6.531689
v -7.981906 1.230638 -6.848470
v -8.053198 1.270847 -6.706339
v -7.976623 1.215981 -6.630142
v -8.128020 1.408421 -6.974575
v -8.104332 1.349641 -6.821894
v -8.342589 1.530206 -7.095779
v -8.277530 1.495543 -6.938091
v -8.626828 1.667916 -7.142689
v -8.500203 1.620057 -7.009985
v -8.926329 1.654737 -7.138549
v -8.777131 1.675310 -7.027073
v -9.185887 1.692152 -6.982509
v -8.988195 1.691384 -6.964926
v -9.419238 1.560873 -6.797800
v -9.227111 1.642882 -6.803387
v -9.550060 1.477416 -6.571726
v -9.385844 1.557369 -6.632779
v -9.620432 1.301303 -6.367763
v -9.485390 1.426576 -6.427827
v -9.568454 1.214208 -6.176150
v -9.496485 1.307291 -6.267439
v -9.430459 1.174512 -6.009613
v -9.418892 1.252413 -6.120826
v -9.256848 1.059831 -5.848933
v -9.271104 1.151593 -5.964334
v -9.021901 1.029577 -5.747061
v -9.101775 1.072069 -5.856240
v -8.787863 0.942841 -5.672359
v -8.877552 1.001554 -5.775672
v -8.576813 0.961912 -5.716205
v -8.703875 0.990652 -5.769107
v -8.381290 0.918234 -5.789812
v -8.503593 0.979576 -5.829324
v -8.217849 0.985291 -5.959195
v -8.348933 0.972926 -5.924908
v -8.068741 0.984837 -6.145519
v -8.193882 1.007784 -6.093582
v -8.007835 1.122128 -6.385445
v -8.115198 1.082427 -6.251016
v -8.066570 1.180511 -6.477659
v -8.099200 1.182047 -6.744213
v -8.163062 1.149177 -6.598285
v -8.136118 1.239562 -6.557729
v -8.241149 1.396837 -6.794221
v -8.219451 1.250047 -6.668655
v -8.406893 1.468849 -6.910676
v -8.383670 1.406485 -6.762475
v -8.647799 1.618156 -6.910411
v -8.537528 1.497616 -6.800510
v -8.877643 1.537615 -6.955886
v -8.753302 1.501325 -6.851394
v -9.041214 1.624178 -6.796800
v -8.878351 1.524618 -6.795945
v -9.267100 1.481340 -6.676879
v -9.091940 1.493413 -6.653893
v -9.337001 1.470353 -6.486205
v -9.189024 1.463185 -6.547586
v -9.451304 1.261639 -6.346673
v -9.293818 1.333571 -6.366589
v -9.408500 1.183190 -6.187425
v -9.317823 1.231097 -6.269486
v -9.266838 1.199914 -6.071494
v -9.254590 1.226228 -6.177687
v -9.161504 1.021842 -5.925267
v -9.128114 1.099670 -6.024816
v -8.955937 1.035306 -5.871425
v -9.026200 1.027047 -5.953424
v -8.771599 0.896141 -5.783944
v -8.838322 0.939531 -5.874522
v -8.621923 0.985281 -5.862593
v -8.735844 0.960343 -5.888936
v -8.451003 0.895203 -5.888597
v -8.545242 0.962762 -5.952782
v -8.320644 0.999122 -6.048884
v -8.437945 0.939302 -6.004378
v -8.173394 0.937322 -6.171368
v -8.289166 0.926787 -6.114912
v -8.165999 1.123749 -6.341567
v -8.257804 1.015527 -6.216492
v -8.222508 1.150764 -6.419706
v -8.223977 1.078287 -6.628792
v -8.268257 0.981401 -6.490156
v -8.270117 1.123769 -6.483510
v -8.353223 1.264784 -6.640150
v -8.339920 1.084704 -6.544630
v -8.475910 1.317295 -6.761781
v -8.459988 1.199610 -6.632790
v -8.668486 1.418399 -6.734609
v -8.584295 1.271038 -6.651960
v -8.836528 1.349218 -6.801360
v -8.708025 1.260678 -6.739776
v -8.936216 1.420007 -6.658300
v -8.822452 1.280027 -6.666458
v -9.144362 1.312461 -6.573260
v -9.003749 1.257770 -6.580867
v -9.155478 1.334143 -6.424840
v -9.048035 1.256126 -6.476295
v -9.293187 1.158933 -6.345212
v -9.142322 1.154503 -6.339492
v -9.250922 1.078928 -6.185571
v -9.209554 1.048019 -6.264884
v -9.118478 1.128432 -6.126767
v -9.111771 1.084245 -6.210008
v -9.078823 0.950119 -5.998689
v -9.017493 0.993505 -6.085570
v -8.893098 0.959627 -5.961750
v -8.958014 0.898836 -6.005660
v -8.749612 0.837411 -5.883458
v -8.833985 0.824691 -5.937569
v -8.655947 0.946640 -5.971414
v -8.747491 0.885522 -5.985772
v -8.518855 0.843584 -5.963617
v -8.592468 0.886872 -6.035901
v -8.404352 0.925678 -6.102010
v -8.492822 0.835555 -6.050560
v -8.276376 0.877313 -6.192048
v -8.376055 0.813073 -6.121003
v -8.308663 1.046587 -6.298665
v -8.375615 0.914223 -6.209906
v -8.357888 1.029961 -6.365143
v -8.347184 0.928013 -6.503502
v -8.386592 0.798421 -6.398194
v -8.366219 0.923562 -6.392942
v -8.454129 1.044054 -6.527538
v -8.456223 0.889930 -6.456841
v -8.541163 1.098946 -6.631052
v -8.508021 0.944101 -6.556648
v -8.677960 1.147506 -6.623927
v -8.629843 1.002350 -6.540787
v -8.783032 1.121179 -6.678140
v -8.696254 0.987535 -6.628269
v -8.893946 1.140836 -6.575915
v -8.826036 1.001606 -6.577471
v -9.029153 1.101546 -6.493128
v -8.956687 0.985569 -6.523077
v -9.024523 1.102552 -6.377592
v -8.936753 1.007808 -6.419781
v -9.146295 0.993099 -6.326710
v -9.024924 0.940290 -6.334471
v -9.113614 0.943318 -6.211041
v -9.100462 0.848519 -6.265703
v -8.995834 0.975591 -6.170522
v -8.997049 0.893235 -6.226419
v -8.989915 0.856036 -6.072226
v -8.919379 0.846408 -6.141699
v -8.865932 0.808475 -6.015347
v -8.918815 0.748482 -6.058584
v -8.756675 0.773063 -5.984266
v -8.815099 0.703440 -6.010814
v -8.681217 0.850063 -6.057720
v -8.747509 0.774153 -6.072273
v -8.577909 0.770407 -6.036671
v -8.634889 0.768968 -6.102574
v -8.474151 0.780082 -6.115337
v -8.544250 0.698621 -6.081425
v -8.391888 0.793523 -6.199414
v -8.456960 0.694636 -6.150951
v -8.433852 0.918837 -6.273920
v -8.487531 0.796217 -6.216772
v -8.462037 0.855691 -6.327486
v -8.470668 0.757602 -6.428059
v -8.541313 0.684538 -6.361634
v -8.483288 0.752178 -6.340688
v -8.532878 0.819460 -6.469172
v -8.559292 0.708089 -6.424111
v -8.599317 0.856113 -6.524345
v -8.605323 0.739812 -6.459032
v -8.697032 0.883912 -6.519225
v -8.665666 0.763143 -6.477681
v -8.775999 0.863205 -6.561954
v -8.729605 0.762264 -6.497205
v -8.872685 0.867313 -6.521283
v -8.801794 0.763251 -6.485587
v -8.888778 0.890146 -6.442492
v -8.851392 0.772840 -6.443191
v -8.935472 0.859625 -6.360104
v -8.873303 0.774834 -6.382176
v -9.015373 0.803084 -6.324231
v -8.935982 0.739087 -6.352209
v -8.994283 0.777561 -6.239853
v -8.946687 0.706129 -6.289747
v -8.909884 0.789641 -6.205993
v -8.912119 0.707159 -6.241327
v -8.878661 0.734041 -6.134874
v -8.866924 0.692384 -6.198615
v -8.853988 0.663557 -6.076955
v -8.851512 0.643217 -6.153271
v -8.769404 0.682044 -6.082954
v -8.792044 0.618156 -6.126868
v -8.698128 0.710369 -6.126694
v -8.733962 0.633022 -6.134921
v -8.615108 0.678691 -6.122996
v -8.674202 0.630338 -6.146730
v -8.541077 0.640046 -6.137258
v -8.618876 0.605504 -6.158323
v -8.517227 0.694465 -6.207694
v -8.574767 0.620021 -6.204314
v -8.537139 0.764062 -6.272111
v -8.577534 0.673707 -6.250470
v -8.565069 0.698515 -6.308228
v -8.706789 0.117513 -6.412654
v -8.717898 0.133853 -6.435216
v -8.747241 0.146191 -6.461573
v -8.778332 0.136943 -6.483370
v -8.792043 0.108514 -6.492726
v -8.816921 0.086609 -6.488811
v -8.854259 0.089668 -6.477849
v -8.879476 0.111047 -6.460771
v -8.883352 0.135393 -6.440178
v -8.887607 0.151095 -6.410521
v -8.887826 0.156318 -6.377067
v -8.876919 0.158882 -6.345557
v -8.856094 0.160035 -6.318823
v -8.827511 0.159689 -6.300468
v -8.795716 0.158708 -6.293736
v -8.762233 0.146637 -6.295034
v -8.737227 0.130503 -6.304141
v -8.716612 0.113913 -6.322019
v -8.704996 0.106526 -6.351187
v -8.698741 0.108288 -6.384118
v -8.627999 0.646852 -6.361828
v -8.621000 0.635360 -6.326506
v -8.649199 0.665618 -6.385995
v -8.678103 0.676873 -6.405341
v -8.715903 0.684508 -6.415356
v -8.755118 0.684964 -6.416049
v -8.792722 0.684571 -6.404553
v -8.824681 0.682412 -6.378906
v -8.848275 0.673175 -6.349029
v -8.862466 0.657228 -6.317216
v -8.858960 0.646733 -6.284856
v -8.844717 0.635102 -6.252210
v -8.820935 0.621261 -6.224876
v -8.790441 0.606204 -6.206276
v -8.756121 0.601021 -6.198649
v -8.718185 0.598130 -6.200964
v -8.682585 0.596241 -6.211625
v -8.653002 0.594984 -6.229373
v -8.632942 0.608618 -6.257450
v -8.623144 0.623427 -6.290428
v -8.700739 0.074900 -6.485428
v -8.663679 0.053006 -6.563268
v -8.568347 0.050608 -6.559707
v -8.629738 0.048725 -6.481118
v -8.675338 0.121897 -6.511968
v -8.657491 0.112050 -6.598357
v -8.624086 0.051462 -6.652776
v -8.719831 0.148883 -6.543541
v -8.720633 0.140836 -6.633944
v -8.641795 0.123682 -6.693874
v -8.773549 0.118010 -6.569304
v -8.764233 0.075088 -6.647675
v -8.742382 0.121578 -6.729581
v -8.796242 0.070998 -6.568427
v -8.840054 0.050885 -6.640207
v -8.797521 0.050127 -6.730940
v -8.861052 0.061318 -6.557731
v -8.908627 0.079518 -6.623874
v -8.900555 0.050064 -6.710766
v -8.907780 0.099727 -6.539684
v -8.951420 0.141496 -6.594531
v -8.973620 0.111677 -6.685608
v -8.917103 0.152388 -6.514263
v -9.011849 0.144996 -6.526374
v -9.046998 0.108795 -6.611619
v -8.957791 0.172521 -6.458043
v -9.014638 0.113437 -6.462177
v -9.025132 0.054322 -6.539993
v -8.973535 0.150635 -6.391052
v -8.954270 0.073884 -6.412744
v -9.039001 0.052817 -6.442729
v -8.950092 0.126421 -6.344108
v -8.907624 0.063315 -6.338996
v -9.004263 0.051030 -6.343930
v -8.919772 0.127518 -6.293433
v -8.857974 0.081107 -6.262054
v -8.940568 0.047354 -6.252933
v -8.882848 0.149191 -6.244912
v -8.850287 0.112943 -6.179143
v -8.854628 0.042431 -6.178690
v -8.826308 0.174214 -6.213732
v -8.800276 0.154287 -6.123325
v -8.784097 0.081145 -6.110897
v -8.767040 0.162030 -6.209673
v -8.720227 0.136351 -6.141537
v -8.740926 0.139870 -6.038465
v -8.750231 0.113196 -6.226178
v -8.705864 0.071315 -6.175239
v -8.667552 0.092542 -6.077098
v -8.740588 0.075125 -6.262987
v -8.670372 0.040870 -6.240435
v -8.629307 0.035463 -6.141784
v -8.720760 0.048764 -6.316942
v -8.636148 0.043494 -6.316482
v -8.575986 0.039137 -6.233788
v -8.703014 0.046369 -6.376665
v -8.623031 0.046477 -6.398973
v -8.545131 0.043602 -6.339807
v -8.700953 0.050345 -6.437550
v -8.541425 0.047894 -6.452486
v -8.523244 0.052394 -6.655602
v -8.420482 0.053333 -6.633315
v -8.472520 0.050507 -6.531418
v -8.605248 0.051767 -6.755000
v -8.497443 0.053037 -6.764068
v -8.659940 0.119634 -6.796950
v -8.573254 0.095900 -6.848225
v -8.742729 0.049977 -6.814936
v -8.700396 0.105195 -6.890460
v -8.861958 0.072974 -6.796946
v -8.821860 0.047607 -6.888276
v -8.981194 0.049835 -6.764905
v -8.947184 0.047308 -6.860713
v -9.058024 0.055089 -6.696377
v -9.080333 0.048567 -6.787724
v -9.113827 0.052802 -6.590993
v -9.166727 0.051289 -6.671756
v -9.128266 0.054196 -6.496475
v -9.207473 0.096813 -6.549981
v -9.107063 0.053789 -6.372888
v -9.206382 0.056034 -6.432251
v -9.046576 0.050175 -6.253376
v -9.158334 0.054033 -6.287266
v -8.954505 0.044169 -6.148516
v -9.067256 0.048007 -6.151481
v -8.841346 0.037210 -6.067527
v -8.942933 0.039223 -6.036467
v -8.731427 0.062110 -6.012551
v -8.799240 0.030878 -5.960417
v -8.650694 0.116402 -5.970753
v -8.680545 0.065449 -5.901039
v -8.573447 0.073601 -6.052175
v -8.562684 0.076580 -5.940195
v -8.530593 0.033131 -6.130141
v -8.505695 0.026217 -6.013509
v -8.480196 0.039224 -6.253659
v -8.431178 0.032916 -6.147725
v -8.458482 0.045663 -6.391992
v -8.388338 0.041703 -6.308242
v -8.383605 0.049459 -6.477207
v -8.384846 0.054878 -6.748805
v -8.274011 0.056521 -6.707124
v -8.320695 0.053494 -6.584175
v -8.492957 0.052334 -6.877369
v -8.369977 0.055037 -6.870874
v -8.628679 0.049178 -6.947263
v -8.513472 0.050968 -6.986435
v -8.741570 0.047465 -6.973196
v -8.662335 0.100719 -7.050220
v -8.910739 0.072519 -6.954352
v -8.843977 0.046135 -7.047091
v -9.070200 0.047018 -6.890205
v -9.033599 0.045987 -6.995222
v -9.196158 0.049464 -6.775452
v -9.197217 0.047772 -6.892437
v -9.272029 0.053168 -6.629873
v -9.310296 0.051289 -6.742822
v -9.293807 0.056146 -6.504098
v -9.376972 0.088919 -6.577048
v -9.269033 0.057180 -6.341540
v -9.369700 0.058477 -6.410160
v -9.189079 0.052643 -6.179163
v -9.309702 0.057108 -6.227540
v -9.062961 0.043538 -6.032555
v -9.191077 0.049003 -6.050678
v -8.907391 0.033148 -5.920549
v -9.025579 0.037415 -5.902811
v -8.741090 0.024412 -5.860544
v -8.837747 0.026072 -5.804469
v -8.587780 0.020840 -5.877138
v -8.651783 0.018047 -5.771678
v -8.462170 0.077144 -5.915432
v -8.488208 0.017119 -5.827568
v -8.399735 0.025896 -6.029467
v -8.389357 0.019104 -5.901878
v -8.331561 0.035682 -6.200057
v -8.293669 0.028386 -6.074306
v -8.302858 0.046262 -6.393223
v -8.235682 0.040675 -6.283392
v -8.227779 0.051811 -6.505472
v -8.250507 0.057594 -6.842982
v -8.129523 0.059054 -6.784127
v -8.169221 0.056394 -6.637871
v -8.383873 0.053745 -6.995588
v -8.251689 0.057114 -6.978513
v -8.562705 0.049487 -7.094159
v -8.427169 0.052320 -7.120414
v -8.758518 0.046583 -7.133082
v -8.645882 0.048140 -7.200559
v -8.970419 0.045519 -7.101869
v -8.882350 0.045827 -7.205735
v -9.167594 0.046490 -7.014729
v -9.110763 0.045774 -7.137405
v -9.323753 0.049577 -6.867514
v -9.307428 0.048078 -7.005049
v -9.419764 0.053745 -6.689400
v -9.448100 0.051977 -6.819541
v -9.455374 0.057702 -6.496114
v -9.521771 0.056564 -6.608143
v -9.425770 0.059897 -6.298039
v -9.528719 0.060009 -6.388034
v -9.326034 0.054902 -6.095567
v -9.460388 0.059485 -6.165948
v -9.161682 0.043929 -5.912045
v -9.313425 0.051472 -5.950674
v -8.956927 0.030318 -5.773738
v -9.101620 0.037380 -5.770519
v -8.742746 0.019168 -5.700207
v -8.863472 0.023267 -5.652952
v -8.551246 0.013630 -5.714142
v -8.636609 0.013559 -5.616445
v -8.390794 0.044202 -5.777654
v -8.443229 0.011221 -5.673788
v -8.276582 0.021104 -5.939610
v -8.281828 0.014805 -5.799504
v -8.188963 0.033846 -6.152557
v -8.164384 0.025969 -6.004382
v -8.147058 0.047288 -6.396873
v -8.086297 0.041369 -6.261505
v -8.070574 0.053806 -6.536144
v -8.119596 0.059804 -6.936280
v -7.982520 0.060440 -6.856823
v -8.014518 0.058031 -6.690434
v -8.286748 0.055824 -7.119185
v -8.134389 0.059150 -7.082359
v -8.509016 0.050804 -7.244569
v -8.350858 0.054562 -7.257144
v -8.767166 0.047126 -7.295570
v -8.619919 0.049687 -7.359052
v -9.027214 0.045774 -7.256188
v -8.909823 0.046809 -7.367348
v -9.264302 0.047126 -7.142405
v -9.183608 0.046703 -7.283870
v -9.451208 0.050335 -6.959402
v -9.418314 0.049053 -7.119174
v -9.569934 0.055225 -6.736661
v -9.587612 0.053342 -6.891013
v -9.614179 0.059428 -6.496310
v -9.676471 0.058505 -6.634307
v -9.580442 0.060807 -6.251341
v -9.687199 0.060807 -6.366161
v -9.463972 0.057584 -6.012455
v -9.609480 0.060807 -6.102099
v -9.262347 0.046022 -5.795148
v -9.439197 0.054818 -5.854061
v -9.005988 0.029999 -5.632248
v -9.184142 0.039982 -5.644698
v -8.742117 0.016935 -5.549091
v -8.892495 0.023560 -5.508851
v -8.511455 0.009818 -5.565759
v -8.615395 0.012154 -5.470366
v -8.316181 0.010760 -5.669243
v -8.381376 0.008867 -5.540415
v -8.160917 0.018784 -5.853842
v -8.185312 0.012937 -5.695563
v -8.048523 0.034180 -6.112073
v -8.036871 0.026179 -5.942882
v -7.990922 0.049616 -6.407620
v -7.936152 0.043545 -6.246734
v -7.912131 0.055702 -6.570931
v -8.014389 0.120848 -6.999210
v -7.873371 0.088319 -6.908467
v -7.888410 0.115249 -6.728459
v -8.211153 0.122175 -7.199107
v -8.056525 0.090523 -7.153219
v -8.467513 0.120179 -7.337581
v -8.304550 0.089633 -7.338372
v -8.762162 0.117884 -7.394819
v -8.601871 0.087571 -7.448480
v -9.058704 0.116681 -7.355270
v -8.921433 0.086104 -7.462006
v -9.323509 0.117650 -7.220648
v -9.224912 0.085280 -7.368099
v -9.536049 0.119068 -7.013683
v -9.480616 0.084240 -7.182661
v -9.673179 0.122221 -6.763446
v -9.666893 0.084399 -6.932787
v -9.726331 0.125035 -6.494579
v -9.770011 0.085721 -6.651033
v -9.692762 0.124950 -6.218381
v -9.786000 0.085178 -6.353886
v -9.566010 0.121302 -5.952108
v -9.704695 0.084709 -6.060611
v -9.335908 0.108350 -5.713011
v -9.520321 0.081986 -5.790067
v -9.039639 0.089090 -5.539818
v -9.233103 0.069259 -5.565724
v -8.742216 0.072413 -5.456795
v -8.906567 0.053536 -5.427007
v -8.485213 0.062555 -5.476881
v -8.604346 0.042342 -5.391611
v -8.270715 0.063373 -5.591590
v -8.350209 0.038359 -5.467259
v -8.091488 0.072510 -5.793092
v -8.137160 0.041712 -5.635220
v -7.946948 0.089421 -6.078178
v -7.960097 0.054167 -5.896921
v -7.866374 0.105827 -6.412586
v -7.829327 0.071325 -6.231498
v -7.792692 0.083814 -6.594352
v -7.935004 0.163996 -7.051905
v -7.823240 0.239590 -6.922728
v -7.794632 0.159630 -6.755633
v -8.152222 0.163850 -7.274417
v -8.000967 0.240792 -7.179913
v -8.434390 0.163307 -7.429889
v -8.253392 0.242044 -7.379850
v -8.760168 0.163819 -7.495288
v -8.570551 0.245668 -7.501064
v -9.090084 0.163905 -7.451115
v -8.918993 0.249955 -7.517087
v -9.383959 0.161952 -7.300823
v -9.250447 0.248951 -7.415703
v -9.615939 0.159198 -7.068994
v -9.529718 0.243877 -7.214542
v -9.763555 0.158021 -6.791764
v -9.729756 0.237508 -6.946664
v -9.821787 0.158202 -6.495553
v -9.835119 0.234663 -6.651087
v -9.786426 0.157671 -6.191473
v -9.847082 0.234015 -6.345376
v -9.649779 0.157016 -5.902600
v -9.761279 0.233748 -6.040227
v -9.398729 0.145448 -5.643392
v -9.566399 0.227149 -5.755738
v -9.070744 0.124634 -5.456147
v -9.259886 0.204799 -5.519201
v -8.742051 0.106733 -5.369419
v -8.912703 0.178367 -5.375631
v -8.460021 0.095845 -5.395053
v -8.597134 0.159591 -5.343424
v -8.225774 0.095999 -5.521365
v -8.336148 0.152544 -5.421337
v -8.028583 0.105702 -5.740530
v -8.116891 0.157073 -5.592782
v -7.866216 0.127718 -6.050990
v -7.929935 0.177667 -5.862366
v -7.773649 0.149850 -6.416020
v -7.787474 0.208170 -6.212449
v -7.743151 0.231619 -6.591894
v -7.879787 0.315732 -7.070687
v -7.777261 0.396909 -6.933657
v -7.744548 0.309892 -6.764130
v -8.095687 0.318792 -7.305688
v -7.947577 0.401868 -7.199330
v -8.389176 0.325946 -7.474615
v -8.201427 0.412823 -7.411160
v -8.740297 0.336937 -7.548492
v -8.534521 0.431967 -7.543510
v -9.101222 0.342031 -7.502989
v -8.911262 0.449830 -7.564390
v -9.421751 0.336957 -7.340313
v -9.272869 0.449068 -7.455941
v -9.671972 0.324523 -7.089665
v -9.574821 0.435590 -7.238930
v -9.825361 0.313817 -6.795555
v -9.786155 0.412353 -6.952905
v -9.879843 0.309519 -6.489641
v -9.890153 0.397312 -6.645190
v -9.838168 0.308625 -6.180413
v -9.894712 0.391699 -6.334706
v -9.697191 0.305947 -5.879580
v -9.802067 0.389870 -6.026410
v -9.433399 0.287276 -5.608488
v -9.600935 0.379222 -5.733089
v -9.086980 0.255359 -5.413731
v -9.281668 0.347122 -5.489509
v -8.742639 0.227267 -5.325626
v -8.920014 0.308782 -5.343534
v -8.451179 0.210405 -5.353415
v -8.594314 0.281048 -5.312507
v -8.210730 0.209969 -5.482659
v -8.327386 0.270515 -5.392650
v -8.006133 0.224175 -5.706618
v -8.103067 0.276553 -5.566919
v -7.832281 0.257721 -6.027242
v -7.907553 0.305978 -5.841488
v -7.727762 0.292944 -6.407964
v -7.754004 0.350231 -6.201685
v -7.702705 0.384949 -6.593211
v -7.834810 0.478464 -7.080041
v -7.746473 0.562555 -6.935353
v -7.711292 0.467627 -6.769146
v -8.044689 0.491044 -7.323607
v -7.904202 0.576609 -7.205190
v -8.343918 0.516862 -7.503030
v -8.154401 0.607485 -7.424892
v -8.714555 0.549108 -7.585119
v -8.496327 0.653585 -7.565609
v -9.104330 0.563910 -7.538350
v -8.894426 0.694638 -7.590324
v -9.451333 0.553327 -7.365176
v -9.282673 0.694396 -7.476574
v -9.717559 0.522079 -7.098490
v -9.606207 0.667482 -7.247751
v -9.874740 0.489655 -6.790671
v -9.825977 0.616358 -6.948401
v -9.922851 0.473131 -6.478933
v -9.926940 0.576195 -6.633185
v -9.872811 0.467717 -6.169289
v -9.923193 0.559104 -6.322128
v -9.725888 0.462299 -5.867221
v -9.821432 0.551734 -6.019381
v -9.455634 0.436789 -5.591188
v -9.617187 0.536728 -5.726516
v -9.098926 0.393555 -5.393869
v -9.293574 0.495428 -5.481441
v -8.745805 0.354390 -5.306588
v -8.926626 0.445631 -5.336015
v -8.448947 0.331362 -5.335877
v -8.596756 0.409313 -5.305984
v -8.204282 0.330485 -5.466442
v -8.326953 0.395492 -5.386832
v -7.993830 0.349608 -5.692130
v -8.099114 0.403302 -5.561492
v -7.811318 0.395073 -6.017616
v -7.898119 0.441462 -5.837520
v -7.699319 0.443030 -6.405562
v -7.738829 0.498705 -6.200352
v -7.683581 0.544323 -6.594514
v -8.644626 0.049775 -6.525167
v -8.674814 0.077172 -6.586940
v -8.679452 0.136971 -6.615428
v -8.754380 0.112326 -6.646950
v -8.793993 0.050808 -6.645613
v -8.878887 0.051967 -6.632594
v -8.929037 0.109853 -6.613320
v -8.987875 0.154261 -6.561750
v -9.016620 0.126030 -6.497466
v -8.982225 0.089888 -6.442680
v -8.931392 0.065579 -6.377363
v -8.882600 0.069297 -6.299600
v -8.852121 0.095138 -6.221474
v -8.831160 0.131531 -6.147867
v -8.753752 0.155860 -6.128942
v -8.701595 0.105235 -6.161053
v -8.692391 0.049472 -6.203563
v -8.651056 0.042271 -6.278445
v -8.626096 0.044884 -6.356828
v -8.622454 0.047705 -6.440887
v -8.493970 0.051839 -6.595808
v -8.560503 0.052212 -6.708139
v -8.607120 0.104913 -6.771249
v -8.724579 0.110662 -6.811836
v -8.807929 0.048796 -6.810899
v -8.919341 0.048567 -6.787767
v -9.032064 0.085907 -6.740177
v -9.088834 0.051437 -6.646358
v -9.121695 0.084182 -6.541971
v -9.122393 0.054435 -6.435031
v -9.080569 0.052393 -6.312457
v -9.003179 0.047434 -6.199160
v -8.899629 0.040775 -6.104976
v -8.778704 0.034147 -6.042842
v -8.712347 0.100908 -5.970161
v -8.603121 0.104376 -6.010916
v -8.564889 0.030848 -6.077464
v -8.502578 0.035899 -6.189236
v -8.466123 0.042535 -6.321959
v -8.461701 0.048371 -6.462635
v -8.347219 0.054892 -6.670898
v -8.433757 0.053974 -6.818617
v -8.547083 0.079400 -6.923785
v -8.675495 0.104577 -6.969025
v -8.829786 0.046703 -6.967735
v -8.990198 0.046514 -6.927850
v -9.140009 0.048078 -6.839033
v -9.240365 0.051218 -6.704887
v -9.294506 0.098232 -6.562951
v -9.289178 0.057313 -6.423527
v -9.235285 0.055558 -6.259176
v -9.131029 0.048406 -6.102508
v -8.987705 0.038382 -5.970947
v -8.824289 0.028561 -5.883188
v -8.660362 0.021510 -5.853156
v -8.518099 0.032985 -5.901083
v -8.444241 0.022436 -5.958664
v -8.360942 0.030405 -6.110489
v -8.311442 0.040960 -6.294969
v -8.305448 0.050567 -6.491119
v -8.201946 0.057774 -6.746237
v -8.310590 0.055995 -6.925841
v -8.469151 0.051483 -7.053123
v -8.653971 0.074918 -7.127045
v -8.865702 0.045827 -7.125552
v -9.073035 0.045700 -7.065419
v -9.252338 0.047772 -6.948356
v -9.379150 0.051709 -6.781390
v -9.443041 0.055824 -6.593307
v -9.449299 0.059277 -6.397408
v -9.384559 0.058497 -6.196194
v -9.250988 0.049984 -5.999329
v -9.062142 0.036969 -5.835265
v -8.849431 0.024327 -5.727346
v -8.643415 0.015341 -5.692774
v -8.468530 0.013760 -5.748021
v -8.331208 0.016840 -5.854588
v -8.227745 0.027014 -6.040232
v -8.160649 0.040930 -6.272782
v -8.149184 0.052702 -6.519634
v -8.055706 0.060006 -6.819158
v -8.193045 0.058098 -7.030969
v -8.388365 0.053381 -7.188828
v -8.632127 0.048796 -7.280001
v -8.895135 0.046149 -7.286806
v -9.147001 0.046135 -7.210674
v -9.362011 0.048567 -7.062500
v -9.517734 0.052528 -6.856007
v -9.599556 0.057472 -6.622144
v -9.608182 0.060486 -6.378097
v -9.535638 0.060251 -6.134972
v -9.376537 0.053043 -5.902599
v -9.142632 0.038319 -5.707240
v -8.877347 0.022986 -5.580035
v -8.626258 0.012438 -5.542486
v -8.412503 0.009609 -5.605504
v -8.234131 0.013455 -5.745735
v -8.101189 0.025652 -5.971233
v -8.011534 0.042280 -6.252611
v -7.991159 0.054628 -6.548374
v -7.935386 0.117952 -6.871346
v -8.100089 0.121964 -7.103333
v -8.328223 0.121605 -7.276179
v -8.607532 0.119114 -7.378025
v -8.908636 0.117095 -7.389309
v -9.193558 0.117099 -7.301612
v -9.435861 0.118333 -7.128499
v -9.613861 0.120714 -6.896451
v -9.710575 0.123760 -6.635078
v -9.722335 0.125532 -6.360717
v -9.645203 0.124138 -6.087138
v -9.467655 0.116330 -5.829899
v -9.196980 0.099295 -5.617374
v -8.892039 0.080253 -5.485722
v -8.611416 0.066416 -5.452321
v -8.376207 0.062412 -5.521116
v -8.179180 0.066672 -5.676895
v -8.015181 0.080340 -5.921736
v -7.896454 0.097981 -6.235489
v -7.862785 0.111787 -6.569425
v -7.850940 0.164782 -6.912653
v -8.031230 0.165836 -7.165401
v -8.280867 0.165120 -7.358080
v -8.587479 0.165116 -7.473349
v -8.920655 0.165801 -7.487304
v -9.237345 0.164898 -7.389720
v -9.504255 0.162268 -7.196602
v -9.697501 0.159845 -6.938706
v -9.802066 0.159775 -6.650686
v -9.816429 0.159604 -6.349297
v -9.732646 0.159494 -6.049730
v -9.542344 0.154772 -5.772545
v -9.245118 0.137221 -5.542055
v -8.908324 0.116266 -5.401119
v -8.600037 0.101660 -5.368800
v -8.343160 0.096177 -5.445250
v -8.127737 0.100152 -5.614753
v -7.945887 0.116489 -5.879968
v -7.810394 0.140593 -6.222336
v -7.770517 0.158250 -6.588592
v -7.800016 0.316247 -6.928172
v -7.974883 0.318541 -7.190850
v -8.229080 0.323343 -7.396869
v -8.554709 0.333209 -7.523292
v -8.917325 0.342978 -7.541254
v -9.263270 0.341976 -7.435811
v -9.553482 0.333436 -7.226236
v -9.758753 0.320147 -6.949060
v -9.862976 0.312747 -6.647454
v -9.871191 0.310414 -6.339298
v -9.782266 0.309728 -6.031502
v -9.583546 0.300950 -5.742343
v -9.269533 0.273644 -5.501936
v -8.914682 0.241553 -5.357246
v -8.593933 0.218667 -5.325972
v -8.330082 0.209990 -5.405607
v -8.108611 0.215279 -5.579098
v -7.917579 0.240019 -5.851899
v -7.769756 0.277246 -6.207677
v -7.721729 0.306182 -6.590921
v -7.761188 0.476238 -6.935226
v -7.925768 0.485418 -7.204195
v -8.179285 0.504466 -7.420237
v -8.517931 0.535344 -7.556304
v -8.905866 0.563514 -7.578706
v -9.280733 0.562607 -7.466796
v -9.592970 0.543190 -7.243202
v -9.808079 0.507423 -6.950038
v -9.910323 0.481887 -6.638217
v -9.910405 0.471715 -6.327180
v -9.812408 0.467830 -6.021771
v -9.609679 0.455173 -5.727213
v -9.286740 0.418287 -5.482715
v -8.921774 0.374448 -5.337524
v -8.593651 0.342543 -5.307719
v -8.325319 0.330321 -5.388831
v -8.099348 0.337289 -5.563860
v -7.901014 0.371003 -5.839665
v -7.744386 0.421558 -6.202170
v -7.691314 0.461424 -6.592839
v -7.739479 0.645335 -6.931692
v -7.890929 0.666851 -7.202346
v -8.137142 0.710648 -7.423748
v -8.480373 0.773546 -7.566343
v -8.885247 0.827811 -7.591238
v -9.282918 0.828026 -7.475185
v -9.614609 0.792776 -7.242231
v -9.836738 0.725126 -6.939076
v -9.934994 0.669461 -6.622868
v -9.926862 0.643574 -6.313720
v -9.820201 0.631419 -6.016826
v -9.614737 0.613623 -5.728324
v -9.292123 0.568087 -5.485534
v -8.926659 0.513105 -5.341611
v -8.597842 0.473105 -5.312203
v -8.328519 0.457735 -5.393137
v -8.100840 0.466574 -5.567404
v -7.899546 0.508743 -5.842526
v -7.740930 0.571404 -6.203808
v -7.684965 0.622294 -6.593230
v -7.739936 0.818984 -6.915884
v -7.874284 0.860455 -7.181716
v -8.109912 0.935080 -7.400750
v -8.450074 1.034494 -7.543045
v -8.858044 1.116311 -7.568251
v -9.266262 1.118918 -7.451620
v -9.607708 1.067792 -7.216652
v -9.834560 0.964295 -6.913061
v -9.930885 0.873014 -6.600474
v -9.916624 0.823098 -6.299910
v -9.803022 0.796953 -6.018627
v -9.597656 0.770839 -5.749474
v -9.285934 0.719419 -5.514203
v -8.930667 0.656235 -5.374209
v -8.607820 0.610307 -5.344808
v -8.341403 0.593192 -5.423912
v -8.114878 0.603811 -5.594781
v -7.916045 0.652316 -5.863690
v -7.761767 0.723141 -6.214670
v -7.701221 0.783944 -6.589082
v -7.771104 0.993445 -6.884717
v -7.887986 1.058903 -7.137243
v -8.110746 1.163717 -7.340803
v -8.438174 1.292950 -7.472773
v -8.830050 1.394369 -7.497312
v -9.229486 1.400350 -7.385082
v -9.561948 1.338127 -7.157482
v -9.786326 1.206515 -6.866935
v -9.884457 1.084859 -6.569712
v -9.868919 1.007102 -6.287025
v -9.752690 0.959933 -6.028878
v -9.553337 0.921750 -5.788806
v -9.263140 0.865714 -5.575173
v -8.932170 0.799966 -5.442366
v -8.624758 0.752466 -5.412614
v -8.366603 0.735637 -5.488013
v -8.145298 0.747885 -5.651541
v -7.954479 0.799218 -5.906682
v -7.812037 0.872342 -6.236949
v -7.749872 0.940860 -6.579023
v -7.844122 1.158026 -6.828279
v -7.944030 1.246970 -7.058609
v -8.149114 1.366441 -7.223786
v -8.449956 1.506958 -7.336674
v -8.802348 1.613798 -7.362731
v -9.169620 1.624150 -7.260468
v -9.464205 1.556720 -7.052154
v -9.676345 1.415827 -6.790486
v -9.777604 1.286405 -6.527876
v -9.770864 1.181737 -6.275130
v -9.655467 1.110930 -6.049558
v -9.472993 1.053830 -5.850300
v -9.214182 0.988594 -5.671393
v -8.927451 0.929313 -5.556324
v -8.646887 0.887327 -5.526624
v -8.410745 0.871676 -5.596351
v -8.202086 0.882926 -5.746857
v -8.028260 0.933610 -5.972929
v -7.897543 1.007765 -6.264788
v -7.846016 1.076237 -6.553953
v -7.978668 1.267333 -6.747851
v -8.047967 1.354792 -6.907210
v -8.227817 1.487669 -7.040305
v -8.482111 1.622722 -7.128082
v -8.781256 1.704321 -7.144673
v -9.056683 1.715297 -7.066309
v -9.309999 1.657691 -6.891034
v -9.493228 1.548202 -6.684998
v -9.591812 1.420512 -6.464295
v -9.595259 1.299922 -6.268574
v -9.504326 1.225936 -6.091979
v -9.345911 1.143202 -5.927919
v -9.141097 1.063722 -5.795359
v -8.901197 1.004944 -5.707551
v -8.683005 0.978555 -5.691768
v -8.474400 0.964312 -5.753870
v -8.297954 0.962915 -5.871523
v -8.139797 1.011459 -6.058856
v -8.036758 1.086435 -6.266627
v -7.986749 1.163203 -6.507757
v -8.118878 1.235851 -6.658976
v -8.161667 1.311809 -6.743443
v -8.331895 1.467033 -6.844925
v -8.519399 1.575129 -6.899317
v -8.772268 1.604298 -6.926055
v -8.928654 1.623532 -6.874566
v -9.155084 1.583304 -6.722120
v -9.283905 1.525083 -6.586428
v -9.386051 1.393511 -6.392766
v -9.402109 1.282707 -6.268361
v -9.335021 1.251193 -6.149475
v -9.196679 1.133810 -5.994953
v -9.062699 1.057826 -5.907924
v -8.854228 0.977728 -5.831079
v -8.720905 0.981273 -5.833258
v -8.524574 0.977976 -5.895578
v -8.395234 0.962861 -5.968734
v -8.243030 0.981414 -6.114882
v -8.188067 1.057042 -6.235140
v -8.146689 1.177619 -6.448834
v -8.214940 1.069370 -6.543185
v -8.280782 1.174580 -6.603458
v -8.424880 1.313744 -6.693741
v -8.561660 1.394568 -6.720901
v -8.728830 1.385173 -6.793847
v -8.846449 1.408355 -6.726432
v -9.040517 1.382590 -6.606425
v -9.113441 1.369078 -6.509891
v -9.214925 1.255410 -6.353255
v -9.255963 1.146767 -6.266277
v -9.179487 1.165339 -6.194924
v -9.071788 1.051866 -6.054850
v -8.987800 0.971729 -5.985031
v -8.836633 0.883907 -5.906108
v -8.741179 0.927100 -5.937907
v -8.567774 0.930879 -5.996949
v -8.470230 0.898058 -6.033510
v -8.333893 0.870432 -6.115483
v -8.318910 0.968627 -6.210955
v -8.293175 1.102165 -6.391963
v -8.326917 0.891138 -6.441009
v -8.400613 0.988527 -6.493490
v -8.482515 1.073897 -6.590826
v -8.607703 1.134932 -6.593867
v -8.695965 1.124869 -6.683521
v -8.817319 1.138476 -6.615220
v -8.978943 1.126034 -6.555220
v -8.992533 1.128129 -6.443510
v -9.079776 1.045659 -6.332086
v -9.159481 0.947474 -6.263830
v -9.049242 0.989588 -6.217690
v -8.965751 0.922235 -6.113673
v -8.939762 0.820183 -6.025453
v -8.825174 0.763722 -5.970977
v -8.746120 0.832882 -6.030739
v -8.613210 0.830426 -6.069743
v -8.514287 0.764384 -6.061199
v -8.414617 0.755038 -6.134450
v -8.429790 0.856356 -6.214449
v -8.412744 0.944921 -6.342934
v -8.465896 0.742024 -6.378754
v -8.498525 0.787511 -6.452534
v -8.557176 0.834450 -6.510884
v -8.649300 0.875129 -6.505985
v -8.724221 0.873858 -6.557118
v -8.828662 0.869017 -6.549562
v -8.898585 0.874839 -6.483633
v -8.898608 0.881630 -6.395394
v -8.980286 0.837112 -6.348795
v -9.020936 0.778637 -6.279321
v -8.949998 0.794292 -6.229772
v -8.882401 0.767582 -6.171229
v -8.886616 0.691912 -6.103699
v -8.806264 0.659154 -6.066552
v -8.740693 0.703839 -6.109575
v -8.654437 0.699949 -6.129994
v -8.579189 0.649073 -6.115825
v -8.516504 0.657561 -6.175014
v -8.536013 0.732994 -6.230656
v -8.513816 0.771167 -6.314078
v -8.699589 0.120650 -6.433930
v -8.719160 0.138999 -6.457317
v -8.758454 0.147410 -6.484196
v -8.783456 0.126631 -6.503887
v -8.803810 0.091125 -6.505072
v -8.839484 0.080666 -6.496921
v -8.880267 0.095716 -6.480509
v -8.890943 0.131378 -6.462362
v -8.899851 0.148775 -6.430278
v -8.905749 0.154555 -6.393030
v -8.897394 0.154888 -6.356160
v -8.878249 0.155942 -6.322891
v -8.850977 0.159901 -6.295618
v -8.815369 0.164524 -6.280404
v -8.778382 0.153570 -6.279029
v -8.751325 0.133034 -6.286839
v -8.727438 0.110882 -6.303404
v -8.710117 0.097534 -6.331891
v -8.700084 0.096220 -6.370074
v -8.697247 0.100174 -6.406265
v -8.609686 0.649259 -6.347181
v -8.623791 0.663509 -6.383933
v -8.652591 0.683857 -6.407652
v -8.690716 0.694612 -6.423047
v -8.734612 0.699821 -6.429982
v -8.778852 0.696972 -6.425169
v -8.818131 0.699308 -6.402820
v -8.847521 0.694085 -6.370024
v -8.869855 0.678774 -6.336141
v -8.878200 0.659521 -6.299470
v -8.866209 0.650696 -6.262314
v -8.842260 0.637752 -6.229994
v -8.813906 0.619152 -6.203748
v -8.777496 0.604922 -6.187473
v -8.736679 0.603214 -6.184935
v -8.695918 0.601067 -6.192820
v -8.658607 0.594636 -6.207933
v -8.628872 0.604629 -6.235514
v -8.612690 0.622582 -6.270295
v -8.608282 0.638448 -6.307644
vt 0.216951 0.820383
vt 0.223132 0.822846
vt 0.212174 0.837366
vt 0.211469 0.829053
vt 0.226932 0.809147
vt 0.229813 0.809428
vt 0.227204 0.826173
vt 0.217447 0.842530
vt 0.214369 0.815071
vt 0.226248 0.804505
vt 0.230936 0.814250
vt 0.231492 0.827783
vt 0.225056 0.845021
vt 0.211593 0.809937
vt 0.222465 0.803111
vt 0.233092 0.833062
vt 0.230493 0.848746
vt 0.216504 0.863347
vt 0.211837 0.856894
vt 0.210931 0.803482
vt 0.224235 0.798279
vt 0.227594 0.865861
vt 0.210726 0.796653
vt 0.221602 0.795215
vt 0.223499 0.882742
vt 0.211904 0.879197
vt 0.210581 0.790610
vt 0.223851 0.791095
vt 0.221532 0.899537
vt 0.211937 0.892702
vt 0.211249 0.783623
vt 0.221889 0.786885
vt 0.217933 0.916022
vt 0.212027 0.905895
vt 0.214070 0.778074
vt 0.225463 0.784731
vt 0.217000 0.771851
vt 0.224801 0.780669
vt 0.221106 0.768073
vt 0.229082 0.780830
vt 0.225306 0.763820
vt 0.229634 0.777055
vt 0.211403 0.758886
vt 0.216169 0.752707
vt 0.223569 0.749612
vt 0.230010 0.762412
vt 0.232602 0.778843
vt 0.212935 0.736453
vt 0.220800 0.731295
vt 0.230358 0.745354
vt 0.235960 0.760219
vt 0.234115 0.775351
vt 0.230583 0.726855
vt 0.234614 0.742606
vt 0.946710 0.107103
vt 0.941475 0.107801
vt 0.937217 0.089771
vt 0.945453 0.089931
vt 0.948616 0.121570
vt 0.944609 0.124039
vt 0.936313 0.107297
vt 0.931847 0.090227
vt 0.934285 0.070955
vt 0.947499 0.071657
vt 0.951759 0.109792
vt 0.951758 0.092807
vt 0.950897 0.126108
vt 0.944540 0.147581
vt 0.940764 0.121308
vt 0.931664 0.052780
vt 0.945085 0.053465
vt 0.953102 0.074349
vt 0.939765 0.124905
vt 0.931278 0.035428
vt 0.943875 0.036077
vt 0.931108 0.017779
vt 0.943739 0.018702
vt 0.930988 0.000050
vt 0.942886 0.000745
vt 0.765373 0.036069
vt 0.772106 0.033243
vt 0.775183 0.048949
vt 0.767752 0.053362
vt 0.764432 0.022172
vt 0.768032 0.017537
vt 0.760032 0.037641
vt 0.760628 0.055840
vt 0.772806 0.017910
vt 0.777740 0.030099
vt 0.768180 0.070338
vt 0.755098 0.071888
vt 0.756353 0.040307
vt 0.754157 0.057888
vt 0.767363 0.000042
vt 0.773749 0.012701
vt 0.781154 0.023471
vt 0.762128 0.083153
vt 0.753657 0.088960
vt 0.777437 0.005736
vt 0.776892 0.010376
vt 0.992528 0.755635
vt 0.990460 0.763531
vt 0.974468 0.751639
vt 0.982380 0.744504
vt 0.986227 0.769983
vt 0.970221 0.760491
vt 0.969882 0.749107
vt 0.969577 0.736750
vt 0.983416 0.777860
vt 0.969933 0.770579
vt 0.986942 0.735921
vt 0.970393 0.725586
vt 0.996604 0.778783
vt 0.995178 0.786404
vt 0.978160 0.782212
vt 0.969886 0.782201
vt 0.991719 0.793735
vt 0.988946 0.799066
vt 0.974588 0.788893
vt 0.986314 0.804213
vt 0.972734 0.796791
vt 0.986694 0.809746
vt 0.972229 0.805354
vt 0.986559 0.815524
vt 0.973564 0.814148
vt 0.989264 0.820715
vt 0.976200 0.822528
vt 0.991396 0.826354
vt 0.979332 0.831586
vt 0.994713 0.829729
vt 0.983306 0.841034
vt 0.967567 0.841135
vt 0.968153 0.833630
vt 0.996982 0.833314
vt 0.987455 0.848015
vt 0.970041 0.848252
vt 0.976208 0.856267
vt 0.992534 0.853493
vt 0.982709 0.867638
vt 0.971960 0.878218
vt 0.965718 0.871457
vt 0.989316 0.872434
vt 0.980620 0.887680
vt 0.972705 0.903108
vt 0.964237 0.893926
vt 0.983851 0.284937
vt 0.984444 0.256377
vt 0.999259 0.256400
vt 0.998922 0.286153
vt 0.985006 0.227512
vt 0.999604 0.227684
vt 0.983306 0.311305
vt 0.998554 0.312378
vt 0.985353 0.197408
vt 0.999889 0.196254
vt 0.982891 0.335977
vt 0.998389 0.338063
vt 0.985521 0.167527
vt 1.000000 0.166309
vt 0.982617 0.356347
vt 0.998237 0.358677
vt 0.985521 0.137267
vt 0.999870 0.134468
vt 0.982366 0.372819
vt 0.998113 0.376788
vt 0.985521 0.108456
vt 0.999688 0.105109
vt 0.985111 0.079950
vt 0.999054 0.074903
vt 0.984181 0.052970
vt 0.997942 0.047565
vt 0.982663 0.027802
vt 0.996156 0.021417
vt 0.980862 0.006135
vt 0.994131 0.000023
vt 0.955386 0.334514
vt 0.957108 0.304506
vt 0.969476 0.309335
vt 0.967688 0.338713
vt 0.959126 0.270530
vt 0.971550 0.273610
vt 0.954084 0.360985
vt 0.966355 0.365248
vt 0.961074 0.235118
vt 0.973505 0.237686
vt 0.953412 0.380812
vt 0.965601 0.384728
vt 0.962733 0.197786
vt 0.975296 0.197244
vt 0.953154 0.396414
vt 0.965382 0.400822
vt 0.963850 0.161084
vt 0.976658 0.161427
vt 0.964535 0.127445
vt 0.977448 0.125110
vt 0.964932 0.095797
vt 0.978065 0.092480
vt 0.964942 0.068459
vt 0.978727 0.063281
vt 0.964637 0.044293
vt 0.978982 0.039503
vt 0.964172 0.022526
vt 0.979030 0.017632
vt 0.963589 0.004379
vt 0.978900 0.000032
vt 0.021071 0.589073
vt 0.021867 0.556232
vt 0.038371 0.555328
vt 0.037259 0.589221
vt 0.021984 0.528192
vt 0.038202 0.525271
vt 0.054519 0.553154
vt 0.053462 0.587498
vt 0.020894 0.624033
vt 0.036961 0.625277
vt 0.022343 0.503403
vt 0.038599 0.500773
vt 0.054489 0.523607
vt 0.071065 0.551979
vt 0.069693 0.587387
vt 0.052798 0.624564
vt 0.019566 0.662545
vt 0.035148 0.662526
vt 0.022122 0.481659
vt 0.038170 0.477242
vt 0.054778 0.497641
vt 0.070954 0.521217
vt 0.088476 0.550795
vt 0.086994 0.585896
vt 0.068892 0.624774
vt 0.050486 0.664404
vt 0.018199 0.702355
vt 0.033150 0.704332
vt 0.022151 0.463437
vt 0.038444 0.459184
vt 0.054647 0.474118
vt 0.071560 0.495280
vt 0.088646 0.520336
vt 0.105599 0.550456
vt 0.103740 0.586304
vt 0.085894 0.624279
vt 0.066035 0.664265
vt 0.047737 0.706466
vt 0.016244 0.739197
vt 0.030371 0.741317
vt 0.055048 0.454484
vt 0.071614 0.470492
vt 0.089546 0.493449
vt 0.106079 0.519198
vt 0.124230 0.550428
vt 0.122151 0.585467
vt 0.102401 0.624360
vt 0.082478 0.665391
vt 0.062647 0.707496
vt 0.044313 0.744819
vt 0.014495 0.774573
vt 0.027947 0.778232
vt 0.072597 0.450811
vt 0.090254 0.468542
vt 0.107580 0.492399
vt 0.125170 0.519599
vt 0.142098 0.551219
vt 0.139369 0.586809
vt 0.120295 0.623998
vt 0.098431 0.664783
vt 0.078400 0.708790
vt 0.058432 0.746443
vt 0.041153 0.782031
vt 0.012743 0.804558
vt 0.025619 0.808330
vt 0.091911 0.447726
vt 0.108795 0.466624
vt 0.127264 0.492185
vt 0.143622 0.519918
vt 0.161328 0.552565
vt 0.158127 0.586905
vt 0.137125 0.624275
vt 0.115869 0.665294
vt 0.093796 0.708685
vt 0.073447 0.748300
vt 0.054611 0.784291
vt 0.038323 0.812895
vt 0.011807 0.831061
vt 0.024421 0.835478
vt 0.111692 0.445767
vt 0.129834 0.466408
vt 0.146742 0.492798
vt 0.163640 0.521966
vt 0.179580 0.554631
vt 0.175539 0.589158
vt 0.155134 0.624612
vt 0.132063 0.664691
vt 0.110448 0.709078
vt 0.088079 0.748521
vt 0.068848 0.786538
vt 0.051191 0.815649
vt 0.036707 0.840221
vt 0.011122 0.851232
vt 0.023525 0.855636
vt 0.133928 0.444762
vt 0.150401 0.466493
vt 0.167882 0.494608
vt 0.183017 0.524057
vt 0.199068 0.557612
vt 0.194106 0.590369
vt 0.172017 0.625171
vt 0.149586 0.664964
vt 0.126140 0.708332
vt 0.104114 0.748845
vt 0.082884 0.786931
vt 0.064870 0.818057
vt 0.049271 0.843174
vt 0.035796 0.860523
vt 0.011083 0.867315
vt 0.023563 0.872065
vt 0.156196 0.445009
vt 0.173253 0.468632
vt 0.188532 0.497251
vt 0.203521 0.528054
vt 0.217237 0.561358
vt 0.211219 0.593918
vt 0.189557 0.626185
vt 0.165857 0.663931
vt 0.142992 0.707951
vt 0.119161 0.748099
vt 0.098092 0.787394
vt 0.078266 0.818777
vt 0.062497 0.845803
vt 0.048125 0.863991
vt 0.035730 0.877227
vt 0.180609 0.446779
vt 0.195353 0.471303
vt 0.210433 0.501607
vt 0.223309 0.532496
vt 0.235956 0.566890
vt 0.228409 0.597212
vt 0.205887 0.627342
vt 0.182960 0.663965
vt 0.158892 0.705987
vt 0.135503 0.747141
vt 0.112615 0.786314
vt 0.093002 0.819126
vt 0.075607 0.846464
vt 0.061242 0.866434
vt 0.048130 0.880622
vt 0.204639 0.449973
vt 0.219021 0.476488
vt 0.231366 0.506851
vt 0.243195 0.539040
vt 0.252762 0.573540
vt 0.243286 0.602788
vt 0.221437 0.629849
vt 0.198686 0.663225
vt 0.175635 0.704439
vt 0.151100 0.744758
vt 0.128357 0.785051
vt 0.106925 0.818168
vt 0.089856 0.846975
vt 0.074138 0.867491
vt 0.061194 0.883419
vt 0.229934 0.455484
vt 0.241494 0.482868
vt 0.252652 0.514606
vt 0.261358 0.546903
vt 0.267846 0.581975
vt 0.255994 0.608915
vt 0.235108 0.632753
vt 0.214048 0.663425
vt 0.191097 0.701178
vt 0.167536 0.741858
vt 0.143605 0.781746
vt 0.122296 0.816348
vt 0.103513 0.845699
vt 0.088293 0.867698
vt 0.074103 0.884243
vt 0.253990 0.462913
vt 0.263987 0.492517
vt 0.271960 0.523824
vt 0.271914 0.557928
vt 0.276356 0.590901
vt 0.265271 0.616308
vt 0.245995 0.637559
vt 0.227125 0.664078
vt 0.206603 0.698847
vt 0.183054 0.737892
vt 0.159886 0.778145
vt 0.137149 0.812994
vt 0.118516 0.843809
vt 0.101697 0.866708
vt 0.088170 0.884675
vt 0.241864 0.437695
vt 0.267390 0.445809
vt 0.277491 0.474003
vt 0.283413 0.505571
vt 0.287793 0.538733
vt 0.253879 0.642725
vt 0.237957 0.665770
vt 0.220328 0.695169
vt 0.198531 0.732933
vt 0.175314 0.772466
vt 0.153232 0.808356
vt 0.133135 0.839789
vt 0.116635 0.864318
vt 0.101605 0.883314
vt 0.292263 0.458152
vt 0.297748 0.488171
vt 0.298306 0.522439
vt 0.231729 0.694032
vt 0.212266 0.728122
vt 0.190904 0.766366
vt 0.168653 0.802258
vt 0.149040 0.834868
vt 0.131054 0.860511
vt 0.116437 0.881037
vt 0.313121 0.473872
vt 0.313873 0.506909
vt 0.306809 0.541962
vt 0.295234 0.556503
vt 0.204322 0.758166
vt 0.184188 0.794196
vt 0.164233 0.827538
vt 0.146839 0.854843
vt 0.130843 0.876671
vt 0.328068 0.493822
vt 0.323915 0.527775
vt 0.197642 0.784499
vt 0.179885 0.818741
vt 0.162017 0.847587
vt 0.325614 0.549838
vt 0.308877 0.561827
vt 0.177579 0.837688
vt 0.335558 0.688896
vt 0.335799 0.660859
vt 0.352263 0.662151
vt 0.352122 0.690583
vt 0.335780 0.630122
vt 0.351866 0.630085
vt 0.369211 0.663888
vt 0.369611 0.693456
vt 0.335765 0.715388
vt 0.352792 0.718430
vt 0.336088 0.599374
vt 0.352248 0.599298
vt 0.368561 0.631173
vt 0.387245 0.664411
vt 0.388200 0.695094
vt 0.370601 0.722345
vt 0.335683 0.737242
vt 0.352723 0.741173
vt 0.335954 0.566816
vt 0.351905 0.565445
vt 0.368591 0.599386
vt 0.385864 0.630912
vt 0.407367 0.665250
vt 0.409514 0.696645
vt 0.390145 0.724897
vt 0.371030 0.745890
vt 0.335970 0.534530
vt 0.352211 0.533528
vt 0.368286 0.565526
vt 0.385630 0.598593
vt 0.405079 0.630894
vt 0.428113 0.664624
vt 0.431311 0.697020
vt 0.412438 0.727667
vt 0.390914 0.749791
vt 0.335691 0.501637
vt 0.351789 0.499087
vt 0.368449 0.532673
vt 0.384926 0.564155
vt 0.404084 0.598099
vt 0.424236 0.629846
vt 0.451885 0.664267
vt 0.457068 0.697018
vt 0.435918 0.728599
vt 0.414075 0.753090
vt 0.335867 0.470530
vt 0.352187 0.468156
vt 0.368200 0.498375
vt 0.385121 0.531346
vt 0.403013 0.563450
vt 0.422541 0.596577
vt 0.446491 0.628830
vt 0.475621 0.662232
vt 0.482359 0.695714
vt 0.463042 0.729592
vt 0.438130 0.755217
vt 0.392009 0.770631
vt 0.415379 0.775024
vt 0.335663 0.440119
vt 0.351646 0.436049
vt 0.368391 0.466082
vt 0.384731 0.496674
vt 0.402860 0.530344
vt 0.420630 0.561818
vt 0.443121 0.595479
vt 0.468111 0.626814
vt 0.502207 0.660362
vt 0.511239 0.693647
vt 0.490384 0.728387
vt 0.466653 0.756452
vt 0.440156 0.777393
vt 0.335273 0.411491
vt 0.351157 0.407667
vt 0.367875 0.433887
vt 0.384971 0.464178
vt 0.402445 0.495768
vt 0.420321 0.528702
vt 0.440470 0.560512
vt 0.463474 0.593228
vt 0.492678 0.624670
vt 0.527813 0.656555
vt 0.538693 0.690179
vt 0.521019 0.726901
vt 0.494936 0.756207
vt 0.468915 0.779526
vt 0.333916 0.385020
vt 0.349122 0.379483
vt 0.366951 0.404000
vt 0.384147 0.431025
vt 0.402460 0.463067
vt 0.419448 0.494246
vt 0.439391 0.527599
vt 0.459414 0.558474
vt 0.486017 0.591445
vt 0.516099 0.621589
vt 0.555433 0.652715
vt 0.568306 0.685327
vt 0.550399 0.722805
vt 0.527056 0.754478
vt 0.498076 0.779223
vt 0.332496 0.362534
vt 0.347327 0.357369
vt 0.364551 0.375827
vt 0.383056 0.401077
vt 0.401575 0.429774
vt 0.419473 0.462055
vt 0.438229 0.493534
vt 0.457825 0.525764
vt 0.480673 0.556775
vt 0.507894 0.588341
vt 0.541730 0.618042
vt 0.580671 0.646489
vt 0.595274 0.678919
vt 0.581478 0.717900
vt 0.557484 0.750999
vt 0.530447 0.778104
vt 0.362074 0.352382
vt 0.380072 0.371867
vt 0.400137 0.399057
vt 0.418266 0.428328
vt 0.437783 0.461533
vt 0.455891 0.492220
vt 0.477813 0.524642
vt 0.500953 0.554470
vt 0.531742 0.585715
vt 0.565549 0.613593
vt 0.605954 0.639686
vt 0.621349 0.670111
vt 0.609392 0.709893
vt 0.589722 0.745188
vt 0.561556 0.774081
vt 0.377097 0.348614
vt 0.396726 0.369880
vt 0.416711 0.397775
vt 0.436487 0.428437
vt 0.455172 0.460975
vt 0.475190 0.491764
vt 0.497001 0.522751
vt 0.523186 0.552381
vt 0.554123 0.581628
vt 0.589808 0.607787
vt 0.626348 0.629806
vt 0.642570 0.659504
vt 0.636237 0.700240
vt 0.618567 0.737291
vt 0.593998 0.768512
vt 0.393132 0.345903
vt 0.412699 0.368091
vt 0.434508 0.397623
vt 0.453424 0.428437
vt 0.473795 0.461311
vt 0.493264 0.490919
vt 0.517730 0.521792
vt 0.544247 0.549927
vt 0.577495 0.578009
vt 0.611314 0.600647
vt 0.644782 0.619106
vt 0.655937 0.645845
vt 0.657094 0.686908
vt 0.645733 0.725847
vt 0.408662 0.344420
vt 0.430226 0.368181
vt 0.451288 0.398017
vt 0.471711 0.429872
vt 0.491295 0.461368
vt 0.512740 0.490843
vt 0.537155 0.519939
vt 0.566000 0.547341
vt 0.598105 0.572498
vt 0.628620 0.591578
vt 0.672008 0.671000
vt 0.666905 0.711218
vt 0.425496 0.344142
vt 0.446487 0.368539
vt 0.469130 0.400031
vt 0.488621 0.431143
vt 0.509764 0.462643
vt 0.531082 0.490713
vt 0.557517 0.519169
vt 0.585601 0.544640
vt 0.616555 0.566702
vt 0.639788 0.582067
vt 0.655235 0.606786
vt 0.441351 0.345035
vt 0.464122 0.371087
vt 0.485597 0.402633
vt 0.506469 0.433893
vt 0.526861 0.463605
vt 0.549886 0.491108
vt 0.575264 0.517343
vt 0.599579 0.540912
vt 0.627370 0.558624
vt 0.458477 0.347557
vt 0.480349 0.374143
vt 0.502900 0.406846
vt 0.522852 0.436799
vt 0.544416 0.465979
vt 0.566850 0.492165
vt 0.591525 0.516845
vt 0.474376 0.351291
vt 0.497247 0.379703
vt 0.518529 0.411216
vt 0.539056 0.441193
vt 0.559812 0.468118
vt 0.579279 0.493578
vt 0.512607 0.386002
vt 0.534165 0.417729
vt 0.553080 0.446541
vt 0.574438 0.472483
vt 0.940098 0.343402
vt 0.927455 0.363431
vt 0.916296 0.350958
vt 0.919731 0.329141
vt 0.948321 0.354531
vt 0.934533 0.375655
vt 0.903073 0.336310
vt 0.900978 0.316194
vt 0.940970 0.319611
vt 0.932371 0.311613
vt 0.886205 0.321447
vt 0.880307 0.303733
vt 0.913761 0.302171
vt 0.867762 0.306869
vt 0.859097 0.292184
vt 0.890665 0.291598
vt 0.920104 0.287179
vt 0.908684 0.280660
vt 0.846182 0.297488
vt 0.837311 0.282124
vt 0.866716 0.280890
vt 0.891718 0.274358
vt 0.827719 0.289141
vt 0.824059 0.277556
vt 0.843248 0.270935
vt 0.871735 0.269139
vt 0.895625 0.258737
vt 0.881493 0.255107
vt 0.812111 0.280884
vt 0.810551 0.273533
vt 0.826445 0.268611
vt 0.850768 0.265509
vt 0.865606 0.252922
vt 0.877306 0.238127
vt 0.864522 0.237880
vt 0.812862 0.267619
vt 0.848557 0.251449
vt 0.850924 0.238948
vt 0.802261 0.270137
vt 0.798995 0.265279
vt 0.830907 0.262358
vt 0.813835 0.260984
vt 0.829237 0.252497
vt 0.836793 0.239493
vt 0.799721 0.260847
vt 0.811498 0.254259
vt 0.821937 0.242756
vt 0.796191 0.256801
vt 0.808006 0.247412
vt 0.795992 0.252070
vt 0.812883 0.237360
vt 0.799677 0.242469
vt 0.792711 0.249052
vt 0.804212 0.229681
vt 0.795391 0.236566
vt 0.812923 0.224027
vt 0.824219 0.236611
vt 0.800096 0.220809
vt 0.792448 0.231292
vt 0.827117 0.220150
vt 0.836160 0.235415
vt 0.811312 0.213494
vt 0.840754 0.216990
vt 0.846535 0.234332
vt 0.854232 0.215693
vt 0.855849 0.233684
vt 0.867474 0.215559
vt 0.863048 0.232338
vt 0.357130 0.766953
vt 0.338891 0.786223
vt 0.321257 0.764037
vt 0.339301 0.746593
vt 0.377093 0.782050
vt 0.359158 0.801441
vt 0.305667 0.737961
vt 0.322472 0.724697
vt 0.398100 0.793222
vt 0.381897 0.806805
vt 0.304136 0.766592
vt 0.290385 0.740574
vt 0.292215 0.709178
vt 0.307903 0.700304
vt 0.279472 0.709589
vt 0.280723 0.677430
vt 0.294835 0.673550
vt 0.271907 0.677959
vt 0.272256 0.646732
vt 0.285152 0.643249
vt 0.265997 0.616993
vt 0.268776 0.615690
vt 0.796476 0.728733
vt 0.814472 0.739157
vt 0.810048 0.750927
vt 0.789723 0.738906
vt 0.801538 0.717364
vt 0.816455 0.725596
vt 0.803021 0.761279
vt 0.784061 0.749769
vt 0.806348 0.705145
vt 0.813898 0.709248
vt 0.794231 0.771397
vt 0.777944 0.760595
vt 0.783104 0.780902
vt 0.770459 0.771079
vt 0.770689 0.789682
vt 0.760580 0.780829
vt 0.755826 0.797568
vt 0.751218 0.791940
vt 0.740855 0.802926
vt 0.737032 0.800632
vt 0.755741 0.776691
vt 0.746379 0.788473
vt 0.403716 0.023781
vt 0.386849 0.034912
vt 0.374043 0.027640
vt 0.391475 0.014830
vt 0.408898 0.035625
vt 0.395642 0.044913
vt 0.369505 0.044686
vt 0.363339 0.032855
vt 0.360410 0.020397
vt 0.374850 0.007731
vt 0.376859 0.055765
vt 0.346374 0.012706
vt 0.356677 0.002491
vt 0.401128 0.057669
vt 0.382372 0.068146
vt 0.332496 0.003535
vt 0.335394 0.000052
vt 0.401908 0.073352
vt 0.387611 0.081454
vt 0.141289 0.238007
vt 0.125071 0.244546
vt 0.122425 0.228453
vt 0.137252 0.223209
vt 0.148186 0.247772
vt 0.129811 0.256805
vt 0.121915 0.210075
vt 0.134733 0.206358
vt 0.157837 0.225110
vt 0.149503 0.217476
vt 0.166781 0.231267
vt 0.124096 0.188221
vt 0.129944 0.190788
vt 0.140540 0.207784
vt 0.175599 0.237331
vt 0.156625 0.253350
vt 0.186450 0.240607
vt 0.167002 0.255733
vt 0.970625 0.718054
vt 0.955586 0.725146
vt 0.963708 0.694303
vt 0.979085 0.690756
vt 0.959296 0.745452
vt 0.945614 0.755019
vt 0.974582 0.668247
vt 0.984494 0.664685
vt 0.930979 0.758746
vt 0.946027 0.731098
vt 0.931131 0.782140
vt 0.914962 0.782984
vt 0.914798 0.804177
vt 0.897738 0.802207
vt 0.447452 0.160172
vt 0.433861 0.154803
vt 0.445848 0.125865
vt 0.458547 0.130689
vt 0.434962 0.188410
vt 0.422340 0.181331
vt 0.457621 0.096602
vt 0.471857 0.102668
vt 0.419095 0.213455
vt 0.410078 0.206080
vt 0.472782 0.072380
vt 0.480856 0.074522
vt 0.485548 0.048602
vt 0.488088 0.048167
vt 0.269016 0.721394
vt 0.259624 0.724888
vt 0.252172 0.698919
vt 0.259784 0.698109
vt 0.278021 0.746672
vt 0.264716 0.746357
vt 0.248873 0.722944
vt 0.245855 0.698565
vt 0.245109 0.677466
vt 0.250568 0.681324
vt 0.277611 0.719676
vt 0.264726 0.695751
vt 0.285358 0.778737
vt 0.271184 0.773147
vt 0.254440 0.751748
vt 0.288227 0.750580
vt 0.240817 0.717921
vt 0.241774 0.694213
vt 0.243081 0.680131
vt 0.250964 0.677959
vt 0.259857 0.779215
vt 0.239458 0.744493
vt 0.238289 0.675358
vt 0.279533 0.798303
vt 0.267341 0.808435
vt 0.244809 0.773377
vt 0.289476 0.821295
vt 0.275010 0.834220
vt 0.249908 0.800905
vt 0.301078 0.841683
vt 0.283615 0.855703
vt 0.255595 0.826245
vt 0.313131 0.859847
vt 0.292482 0.869833
vt 0.261763 0.845032
vt 0.497108 0.183005
vt 0.484974 0.173138
vt 0.491753 0.155042
vt 0.499734 0.160106
vt 0.491591 0.202795
vt 0.478540 0.190546
vt 0.476074 0.161026
vt 0.483407 0.147342
vt 0.498040 0.137779
vt 0.503949 0.140097
vt 0.504423 0.183889
vt 0.505193 0.161174
vt 0.487255 0.221968
vt 0.472088 0.206908
vt 0.469025 0.175349
vt 0.502419 0.206009
vt 0.465893 0.150658
vt 0.476250 0.137670
vt 0.492733 0.132303
vt 0.505244 0.125237
vt 0.510344 0.124629
vt 0.507846 0.141171
vt 0.481546 0.237884
vt 0.465036 0.220306
vt 0.461177 0.187473
vt 0.500656 0.227740
vt 0.458287 0.167118
vt 0.458399 0.143207
vt 0.470110 0.131161
vt 0.487630 0.126492
vt 0.504069 0.121451
vt 0.512663 0.128208
vt 0.475723 0.248984
vt 0.458141 0.231280
vt 0.452142 0.196948
vt 0.497193 0.246356
vt 0.453743 0.185175
vt 0.484812 0.122495
vt 0.499219 0.120967
vt 0.443431 0.205172
vt 0.493236 0.260335
vt 0.499799 0.117994
vt 0.451285 0.239118
vt 0.435287 0.213414
vt 0.444256 0.243201
vt 0.426703 0.218564
vt 0.827825 0.511900
vt 0.828885 0.507062
vt 0.840034 0.499165
vt 0.842993 0.507918
vt 0.855191 0.492302
vt 0.858439 0.502731
vt 0.828842 0.516575
vt 0.844440 0.515912
vt 0.836248 0.491595
vt 0.850432 0.482702
vt 0.869970 0.485129
vt 0.874232 0.497923
vt 0.860541 0.513607
vt 0.828328 0.522454
vt 0.844325 0.524240
vt 0.834036 0.486891
vt 0.844116 0.473809
vt 0.864153 0.473248
vt 0.884572 0.477676
vt 0.889217 0.492608
vt 0.876382 0.511591
vt 0.860908 0.524835
vt 0.828432 0.528673
vt 0.843716 0.532615
vt 0.856750 0.462808
vt 0.877839 0.463912
vt 0.899130 0.470208
vt 0.904400 0.487440
vt 0.891900 0.508695
vt 0.877022 0.525628
vt 0.859804 0.535997
vt 0.826433 0.534177
vt 0.841719 0.540632
vt 0.838479 0.467933
vt 0.847859 0.453497
vt 0.869280 0.451695
vt 0.891653 0.454728
vt 0.913677 0.463010
vt 0.919488 0.482260
vt 0.907430 0.505931
vt 0.892400 0.525472
vt 0.875503 0.539544
vt 0.857401 0.546919
vt 0.824906 0.540540
vt 0.838757 0.548190
vt 0.859060 0.441198
vt 0.881935 0.440856
vt 0.905264 0.445653
vt 0.927996 0.455238
vt 0.934498 0.476771
vt 0.922863 0.503079
vt 0.907945 0.525383
vt 0.890960 0.542269
vt 0.872707 0.553115
vt 0.853673 0.557063
vt 0.822395 0.545594
vt 0.834918 0.555742
vt 0.870171 0.429182
vt 0.894608 0.430473
vt 0.918347 0.436015
vt 0.942387 0.447709
vt 0.949741 0.471440
vt 0.938480 0.500265
vt 0.923448 0.525186
vt 0.906239 0.544906
vt 0.887543 0.558703
vt 0.868260 0.565916
vt 0.848867 0.566531
vt 0.820966 0.551261
vt 0.830543 0.563069
vt 0.881553 0.417747
vt 0.906408 0.419550
vt 0.931512 0.426836
vt 0.957054 0.440749
vt 0.965238 0.466326
vt 0.954100 0.496984
vt 0.938902 0.524658
vt 0.921293 0.547207
vt 0.902241 0.563766
vt 0.882447 0.574164
vt 0.862693 0.577658
vt 0.843078 0.575345
vt 0.859416 0.419959
vt 0.866095 0.407510
vt 0.891847 0.405692
vt 0.918112 0.409084
vt 0.944359 0.417476
vt 0.971597 0.433264
vt 0.980706 0.460803
vt 0.969880 0.494554
vt 0.954340 0.524135
vt 0.936202 0.549315
vt 0.916524 0.568601
vt 0.896403 0.581563
vt 0.875656 0.588244
vt 0.855878 0.588125
vt 0.827866 0.568697
vt 0.837940 0.583500
vt 0.843203 0.415294
vt 0.848472 0.400115
vt 0.874902 0.394259
vt 0.901908 0.393657
vt 0.929765 0.398661
vt 0.957870 0.409478
vt 0.985583 0.490072
vt 0.969927 0.522522
vt 0.950976 0.551556
vt 0.930576 0.573204
vt 0.909771 0.588753
vt 0.888695 0.597662
vt 0.867640 0.600833
vt 0.854178 0.593150
vt 0.854216 0.434973
vt 0.839955 0.430939
vt 0.833901 0.410970
vt 0.836516 0.394836
vt 0.856312 0.386105
vt 0.883244 0.380888
vt 0.911146 0.381132
vt 0.941420 0.388450
vt 0.985503 0.522007
vt 0.965831 0.553323
vt 0.944434 0.577739
vt 0.922870 0.595523
vt 0.901031 0.606962
vt 0.879851 0.611731
vt 0.835479 0.588198
vt 0.848281 0.601349
vt 0.847487 0.450268
vt 0.836991 0.445161
vt 0.828953 0.426581
vt 0.838178 0.379571
vt 0.862239 0.371320
vt 0.890954 0.367294
vt 0.921260 0.369510
vt 0.980810 0.554491
vt 0.958482 0.581248
vt 0.935460 0.602647
vt 0.913166 0.615517
vt 0.890757 0.623015
vt 0.866851 0.605112
vt 0.856317 0.615401
vt 0.831870 0.592242
vt 0.838829 0.609329
vt 0.824147 0.442204
vt 0.819976 0.394211
vt 0.817404 0.378371
vt 0.839785 0.364963
vt 0.866980 0.356218
vt 0.898407 0.353720
vt 0.972264 0.585304
vt 0.948017 0.609234
vt 0.924598 0.624474
vt 0.902311 0.632411
vt 0.876289 0.620321
vt 0.883105 0.635055
vt 0.865176 0.623173
vt 0.843833 0.615125
vt 0.820899 0.595874
vt 0.826578 0.609447
vt 0.831471 0.460966
vt 0.820610 0.458548
vt 0.800423 0.395458
vt 0.796106 0.379867
vt 0.816262 0.362259
vt 0.842518 0.349178
vt 0.872400 0.341557
vt 0.960797 0.614867
vt 0.936149 0.632560
vt 0.912123 0.643357
vt 0.890471 0.647698
vt 0.871115 0.637780
vt 0.851330 0.627931
vt 0.832897 0.623181
vt 0.818351 0.577896
vt 0.825012 0.575394
vt 0.820771 0.410141
vt 0.803243 0.411226
vt 0.781317 0.399628
vt 0.775298 0.384573
vt 0.792798 0.363935
vt 0.815685 0.346084
vt 0.844944 0.333470
vt 0.947154 0.640977
vt 0.921601 0.654041
vt 0.896979 0.657236
vt 0.875025 0.653586
vt 0.855289 0.644419
vt 0.836908 0.632696
vt 0.809106 0.579013
vt 0.812774 0.591605
vt 0.820154 0.425997
vt 0.804818 0.427015
vt 0.787157 0.413885
vt 0.762744 0.405764
vt 0.754908 0.391816
vt 0.769522 0.369316
vt 0.790258 0.347826
vt 0.815945 0.329988
vt 0.931301 0.664010
vt 0.905297 0.669240
vt 0.880052 0.668337
vt 0.858589 0.660318
vt 0.838612 0.648886
vt 0.824008 0.615008
vt 0.820867 0.631228
vt 0.810598 0.560832
vt 0.815710 0.561855
vt 0.820541 0.441588
vt 0.807586 0.442390
vt 0.792440 0.429665
vt 0.771368 0.419151
vt 0.745507 0.414515
vt 0.736119 0.401888
vt 0.747412 0.377512
vt 0.764013 0.353910
vt 0.787339 0.331822
vt 0.912800 0.681263
vt 0.886158 0.681905
vt 0.861717 0.675573
vt 0.840275 0.664564
vt 0.820440 0.647356
vt 0.809312 0.611383
vt 0.804335 0.626728
vt 0.810012 0.545151
vt 0.813457 0.548074
vt 0.803934 0.561048
vt 0.802970 0.574136
vt 0.820264 0.457918
vt 0.809654 0.458278
vt 0.796850 0.445162
vt 0.779915 0.432492
vt 0.755472 0.426631
vt 0.730233 0.426188
vt 0.719280 0.415077
vt 0.726666 0.389143
vt 0.740211 0.362953
vt 0.759250 0.338312
vt 0.892343 0.694838
vt 0.866496 0.689802
vt 0.841627 0.679731
vt 0.820538 0.663087
vt 0.801661 0.642370
vt 0.813393 0.595005
vt 0.822787 0.601024
vt 0.794715 0.605097
vt 0.787822 0.619305
vt 0.806107 0.547800
vt 0.808134 0.526764
vt 0.485829 0.019660
vt 0.816268 0.474823
vt 0.810355 0.475233
vt 0.799414 0.460298
vt 0.785448 0.446986
vt 0.765809 0.438339
vt 0.741600 0.436799
vt 0.717708 0.440325
vt 0.705090 0.431140
vt 0.708334 0.403812
vt 0.716903 0.376519
vt 0.732937 0.348409
vt 0.870284 0.703770
vt 0.843684 0.694427
vt 0.819895 0.678210
vt 0.799339 0.657695
vt 0.782767 0.634005
vt 0.800946 0.590100
vt 0.780760 0.596271
vt 0.771864 0.609291
vt 0.797488 0.557857
vt 0.803695 0.543814
vt 0.491217 0.017697
vt 0.488179 0.021425
vt 0.801202 0.476307
vt 0.789181 0.462286
vt 0.773158 0.451529
vt 0.753458 0.446995
vt 0.730444 0.449433
vt 0.707764 0.455917
vt 0.694082 0.448253
vt 0.692869 0.421442
vt 0.697488 0.392396
vt 0.708203 0.363040
vt 0.845843 0.708757
vt 0.820663 0.693114
vt 0.796549 0.672477
vt 0.777979 0.648476
vt 0.764338 0.622829
vt 0.789365 0.582658
vt 0.767738 0.585567
vt 0.756910 0.597049
vt 0.792699 0.554853
vt 0.799032 0.544777
vt 0.798015 0.540167
vt 0.809908 0.490569
vt 0.804021 0.491928
vt 0.793486 0.477819
vt 0.778790 0.465974
vt 0.763049 0.456442
vt 0.743732 0.457648
vt 0.721659 0.463455
vt 0.700534 0.472615
vt 0.686012 0.466532
vt 0.680382 0.440673
vt 0.679764 0.412882
vt 0.686301 0.381135
vt 0.819386 0.707416
vt 0.793792 0.686966
vt 0.772866 0.662528
vt 0.757073 0.636251
vt 0.747034 0.609064
vt 0.778460 0.574007
vt 0.756057 0.573418
vt 0.743385 0.583149
vt 0.788852 0.549832
vt 0.793613 0.539358
vt 0.793877 0.534854
vt 0.808404 0.503158
vt 0.805799 0.506389
vt 0.797030 0.492695
vt 0.787577 0.479552
vt 0.757891 0.465146
vt 0.736292 0.470038
vt 0.715368 0.478360
vt 0.694515 0.488857
vt 0.681387 0.485626
vt 0.671244 0.461278
vt 0.666545 0.433427
vt 0.667583 0.403049
vt 0.790782 0.701110
vt 0.768231 0.676591
vt 0.749228 0.649116
vt 0.737294 0.620994
vt 0.731453 0.593448
vt 0.788762 0.561330
vt 0.798306 0.568011
vt 0.768789 0.563944
vt 0.745941 0.560428
vt 0.731850 0.567917
vt 0.785362 0.545212
vt 0.782671 0.540068
vt 0.789809 0.532748
vt 0.791710 0.528593
vt 0.801316 0.504778
vt 0.774662 0.467285
vt 0.765184 0.474346
vt 0.751769 0.475085
vt 0.730818 0.483109
vt 0.710902 0.491658
vt 0.694917 0.504238
vt 0.678936 0.504938
vt 0.665743 0.482678
vt 0.656173 0.457141
vt 0.652661 0.426471
vt 0.761950 0.689734
vt 0.741079 0.661690
vt 0.727149 0.632509
vt 0.719549 0.603651
vt 0.718278 0.576234
vt 0.781230 0.553259
vt 0.760166 0.553171
vt 0.737959 0.546437
vt 0.722669 0.552018
vt 0.779337 0.535142
vt 0.777085 0.530560
vt 0.788149 0.525422
vt 0.791753 0.521946
vt 0.798380 0.508568
vt 0.791589 0.494951
vt 0.783521 0.481649
vt 0.779073 0.485383
vt 0.746803 0.486086
vt 0.728195 0.494235
vt 0.711040 0.503352
vt 0.695960 0.522018
vt 0.680144 0.524551
vt 0.663102 0.504630
vt 0.650287 0.479896
vt 0.641659 0.451840
vt 0.732831 0.674117
vt 0.717291 0.644222
vt 0.707142 0.613319
vt 0.704637 0.584528
vt 0.707882 0.558305
vt 0.774218 0.544402
vt 0.753411 0.541432
vt 0.732040 0.532121
vt 0.715963 0.535653
vt 0.774679 0.525815
vt 0.776362 0.519288
vt 0.793369 0.511961
vt 0.793212 0.508039
vt 0.787745 0.496281
vt 0.771830 0.491896
vt 0.760082 0.481987
vt 0.745240 0.495826
vt 0.727469 0.503369
vt 0.711960 0.519361
vt 0.700414 0.540123
vt 0.684819 0.544296
vt 0.664363 0.526414
vt 0.647382 0.504899
vt 0.635004 0.477479
vt 0.706181 0.654871
vt 0.694602 0.622871
vt 0.690761 0.592517
vt 0.693008 0.564533
vt 0.768574 0.535178
vt 0.748147 0.529424
vt 0.728412 0.517628
vt 0.777808 0.512503
vt 0.789321 0.518020
vt 0.788723 0.498672
vt 0.785892 0.501332
vt 0.765687 0.488339
vt 0.764427 0.496219
vt 0.743934 0.504867
vt 0.669352 0.548452
vt 0.648573 0.528389
vt 0.631742 0.504218
vt 0.682151 0.632516
vt 0.677228 0.601043
vt 0.677940 0.570543
vt 0.764328 0.525524
vt 0.745101 0.517076
vt 0.782766 0.506940
vt 0.792599 0.516053
vt 0.767066 0.498926
vt 0.760578 0.505200
vt 0.654085 0.553575
vt 0.632872 0.530760
vt 0.663029 0.608551
vt 0.662988 0.576698
vt 0.761671 0.515546
vt 0.766118 0.504670
vt 0.638588 0.557639
vt 0.648315 0.583230
vt 0.305345 0.607773
vt 0.298590 0.605034
vt 0.305183 0.589571
vt 0.313475 0.593299
vt 0.297569 0.619721
vt 0.293567 0.619887
vt 0.311810 0.572767
vt 0.321056 0.577505
vt 0.311406 0.612644
vt 0.299826 0.624276
vt 0.288163 0.639436
vt 0.317403 0.556753
vt 0.328038 0.561927
vt 0.314303 0.614129
vt 0.305480 0.625133
vt 0.305734 0.629582
vt 0.309420 0.629841
vt 0.307971 0.634125
vt 0.309892 0.635411
vt 0.309591 0.639870
vt 0.309321 0.642698
vt 0.308332 0.646500
vt 0.307301 0.650385
vt 0.305993 0.652373
vt 0.303813 0.656121
vt 0.301842 0.655972
vt 0.703988 0.000062
vt 0.709546 0.006014
vt 0.695358 0.010037
vt 0.692699 0.000052
vt 0.714095 0.013049
vt 0.699606 0.019696
vt 0.718821 0.020677
vt 0.705254 0.028926
vt 0.723796 0.028510
vt 0.712271 0.037789
vt 0.728692 0.035975
vt 0.719807 0.045865
vt 0.075652 0.000022
vt 0.084175 0.006508
vt 0.078354 0.022633
vt 0.066499 0.015016
vt 0.089998 0.013812
vt 0.091095 0.027654
vt 0.750826 0.114942
vt 0.735582 0.090272
vt 0.746302 0.082716
vt 0.762791 0.107780
vt 0.719047 0.070182
vt 0.727453 0.060557
vt 0.759889 0.142511
vt 0.772883 0.137136
vt 0.697618 0.051703
vt 0.704441 0.041121
vt 0.764833 0.173195
vt 0.778357 0.168386
vt 0.675031 0.036833
vt 0.679598 0.024833
vt 0.764141 0.203456
vt 0.777544 0.202811
vt 0.648156 0.024986
vt 0.651363 0.012301
vt 0.758337 0.237626
vt 0.771289 0.238396
vt 0.621140 0.017182
vt 0.622232 0.003589
vt 0.748595 0.267978
vt 0.760261 0.271328
vt 0.591305 0.013942
vt 0.591067 0.000050
vt 0.735430 0.298162
vt 0.746058 0.302950
vt 0.563044 0.015005
vt 0.560575 0.000979
vt 0.720707 0.322983
vt 0.729758 0.329753
vt 0.534090 0.021573
vt 0.530107 0.007869
vt 0.703787 0.345402
vt 0.711895 0.353443
vt 0.508071 0.031926
vt 0.502021 0.019098
vt 0.686126 0.361861
vt 0.692485 0.371474
vt 0.482998 0.047547
vt 0.475819 0.035554
vt 0.665772 0.375459
vt 0.670789 0.385850
vt 0.461320 0.065327
vt 0.452685 0.054876
vt 0.644741 0.383993
vt 0.647681 0.395248
vt 0.441990 0.087479
vt 0.432692 0.078299
vt 0.620391 0.388732
vt 0.621755 0.400446
vt 0.426977 0.110098
vt 0.416745 0.103088
vt 0.595154 0.387869
vt 0.594052 0.399547
vt 0.415532 0.135761
vt 0.404857 0.130264
vt 0.566247 0.382288
vt 0.563444 0.393616
vt 0.408317 0.160528
vt 0.396849 0.157450
vt 0.537768 0.371850
vt 0.532462 0.382407
vt 0.405277 0.187636
vt 0.393453 0.186236
vt 0.507411 0.356886
vt 0.500441 0.366852
vt 0.406048 0.213464
vt 0.393764 0.214782
vt 0.480606 0.338434
vt 0.471449 0.346971
vt 0.411753 0.240927
vt 0.399608 0.243865
vt 0.455186 0.315881
vt 0.445025 0.323567
vt 0.420930 0.266249
vt 0.409451 0.271367
vt 0.436209 0.292302
vt 0.424935 0.298255
vt 0.306930 0.405761
vt 0.272065 0.415836
vt 0.269538 0.394593
vt 0.301361 0.385796
vt 0.310358 0.421492
vt 0.274738 0.432312
vt 0.235185 0.421092
vt 0.234642 0.398759
vt 0.265119 0.370778
vt 0.295257 0.363801
vt 0.234510 0.438266
vt 0.195946 0.421464
vt 0.199326 0.400063
vt 0.233859 0.373934
vt 0.261211 0.345269
vt 0.288259 0.342815
vt 0.329905 0.372699
vt 0.320049 0.351818
vt 0.193640 0.438040
vt 0.155348 0.414875
vt 0.161590 0.394985
vt 0.200502 0.374362
vt 0.232165 0.347964
vt 0.257065 0.321364
vt 0.281367 0.323817
vt 0.309310 0.329739
vt 0.149906 0.430037
vt 0.116613 0.399375
vt 0.127764 0.380028
vt 0.169165 0.373039
vt 0.201393 0.348960
vt 0.229330 0.323760
vt 0.253149 0.300021
vt 0.274289 0.307312
vt 0.297567 0.309615
vt 0.110198 0.414927
vt 0.083397 0.378441
vt 0.097049 0.359820
vt 0.141008 0.357435
vt 0.174698 0.352808
vt 0.202444 0.327139
vt 0.226865 0.301871
vt 0.286383 0.291805
vt 0.329580 0.317741
vt 0.317169 0.298662
vt 0.072733 0.392921
vt 0.052981 0.354378
vt 0.069073 0.338632
vt 0.113099 0.339334
vt 0.179682 0.333583
vt 0.206540 0.311012
vt 0.224861 0.285786
vt 0.247936 0.282825
vt 0.304700 0.280769
vt 0.346722 0.304640
vt 0.334338 0.287694
vt 0.086290 0.319575
vt 0.129392 0.318377
vt 0.155802 0.335536
vt 0.277482 0.276958
vt 0.292960 0.265382
vt 0.321856 0.271539
vt 0.358897 0.323069
vt 0.341605 0.337620
vt 0.043974 0.313731
vt 0.062694 0.299435
vt 0.104194 0.300642
vt 0.144350 0.299219
vt 0.168663 0.316017
vt 0.269898 0.263792
vt 0.281623 0.251355
vt 0.308608 0.257456
vt 0.373167 0.310380
vt 0.360866 0.299098
vt 0.025583 0.287264
vt 0.046711 0.275069
vt 0.079621 0.285817
vt 0.119753 0.283088
vt 0.157534 0.282546
vt 0.179529 0.299035
vt 0.384414 0.321643
vt 0.371126 0.340852
vt 0.373866 0.288646
vt 0.357767 0.279679
vt 0.069907 0.263790
vt 0.095556 0.273316
vt 0.133392 0.268351
vt 0.389851 0.297579
vt 0.374308 0.263220
vt 0.357107 0.255330
vt 0.034435 0.250602
vt 0.057868 0.240956
vt 0.091927 0.253778
vt 0.109135 0.261911
vt 0.144500 0.258097
vt 0.167030 0.269302
vt 0.343580 0.269449
vt 0.339856 0.247578
vt 0.372121 0.236784
vt 0.354879 0.230283
vt 0.025416 0.227396
vt 0.048404 0.219519
vt 0.080457 0.232129
vt 0.337573 0.224056
vt 0.367566 0.210364
vt 0.350348 0.205865
vt 0.019234 0.206544
vt 0.037594 0.203744
vt 0.069862 0.211945
vt 0.101691 0.224710
vt 0.112422 0.245387
vt 0.323518 0.240226
vt 0.321195 0.217765
vt 0.333402 0.200886
vt 0.383911 0.213722
vt 0.388132 0.241954
vt 0.361319 0.184698
vt 0.344375 0.181326
vt 0.003489 0.235392
vt 0.000000 0.209865
vt 0.024672 0.185119
vt 0.046008 0.184874
vt 0.089785 0.206291
vt 0.317006 0.195391
vt 0.328635 0.177897
vt 0.377583 0.185439
vt 0.354410 0.158538
vt 0.342896 0.161333
vt 0.003717 0.186042
vt 0.030462 0.165155
vt 0.047825 0.166544
vt 0.066394 0.185073
vt 0.055767 0.201989
vt 0.106827 0.203411
vt 0.119668 0.218874
vt 0.305931 0.211772
vt 0.302585 0.191619
vt 0.313571 0.173869
vt 0.331804 0.164122
vt 0.367515 0.156423
vt 0.339061 0.139819
vt 0.327379 0.147319
vt 0.012860 0.163012
vt 0.044314 0.146973
vt 0.062768 0.153204
vt 0.065013 0.167590
vt 0.084600 0.185316
vt 0.072772 0.201604
vt 0.300372 0.172673
vt 0.316762 0.151921
vt 0.379643 0.151324
vt 0.391390 0.184301
vt 0.351411 0.129975
vt 0.322202 0.118291
vt 0.310610 0.128823
vt 0.026586 0.142130
vt 0.060270 0.129182
vt 0.077840 0.136073
vt 0.080885 0.159393
vt 0.081914 0.167652
vt 0.097962 0.184623
vt 0.089922 0.201673
vt 0.321589 0.167351
vt 0.306797 0.151927
vt 0.299997 0.137665
vt 0.363154 0.121258
vt 0.333919 0.106882
vt 0.304898 0.099353
vt 0.293887 0.110885
vt 0.044243 0.122521
vt 0.078533 0.111535
vt 0.094692 0.119401
vt 0.095613 0.142548
vt 0.099051 0.167190
vt 0.107987 0.184322
vt 0.106376 0.200892
vt 0.290025 0.144815
vt 0.283885 0.120352
vt 0.344716 0.094906
vt 0.315461 0.085880
vt 0.286897 0.081703
vt 0.279158 0.093142
vt 0.011667 0.137810
vt 0.029834 0.116452
vt 0.063128 0.103392
vt 0.097771 0.094474
vt 0.108257 0.102886
vt 0.110768 0.126015
vt 0.112530 0.149009
vt 0.098259 0.165487
vt 0.114835 0.168788
vt 0.118803 0.184094
vt 0.121651 0.197677
vt 0.274660 0.128051
vt 0.325607 0.072425
vt 0.295906 0.068217
vt 0.266785 0.073940
vt 0.260479 0.090238
vt 0.051082 0.094769
vt 0.087065 0.084558
vt 0.122774 0.082901
vt 0.131268 0.096052
vt 0.125578 0.132466
vt 0.128711 0.172692
vt 0.332181 0.060639
vt 0.353295 0.085202
vt 0.303990 0.053571
vt 0.273458 0.055995
vt 0.271839 0.103041
vt 0.255947 0.104549
vt 0.244663 0.065803
vt 0.239421 0.082776
vt 0.018515 0.111159
vt 0.040908 0.087933
vt 0.076940 0.074184
vt 0.114021 0.069540
vt 0.148521 0.072469
vt 0.155508 0.086799
vt 0.139708 0.107216
vt 0.118366 0.110963
vt 0.310315 0.041678
vt 0.280535 0.039914
vt 0.250484 0.047781
vt 0.234919 0.097424
vt 0.221725 0.060525
vt 0.217217 0.077231
vt 0.069318 0.064835
vt 0.106987 0.056124
vt 0.142737 0.057184
vt 0.174594 0.063934
vt 0.179702 0.078649
vt 0.162770 0.099332
vt 0.147592 0.117044
vt 0.127187 0.118625
vt 0.285500 0.026734
vt 0.255704 0.030545
vt 0.225560 0.042086
vt 0.251483 0.116906
vt 0.230744 0.110361
vt 0.213538 0.091088
vt 0.033727 0.081486
vt 0.063179 0.056528
vt 0.100230 0.045360
vt 0.137671 0.042225
vt 0.170297 0.047476
vt 0.184740 0.090617
vt 0.169839 0.110445
vt 0.155887 0.123872
vt 0.136226 0.126822
vt 0.290070 0.016513
vt 0.315353 0.031772
vt 0.260108 0.016759
vt 0.229527 0.024853
vt 0.199122 0.040924
vt 0.199075 0.056333
vt 0.246616 0.126446
vt 0.227570 0.120931
vt 0.210311 0.103115
vt 0.096412 0.035340
vt 0.134559 0.028906
vt 0.168923 0.031268
vt 0.176343 0.118843
vt 0.162321 0.128328
vt 0.144962 0.135323
vt 0.263787 0.005619
vt 0.231435 0.011197
vt 0.199931 0.024780
vt 0.241282 0.134860
vt 0.224195 0.130622
vt 0.209159 0.113693
vt 0.132358 0.017877
vt 0.167664 0.017779
vt 0.234307 0.000226
vt 0.201424 0.011308
vt 0.236801 0.142170
vt 0.222111 0.139573
vt 0.207795 0.124032
vt 0.167904 0.006652
vt 0.202757 0.000052
vt 0.232118 0.149262
vt 0.219652 0.149151
vt 0.208092 0.133745
vt 0.207792 0.142717
vt 0.169900 0.217879
vt 0.167582 0.207247
vt 0.181019 0.204079
vt 0.184166 0.211203
vt 0.158535 0.222723
vt 0.155165 0.209215
vt 0.171236 0.199035
vt 0.180396 0.197131
vt 0.194521 0.200838
vt 0.198710 0.203722
vt 0.197011 0.196076
vt 0.219175 0.191809
vt 0.182813 0.191139
vt 0.193955 0.191745
vt 0.202853 0.210515
vt 0.198147 0.208949
vt 0.197526 0.187625
vt 0.184658 0.184650
vt 0.208943 0.215813
vt 0.203994 0.215266
vt 0.195712 0.182664
vt 0.199901 0.179694
vt 0.185444 0.177826
vt 0.216216 0.218986
vt 0.211194 0.220601
vt 0.185390 0.171667
vt 0.199079 0.174352
vt 0.203855 0.173103
vt 0.223425 0.219768
vt 0.219472 0.223273
vt 0.210725 0.236387
vt 0.206518 0.230829
vt 0.188027 0.165501
vt 0.193272 0.160429
vt 0.205223 0.167727
vt 0.210110 0.168634
vt 0.230512 0.216606
vt 0.227641 0.221414
vt 0.224798 0.237296
vt 0.217305 0.238530
vt 0.198273 0.155674
vt 0.178559 0.156659
vt 0.183334 0.148168
vt 0.203869 0.154225
vt 0.212972 0.164122
vt 0.217457 0.166452
vt 0.237168 0.211350
vt 0.235189 0.216438
vt 0.231221 0.236145
vt 0.224988 0.253832
vt 0.214983 0.255071
vt 0.206190 0.249134
vt 0.170895 0.148875
vt 0.176399 0.138209
vt 0.221292 0.163141
vt 0.225495 0.165974
vt 0.242882 0.204230
vt 0.242496 0.209891
vt 0.225577 0.268901
vt 0.211949 0.272788
vt 0.201822 0.262711
vt 0.230100 0.163453
vt 0.233364 0.167533
vt 0.245443 0.195853
vt 0.247475 0.201140
vt 0.240290 0.150341
vt 0.233320 0.148221
vt 0.238288 0.166596
vt 0.238747 0.172256
vt 0.245289 0.187116
vt 0.248547 0.191284
vt 0.262423 0.198055
vt 0.260934 0.206251
vt 0.256312 0.212888
vt 0.247239 0.152227
vt 0.251752 0.157217
vt 0.243572 0.173012
vt 0.243057 0.178695
vt 0.247002 0.181505
vt 0.260867 0.183082
vt 0.263523 0.190169
vt 0.277948 0.200504
vt 0.275187 0.212237
vt 0.268887 0.222044
vt 0.248118 0.132483
vt 0.253571 0.138689
vt 0.255019 0.162481
vt 0.257244 0.169164
vt 0.259173 0.175924
vt 0.276870 0.188969
vt 0.257278 0.146342
vt 0.266570 0.151755
vt 0.292721 0.182739
vt 0.294213 0.201046
vt 0.013403 0.430656
vt 0.013919 0.456820
vt 0.000285 0.453976
vt 0.000000 0.426131
vt 0.014377 0.484444
vt 0.000498 0.481967
vt 0.014734 0.513619
vt 0.000744 0.512879
vt 0.014953 0.542398
vt 0.000902 0.542161
vt 0.015037 0.570658
vt 0.000984 0.572161
vt 0.014974 0.597131
vt 0.000901 0.599120
vt 0.826514 0.873092
vt 0.824734 0.843150
vt 0.836548 0.843567
vt 0.838633 0.875715
vt 0.823158 0.813502
vt 0.834742 0.813409
vt 0.821864 0.784089
vt 0.833140 0.782796
vt 0.820828 0.756884
vt 0.831915 0.756071
vt 0.820218 0.731751
vt 0.831126 0.730284
vt 0.820156 0.709068
vt 0.831097 0.708012
vt 0.712485 0.322738
vt 0.683342 0.323100
vt 0.686628 0.308066
vt 0.717201 0.307705
vt 0.653275 0.323148
vt 0.656142 0.307706
vt 0.691555 0.292282
vt 0.722673 0.292386
vt 0.621109 0.323476
vt 0.621752 0.307964
vt 0.659513 0.291664
vt 0.695632 0.275677
vt 0.727514 0.276196
vt 0.589637 0.323440
vt 0.589792 0.307569
vt 0.624221 0.291392
vt 0.662667 0.274231
vt 0.700626 0.256845
vt 0.733021 0.258376
vt 0.558189 0.323728
vt 0.556051 0.307947
vt 0.590123 0.290811
vt 0.625709 0.273489
vt 0.666688 0.254564
vt 0.704645 0.237658
vt 0.737431 0.240126
vt 0.529201 0.323604
vt 0.526725 0.307749
vt 0.555508 0.290954
vt 0.590455 0.272286
vt 0.628667 0.252755
vt 0.669992 0.233977
vt 0.709407 0.215460
vt 0.742386 0.219611
vt 0.502157 0.323886
vt 0.497528 0.308336
vt 0.524116 0.291010
vt 0.553833 0.272474
vt 0.591662 0.251007
vt 0.630835 0.231236
vt 0.674294 0.210430
vt 0.712895 0.193534
vt 0.745823 0.199066
vt 0.494314 0.291630
vt 0.521562 0.272485
vt 0.553752 0.250833
vt 0.592737 0.228367
vt 0.634276 0.205937
vt 0.677471 0.186541
vt 0.716737 0.168981
vt 0.749524 0.176543
vt 0.490002 0.273485
vt 0.519650 0.251159
vt 0.553214 0.228289
vt 0.595015 0.202255
vt 0.636755 0.180734
vt 0.681383 0.160281
vt 0.718937 0.145294
vt 0.751246 0.154372
vt 0.518085 0.228548
vt 0.554326 0.201562
vt 0.596843 0.175734
vt 0.640394 0.152420
vt 0.683505 0.134575
vt 0.720580 0.120028
vt 0.752451 0.131035
vt 0.517698 0.202303
vt 0.555072 0.175037
vt 0.600021 0.146478
vt 0.642827 0.125348
vt 0.685838 0.107820
vt 0.517649 0.175692
vt 0.557584 0.145122
vt 0.602260 0.118281
vt 0.645750 0.096918
vt 0.685875 0.083105
vt 0.720432 0.096478
vt 0.519228 0.146151
vt 0.559636 0.116805
vt 0.605720 0.089093
vt 0.647403 0.071218
vt 0.685993 0.059774
vt 0.718832 0.073530
vt 0.520966 0.117762
vt 0.563246 0.087145
vt 0.607835 0.062908
vt 0.648905 0.047182
vt 0.524682 0.088156
vt 0.566509 0.060649
vt 0.611226 0.038364
vt 0.528290 0.061717
vt 0.570906 0.035844
vt 0.487660 0.092058
vt 0.492287 0.065735
vt 0.534298 0.036664
vt 0.499758 0.040945
vt 0.787600 0.203683
vt 0.785796 0.170296
vt 0.798739 0.171021
vt 0.801272 0.206100
vt 0.784436 0.137993
vt 0.797056 0.138347
vt 0.811870 0.173198
vt 0.814866 0.209071
vt 0.783063 0.106079
vt 0.795138 0.104897
vt 0.809549 0.139228
vt 0.825038 0.174287
vt 0.828716 0.211012
vt 0.782185 0.077195
vt 0.794118 0.076328
vt 0.807256 0.105455
vt 0.822260 0.139626
vt 0.839193 0.175940
vt 0.843498 0.213453
vt 0.781365 0.050163
vt 0.792948 0.048161
vt 0.805772 0.075744
vt 0.819386 0.105015
vt 0.835785 0.140698
vt 0.852839 0.176690
vt 0.857814 0.214474
vt 0.781383 0.026069
vt 0.793015 0.024651
vt 0.804460 0.047717
vt 0.817656 0.075100
vt 0.832368 0.105643
vt 0.848995 0.141053
vt 0.867825 0.177788
vt 0.873333 0.215848
vt 0.804354 0.023241
vt 0.815994 0.046382
vt 0.830206 0.075176
vt 0.844960 0.105652
vt 0.863315 0.142029
vt 0.881824 0.177825
vt 0.887950 0.215556
vt 0.815911 0.022020
vt 0.828291 0.046387
vt 0.842577 0.075043
vt 0.858835 0.106459
vt 0.876889 0.142035
vt 0.897158 0.178245
vt 0.903737 0.215749
vt 0.828087 0.021478
vt 0.840327 0.045933
vt 0.856009 0.075668
vt 0.871909 0.106636
vt 0.891707 0.142944
vt 0.911472 0.177844
vt 0.918394 0.214311
vt 0.840118 0.021062
vt 0.853570 0.046542
vt 0.868842 0.075886
vt 0.886314 0.107684
vt 0.905683 0.142841
vt 0.926759 0.177482
vt 0.933924 0.213077
vt 0.853229 0.021391
vt 0.866078 0.046744
vt 0.882941 0.077086
vt 0.900014 0.108260
vt 0.920774 0.143663
vt 0.940856 0.176248
vt 0.947824 0.209726
vt 0.923900 0.247403
vt 0.939479 0.244700
vt 0.865750 0.021706
vt 0.880017 0.048107
vt 0.896443 0.077894
vt 0.914846 0.109649
vt 0.934598 0.143144
vt 0.953638 0.240676
vt 0.879573 0.023005
vt 0.893420 0.049234
vt 0.911171 0.079891
vt 0.928907 0.110684
vt 0.893000 0.024298
vt 0.908094 0.051532
vt 0.925042 0.081301
vt 0.907649 0.026826
vt 0.922158 0.053846
vt 0.893197 0.000037
vt 0.907908 0.002803
vt 0.921656 0.029367
vt 0.922054 0.005821
vt 0.614787 0.528490
vt 0.592951 0.514672
vt 0.596305 0.495861
vt 0.618717 0.507152
vt 0.601471 0.475632
vt 0.623788 0.483083
vt 0.607336 0.453095
vt 0.628099 0.457284
vt 0.612556 0.428377
vt 0.630598 0.429142
vt 0.613509 0.400382
vt 0.630538 0.400684
vt 0.852416 0.785939
vt 0.842322 0.758249
vt 0.859291 0.752674
vt 0.872452 0.779271
vt 0.875169 0.743330
vt 0.891054 0.767181
vt 0.891181 0.731959
vt 0.906966 0.751417
vt 0.906545 0.717092
vt 0.921609 0.731066
vt 0.920808 0.698512
vt 0.934224 0.709113
vt 0.918956 0.767297
vt 0.933282 0.744909
vt 0.933571 0.679341
vt 0.945287 0.687861
vt 0.945368 0.720588
vt 0.918148 0.689310
vt 0.930052 0.669352
vt 0.947213 0.660189
vt 0.954290 0.667052
vt 0.957008 0.695068
vt 0.962183 0.642854
vt 0.963225 0.647281
vt 0.963328 0.671592
vt 0.969982 0.650646
vt 0.976562 0.635117
vt 0.980915 0.633988
vt 0.293705 0.013542
vt 0.308284 0.000049
vt 0.324243 0.005003
vt 0.309229 0.022673
vt 0.339145 0.017084
vt 0.324971 0.034230
vt 0.352581 0.033175
vt 0.339469 0.047353
vt 0.364988 0.051956
vt 0.352215 0.061137
vt 0.375344 0.071074
vt 0.363800 0.078415
vt 0.384680 0.090707
vt 0.375893 0.094026
vt 0.343114 0.060312
vt 0.354825 0.079947
vt 0.392195 0.107995
vt 0.387245 0.110373
vt 0.452279 0.000051
vt 0.475815 0.002936
vt 0.467653 0.016645
vt 0.446505 0.009348
vt 0.458433 0.028658
vt 0.440482 0.020296
vt 0.447738 0.039805
vt 0.432690 0.031574
vt 0.436362 0.050455
vt 0.424010 0.043005
vt 0.424540 0.061807
vt 0.414020 0.054456
vt 0.412111 0.071338
vt 0.404536 0.067645
vt 0.728364 0.730306
vt 0.713108 0.749304
vt 0.702055 0.727099
vt 0.715909 0.711378
vt 0.691857 0.702817
vt 0.703127 0.691123
vt 0.740327 0.710027
vt 0.727459 0.694909
vt 0.683175 0.678624
vt 0.691416 0.670358
vt 0.714379 0.678379
vt 0.753702 0.721877
vt 0.741280 0.746200
vt 0.675272 0.655517
vt 0.682507 0.648788
vt 0.702733 0.659037
vt 0.766606 0.731879
vt 0.753450 0.759207
vt 0.664991 0.634415
vt 0.669709 0.632062
vt 0.688373 0.642490
vt 0.779315 0.738223
vt 0.765525 0.767175
vt 0.028686 0.422998
vt 0.006176 0.428019
vt 0.005183 0.400094
vt 0.023916 0.396968
vt 0.004180 0.370938
vt 0.018984 0.368288
vt 0.046755 0.406715
vt 0.039713 0.385222
vt 0.001140 0.343227
vt 0.014319 0.340351
vt 0.033005 0.360705
vt 0.054393 0.423761
vt 0.033771 0.444712
vt 0.000161 0.315394
vt 0.010219 0.313543
vt 0.028256 0.333994
vt 0.000000 0.289330
vt 0.006770 0.289946
vt 0.020751 0.309536
vt 0.045363 0.355427
vt 0.039989 0.328077
vt 0.013165 0.286684
vt 0.029631 0.304971
vt 0.019486 0.285029
vt 0.632298 0.821839
vt 0.609575 0.803296
vt 0.621691 0.785225
vt 0.642703 0.799415
vt 0.633053 0.764846
vt 0.650143 0.774159
vt 0.645002 0.742549
vt 0.655162 0.747504
vt 0.663807 0.806986
vt 0.670173 0.779033
vt 0.672360 0.750499
vt 0.659665 0.719082
vt 0.671794 0.722546
vt 0.687865 0.750021
vt 0.686101 0.722327
vt 0.676662 0.695154
vt 0.685570 0.695499
vt 0.725949 0.000047
vt 0.745182 0.002505
vt 0.749510 0.017171
vt 0.731998 0.014851
vt 0.750700 0.033203
vt 0.735705 0.030825
vt 0.748709 0.051978
vt 0.739960 0.045387
vt 0.253080 0.215130
vt 0.268586 0.225249
vt 0.259654 0.236504
vt 0.245582 0.225471
vt 0.251234 0.247959
vt 0.238223 0.239046
vt 0.243532 0.259550
vt 0.231643 0.254548
vt 0.235076 0.271613
vt 0.227205 0.272982
vt 0.000000 0.045071
vt 0.012138 0.041346
vt 0.010916 0.059171
vt 0.001507 0.060614
vt 0.024895 0.046218
vt 0.020574 0.061474
vt 0.009433 0.076789
vt 0.002995 0.076268
vt 0.033382 0.055921
vt 0.029267 0.066173
vt 0.016204 0.076862
vt 0.029687 0.032632
vt 0.037490 0.045899
vt 0.044930 0.061768
vt 0.037207 0.072720
vt 0.022316 0.081281
vt 0.034272 0.020155
vt 0.042957 0.036851
vt 0.051554 0.047231
vt 0.028434 0.082351
vt 0.039730 0.010427
vt 0.050544 0.029724
vt 0.044711 0.003379
vt 0.057956 0.023975
vt 0.049280 0.000016
vt 0.065542 0.018313
vt 0.104863 0.000025
vt 0.114052 0.006611
vt 0.100489 0.021327
vt 0.094207 0.017419
vt 0.000000 0.005608
vt 0.021422 0.000032
vt 0.020956 0.012640
vt 0.000652 0.013352
vt 0.019683 0.024847
vt 0.002821 0.021576
vt 0.018385 0.036202
vt 0.005301 0.031383
vt 0.422151 0.032279
vt 0.412063 0.038246
vt 0.410970 0.023155
vt 0.423450 0.018074
vt 0.410078 0.010213
vt 0.422987 0.000012
vt 0.808134 0.526764
vt 0.808134 0.526764
vt 0.808134 0.526764
vt 0.808134 0.526764
vt 0.808134 0.526764
vt 0.808134 0.526764
vt 0.808134 0.526764
vt 0.476577 0.000000
vt 0.816666 0.544894
vn -0.680916 -0.721165 -0.127569
vn -0.771452 -0.592666 -0.231535
vn -0.227489 -0.969037 -0.095998
vn -0.087251 -0.993415 -0.074250
vn -0.932112 -0.281819 -0.227477
vn -0.497483 -0.861127 -0.104747
vn -0.063143 -0.997262 -0.038491
vn -0.001017 -0.999736 -0.022961
vn 0.002607 -0.999657 -0.026070
vn -0.939830 -0.284139 -0.189696
vn -0.846047 -0.507684 -0.162669
vn -0.598964 -0.787540 -0.144997
vn -0.901570 -0.402966 -0.157444
vn -0.819094 -0.505942 -0.270383
vn -0.328385 -0.940738 -0.084708
vn -0.136192 -0.990274 0.028442
vn -0.498823 -0.864543 -0.061166
vn 0.383669 -0.909338 0.160945
vn 0.217318 -0.973835 0.066471
vn 0.003428 -0.993349 0.115090
vn -0.724767 -0.665164 -0.179636
vn 0.814913 -0.530391 0.233669
vn 0.814105 -0.552853 0.177727
vn 0.852914 -0.460795 0.245368
vn 0.812637 -0.546156 0.203309
vn 0.753303 -0.639860 0.152031
vn 0.731116 -0.652082 0.200644
vn 0.489124 -0.838685 0.239511
vn 0.290634 -0.948839 0.123435
vn 0.145295 -0.966795 0.210232
vn 0.031535 -0.996873 0.072460
vn -0.014158 -0.997645 -0.067115
vn 0.059807 -0.997917 0.024193
vn -0.229226 -0.948170 0.220065
vn -0.201295 -0.967185 0.155024
vn -0.558224 -0.795774 0.234796
vn -0.601664 -0.725633 0.333853
vn -0.425033 -0.821643 0.379802
vn -0.023272 -0.999028 0.037428
vn -0.792053 -0.537366 0.289636
vn -0.653475 -0.649137 0.389349
vn -0.749049 -0.582123 0.316320
vn -0.294849 -0.900804 0.318774
vn 0.344169 -0.885409 0.312409
vn -0.302536 -0.806234 0.508388
vn -0.367596 -0.906631 0.207108
vn 0.312344 -0.946099 0.085668
vn -0.090589 -0.993285 0.071957
vn 0.743216 -0.669028 -0.005604
vn 0.687789 -0.720245 -0.090518
vn 0.666646 -0.745196 0.016290
vn 0.311443 -0.948212 -0.062426
vn 0.852213 -0.521401 0.043300
vn 0.512965 -0.799932 -0.311409
vn 0.856542 -0.455316 -0.242945
vn 0.284413 -0.939983 -0.188524
vn 0.486000 -0.873902 -0.009971
vn 0.784436 -0.292176 -0.547077
vn 0.761658 -0.399197 -0.510411
vn 0.843513 -0.146012 -0.516882
vn 0.703883 -0.541517 -0.459684
vn 0.087436 -0.989390 -0.116031
vn 0.196331 -0.964456 -0.176858
vn 0.865141 0.024310 -0.500940
vn 0.632138 -0.662268 -0.402248
vn 0.850557 -0.047901 -0.523697
vn 0.617189 -0.677308 -0.400414
vn 0.056003 -0.996451 -0.062838
vn 0.048836 -0.995739 -0.078219
vn 0.825363 0.043511 -0.562924
vn 0.664657 -0.593457 -0.453916
vn 0.850171 -0.129830 -0.510249
vn 0.772423 -0.397334 -0.495469
vn 0.163304 -0.979191 -0.120488
vn 0.102116 -0.991846 -0.076250
vn 0.897298 -0.250535 -0.363440
vn 0.867162 -0.172219 -0.467301
vn 0.695638 -0.675711 -0.243930
vn 0.834794 -0.121781 -0.536925
vn 0.579629 -0.701574 -0.414516
vn 0.355538 -0.908176 -0.220928
vn 0.398863 -0.891695 -0.213985
vn 0.780754 -0.272951 -0.562069
vn -0.020532 -0.997301 -0.070498
vn 0.553632 -0.709345 -0.436259
vn 0.786014 -0.301895 -0.539482
vn 0.804676 -0.293214 -0.516258
vn -0.437458 -0.897926 0.048584
vn -0.133154 -0.983952 -0.118775
vn -0.758632 -0.618136 0.205879
vn -0.626948 -0.751031 0.207095
vn -0.367644 -0.929898 0.011287
vn 0.320992 -0.828072 -0.459631
vn -0.849106 -0.425142 0.313486
vn -0.813262 -0.432618 0.389162
vn -0.878401 -0.460461 0.128016
vn -0.725294 -0.591618 0.352046
vn -0.520575 -0.703798 0.483395
vn -0.600644 -0.681772 0.417628
vn -0.733537 -0.679626 0.005684
vn -0.423793 -0.895418 0.136481
vn -0.640671 -0.760022 -0.109121
vn -0.187270 -0.982190 0.015272
vn -0.043321 -0.998318 -0.038535
vn -0.244470 -0.954677 0.169782
vn -0.467289 -0.877625 -0.106846
vn -0.070842 -0.997396 -0.013518
vn -0.455724 -0.879876 -0.134659
vn -0.022761 -0.999283 -0.030269
vn -0.009081 -0.998908 -0.045831
vn -0.013195 -0.998762 -0.047960
vn -0.398896 -0.912224 -0.093430
vn -0.008991 -0.999224 -0.038360
vn -0.456987 -0.886815 -0.068724
vn -0.008741 -0.999135 -0.040660
vn -0.002833 -0.999254 -0.038509
vn -0.005362 -0.999045 -0.043359
vn -0.427604 -0.902182 -0.056770
vn -0.029125 -0.997573 -0.063245
vn -0.000062 -0.999482 -0.032196
vn 0.009155 -0.999791 -0.018274
vn 0.006973 -0.999604 -0.027281
vn 0.010898 -0.999900 -0.009070
vn 0.014172 -0.999882 -0.005858
vn 0.012106 -0.999797 -0.016123
vn 0.009645 -0.999586 -0.027100
vn -0.039058 -0.999179 -0.010718
vn -0.538159 -0.793857 -0.283153
vn -0.309045 -0.936295 -0.166860
vn 0.015245 -0.999881 0.002234
vn -0.634824 -0.763497 -0.118620
vn -0.130145 -0.953545 0.271686
vn -0.160248 -0.961274 0.224215
vn -0.237580 -0.970403 0.043292
vn 0.560985 -0.784626 0.263927
vn 0.578550 -0.808193 0.110024
vn 0.425097 -0.901473 0.081479
vn 0.213056 -0.965617 0.148964
vn -0.143294 -0.989506 0.018595
vn -0.033648 -0.994536 -0.098821
vn -0.012310 -0.999737 -0.019374
vn -0.197585 -0.978444 0.060065
vn 0.155323 -0.985242 -0.071925
vn -0.161707 -0.955023 0.248562
vn -0.017070 -0.995752 0.090482
vn 0.206792 -0.976192 -0.065468
vn 0.064208 -0.936234 0.345461
vn 0.404275 -0.903274 0.143728
vn 0.067285 -0.997701 0.008062
vn 0.055487 -0.994961 0.083508
vn 0.315932 -0.948372 0.027873
vn 0.037432 -0.986562 0.159040
vn -0.078513 -0.945214 0.316869
vn 0.000729 -0.999840 0.017863
vn -0.104655 -0.993033 -0.054161
vn -0.044379 -0.969711 -0.240192
vn 0.001022 -0.949960 -0.312369
vn -0.077915 -0.996958 -0.001895
vn -0.018600 -0.999827 0.000477
vn -0.022269 -0.999715 -0.008589
vn -0.021351 -0.999753 -0.006264
vn -0.016512 -0.999851 0.005121
vn -0.025422 -0.999533 -0.016945
vn -0.027975 -0.999311 -0.024410
vn -0.029418 -0.999255 -0.024972
vn -0.025717 -0.999541 -0.016037
vn -0.029924 -0.999053 -0.031584
vn -0.030851 -0.998812 -0.037712
vn -0.034507 -0.998695 -0.037661
vn -0.032598 -0.998935 -0.032648
vn 0.002097 -0.998957 -0.045605
vn 0.092747 -0.990471 -0.101813
vn -0.035296 -0.998450 -0.043043
vn -0.035035 -0.998563 -0.040552
vn 0.403811 -0.871571 -0.278029
vn 0.732440 -0.497730 -0.464539
vn 0.406757 -0.876998 -0.255779
vn 0.028185 -0.996536 -0.078235
vn 0.457285 -0.673361 -0.580926
vn -0.216437 -0.889266 -0.402941
vn -0.149056 -0.803481 -0.576368
vn 0.130341 -0.855340 -0.501403
vn -0.331209 -0.940938 0.070255
vn -0.433569 -0.757955 0.487363
vn -0.475140 -0.841490 0.257172
vn -0.014508 -0.892967 -0.449889
vn -0.254867 -0.930671 0.262478
vn -0.015035 -0.998421 -0.054128
vn -0.011369 -0.998364 -0.056038
vn -0.367075 -0.885270 0.285574
vn -0.011013 -0.998507 -0.053503
vn -0.006573 -0.998635 -0.051825
vn -0.003617 -0.998451 -0.055521
vn -0.007009 -0.998363 -0.056758
vn -0.002615 -0.998842 -0.048032
vn 0.001053 -0.999104 -0.042319
vn 0.003039 -0.998940 -0.045936
vn -0.000607 -0.998638 -0.052178
vn 0.004242 -0.999370 -0.035251
vn 0.006634 -0.999287 -0.037182
vn 0.014217 -0.999800 -0.014083
vn 0.010787 -0.999590 -0.026517
vn 0.017046 -0.999848 -0.003651
vn 0.018051 -0.999835 -0.002055
vn 0.013688 -0.999831 -0.012273
vn 0.009392 -0.999631 -0.025470
vn 0.019021 -0.999812 0.003868
vn -0.159083 -0.986895 -0.027044
vn -0.024891 -0.999554 0.016485
vn 0.021145 -0.999765 0.004830
vn -0.046681 -0.990090 0.132445
vn -0.250684 -0.963810 0.090704
vn -0.266287 -0.963513 0.027109
vn -0.012097 -0.997459 0.070203
vn 0.012022 -0.999774 -0.017537
vn 0.354405 -0.933620 0.052447
vn 0.260952 -0.963672 0.056930
vn 0.003675 -0.999617 0.027415
vn -0.102954 -0.990682 0.089161
vn 0.024033 -0.995497 0.091696
vn 0.023316 -0.997373 0.068580
vn -0.017608 -0.998638 0.049111
vn 0.127868 -0.991693 0.013924
vn -0.003409 -0.999925 0.011726
vn -0.005581 -0.999947 0.008697
vn 0.033054 -0.999159 0.024261
vn -0.006317 -0.999879 0.014228
vn -0.008546 -0.999818 0.017079
vn -0.011662 -0.999824 0.014696
vn -0.008950 -0.999894 0.011474
vn -0.010170 -0.999747 0.020059
vn -0.060190 -0.957288 0.282803
vn 0.011731 -0.981969 0.188679
vn -0.012932 -0.999758 0.017784
vn -0.030112 -0.999461 0.013096
vn 0.022855 -0.962816 -0.269191
vn 0.068870 -0.987668 -0.140600
vn 0.101870 -0.994177 0.035139
vn -0.013775 -0.999866 0.008813
vn -0.019770 -0.999798 -0.003687
vn -0.017388 -0.999848 -0.001393
vn -0.011257 -0.999874 0.011188
vn -0.025643 -0.999558 -0.015040
vn -0.030632 -0.999222 -0.024857
vn -0.031657 -0.999219 -0.023649
vn -0.024848 -0.999591 -0.014160
vn -0.034811 -0.998895 -0.031589
vn -0.037963 -0.998664 -0.035043
vn -0.041576 -0.998644 -0.031339
vn -0.037223 -0.998904 -0.028381
vn -0.039399 -0.998513 -0.037672
vn -0.038839 -0.998467 -0.039425
vn -0.042537 -0.998536 -0.033428
vn -0.043677 -0.998485 -0.033455
vn -0.037932 -0.998478 -0.040037
vn 0.032207 -0.995461 -0.089557
vn -0.037457 -0.998750 -0.033088
vn -0.040778 -0.998626 -0.032926
vn -0.037877 -0.985860 -0.163234
vn -0.030295 -0.957922 -0.285424
vn -0.009577 -0.998242 -0.058491
vn -0.029726 -0.998949 -0.034900
vn 0.211071 -0.900613 -0.379929
vn -0.213471 -0.976821 0.015828
vn -0.016222 -0.997789 -0.064448
vn 0.236202 -0.946975 -0.217823
vn -0.335681 -0.922042 0.192761
vn -0.005659 -0.998444 -0.055483
vn 0.000817 -0.998576 -0.053335
vn -0.268152 -0.957677 0.104644
vn -0.001472 -0.998333 -0.057699
vn 0.001097 -0.998386 -0.056790
vn 0.006672 -0.998362 -0.056824
vn 0.004773 -0.998367 -0.056925
vn 0.002303 -0.998537 -0.054020
vn 0.004037 -0.998812 -0.048558
vn 0.006083 -0.998788 -0.048845
vn 0.006901 -0.998528 -0.053796
vn 0.007170 -0.999225 -0.038712
vn 0.006505 -0.999215 -0.039082
vn 0.011869 -0.999869 -0.010997
vn 0.007145 -0.999690 -0.023850
vn 0.017918 -0.999839 -0.001179
vn 0.016355 -0.999866 -0.000762
vn 0.009399 -0.999901 -0.010507
vn 0.004986 -0.999744 -0.022091
vn 0.022463 -0.999736 0.004815
vn 0.023518 -0.999708 0.005648
vn 0.024245 -0.999702 0.002815
vn 0.022041 -0.999749 0.003924
vn 0.021745 -0.999756 0.003879
vn -0.122948 -0.991648 0.038953
vn -0.016726 -0.999508 0.026531
vn 0.023353 -0.999727 0.000118
vn -0.003925 -0.992047 0.125807
vn 0.116896 -0.990160 0.076933
vn 0.030869 -0.999042 0.031027
vn 0.005013 -0.997903 0.064525
vn 0.005184 -0.999986 0.000471
vn 0.000963 -0.999999 0.001480
vn -0.000313 -0.999998 -0.001915
vn 0.004584 -0.999985 -0.003129
vn -0.003506 -0.999989 0.003177
vn -0.007834 -0.999954 0.005544
vn -0.009899 -0.999948 0.002392
vn -0.005399 -0.999985 -0.000215
vn -0.011455 -0.999897 0.008620
vn -0.013634 -0.999830 0.012438
vn -0.013851 -0.999851 0.010344
vn -0.012839 -0.999899 0.006117
vn -0.014003 -0.999777 0.015830
vn 0.018149 -0.997792 0.063893
vn -0.014691 -0.999757 0.016444
vn -0.014493 -0.999789 0.014541
vn 0.073142 -0.996646 0.036694
vn 0.035638 -0.999236 -0.016066
vn -0.010384 -0.999839 0.014618
vn -0.013322 -0.999779 0.016261
vn -0.009314 -0.999886 0.011925
vn -0.013558 -0.999908 0.000156
vn -0.007763 -0.999970 0.000285
vn -0.006600 -0.999929 0.009940
vn -0.021760 -0.999678 -0.013086
vn -0.030952 -0.999303 -0.020854
vn -0.028609 -0.999449 -0.016843
vn -0.016895 -0.999800 -0.010713
vn -0.038935 -0.998944 -0.024403
vn -0.044855 -0.998629 -0.026978
vn -0.046745 -0.998658 -0.022323
vn -0.039319 -0.999018 -0.020439
vn -0.047453 -0.998492 -0.027601
vn -0.046089 -0.998587 -0.026471
vn -0.049334 -0.998598 -0.019218
vn -0.050362 -0.998502 -0.021383
vn -0.043101 -0.998755 -0.025136
vn -0.039117 -0.998940 -0.024253
vn -0.040367 -0.999075 -0.014840
vn -0.045118 -0.998843 -0.016676
vn -0.030913 -0.999194 -0.025593
vn -0.018745 -0.999366 -0.030261
vn -0.018154 -0.999634 -0.020051
vn -0.031647 -0.999378 -0.015542
vn 0.088286 -0.983901 -0.155384
vn -0.069134 -0.987174 -0.143900
vn -0.050915 -0.993757 -0.099272
vn 0.000064 -0.997413 -0.071879
vn -0.156142 -0.987724 -0.004465
vn 0.007771 -0.998709 -0.050201
vn 0.014618 -0.998838 -0.045933
vn -0.053486 -0.997287 -0.050573
vn 0.011299 -0.998425 -0.054945
vn 0.012376 -0.998358 -0.055929
vn 0.018009 -0.998377 -0.054022
vn 0.017916 -0.998484 -0.052051
vn 0.011575 -0.998545 -0.052660
vn 0.008779 -0.998860 -0.046918
vn 0.011220 -0.998968 -0.044017
vn 0.015493 -0.998588 -0.050806
vn 0.006191 -0.999277 -0.037505
vn 0.006231 -0.999405 -0.033912
vn 0.005484 -0.999940 -0.009483
vn 0.003092 -0.999799 -0.019837
vn 0.012890 -0.999917 -0.000118
vn 0.388541 -0.881396 -0.268659
vn 0.403212 -0.893963 -0.195578
vn 0.413091 -0.903122 -0.117159
vn 0.019897 -0.999799 0.002524
vn 0.023601 -0.999721 0.000220
vn 0.345336 -0.836127 -0.426188
vn 0.376515 -0.857548 -0.350496
vn 0.023921 -0.999710 -0.002953
vn 0.020748 -0.999768 -0.005782
vn 0.217248 -0.801732 -0.556803
vn 0.290047 -0.813507 -0.504063
vn 0.015775 -0.999848 -0.007361
vn 0.010118 -0.999920 -0.007660
vn 0.026035 -0.787522 -0.615736
vn 0.125643 -0.790709 -0.599161
vn 0.004180 -0.999967 -0.006966
vn -0.001463 -0.999985 -0.005358
vn -0.175642 -0.798787 -0.575403
vn -0.082520 -0.794206 -0.602019
vn -0.007053 -0.999970 -0.003156
vn -0.011170 -0.999938 -0.000203
vn -0.359945 -0.786147 -0.502407
vn -0.274187 -0.792034 -0.545439
vn -0.013094 -0.999907 0.003846
vn -0.014623 -0.999857 0.008503
vn -0.483177 -0.800041 -0.355633
vn -0.433998 -0.788338 -0.436083
vn -0.016143 -0.999786 0.012964
vn -0.016051 -0.999754 0.015318
vn -0.537556 -0.823544 -0.181135
vn -0.519734 -0.810987 -0.268659
vn -0.013909 -0.999798 0.014515
vn -0.009498 -0.999890 0.011356
vn -0.537867 -0.842860 -0.016948
vn -0.537725 -0.837882 -0.093839
vn -0.004163 -0.999972 0.006180
vn -0.003625 -0.999994 0.000059
vn -0.493784 -0.858195 0.140280
vn -0.522273 -0.850130 0.067151
vn -0.012420 -0.999900 -0.006705
vn -0.025939 -0.999586 -0.012471
vn -0.426263 -0.863367 0.269995
vn -0.460701 -0.861819 0.212186
vn -0.038698 -0.999122 -0.016062
vn -0.048148 -0.998700 -0.016748
vn -0.356523 -0.853707 0.379572
vn -0.392391 -0.858511 0.330132
vn -0.052866 -0.998500 -0.014275
vn -0.052348 -0.998572 -0.010629
vn -0.265266 -0.836798 0.478961
vn -0.314758 -0.843820 0.434621
vn -0.047194 -0.998861 -0.006987
vn -0.041070 -0.999146 -0.004605
vn -0.109444 -0.829467 0.547729
vn -0.196841 -0.830231 0.521507
vn -0.031451 -0.999493 -0.005042
vn -0.016011 -0.999824 -0.009755
vn 0.139785 -0.845471 0.515401
vn 0.013881 -0.831592 0.555213
vn -0.003574 -0.999875 -0.015380
vn 0.004750 -0.999760 -0.021389
vn 0.350547 -0.838014 0.418150
vn 0.258260 -0.842122 0.473425
vn 0.014767 -0.999418 -0.030745
vn 0.022268 -0.998913 -0.040947
vn 0.478399 -0.840244 0.255196
vn 0.445617 -0.825894 0.345435
vn 0.024968 -0.998525 -0.048221
vn 0.023428 -0.998421 -0.051056
vn 0.471946 -0.873807 0.117166
vn 0.484157 -0.856598 0.178416
vn 0.018845 -0.998669 -0.048002
vn 0.012549 -0.999118 -0.040084
vn 0.444031 -0.895993 0.005709
vn 0.457501 -0.887271 0.058679
vn 0.006360 -0.999531 -0.029947
vn 0.428865 -0.901534 -0.057543
vn 0.144163 -0.986600 -0.076399
vn 0.161803 -0.985194 -0.056676
vn 0.164617 -0.979634 -0.114975
vn 0.373356 -0.883033 -0.284356
vn 0.444578 -0.865561 -0.230554
vn 0.456869 -0.879454 -0.133531
vn 0.166228 -0.974992 -0.147511
vn 0.171186 -0.964570 -0.200747
vn 0.277716 -0.889078 -0.363888
vn 0.334789 -0.879860 -0.337287
vn 0.150161 -0.958386 -0.242791
vn 0.119790 -0.949089 -0.291343
vn 0.165062 -0.887830 -0.429549
vn 0.226358 -0.884547 -0.407847
vn 0.071845 -0.947291 -0.312214
vn 0.015196 -0.943661 -0.330565
vn 0.023395 -0.879099 -0.476066
vn 0.097077 -0.878421 -0.467924
vn -0.041843 -0.948228 -0.314823
vn -0.091712 -0.947962 -0.304888
vn -0.141027 -0.873449 -0.466045
vn -0.063026 -0.869324 -0.490207
vn -0.136845 -0.949564 -0.282140
vn -0.185341 -0.947106 -0.261990
vn -0.270704 -0.884462 -0.380061
vn -0.220486 -0.873416 -0.434201
vn -0.213263 -0.953352 -0.213631
vn -0.236686 -0.956890 -0.168349
vn -0.354681 -0.895949 -0.267353
vn -0.326045 -0.886321 -0.328831
vn -0.234249 -0.965433 -0.114309
vn -0.232506 -0.970278 -0.067091
vn -0.391180 -0.909476 -0.140828
vn -0.385051 -0.900475 -0.202188
vn -0.208987 -0.977501 -0.028572
vn -0.196809 -0.980442 -0.000209
vn -0.391703 -0.919809 -0.022825
vn -0.405187 -0.910812 -0.079025
vn -0.170569 -0.985038 0.024626
vn -0.163352 -0.985412 0.047741
vn -0.372256 -0.922704 0.100218
vn -0.394386 -0.918065 0.040207
vn -0.150361 -0.986454 0.065579
vn -0.162641 -0.982630 0.089367
vn -0.340224 -0.914648 0.218329
vn -0.363536 -0.916374 0.167630
vn -0.166832 -0.980114 0.107445
vn -0.178658 -0.972845 0.147150
vn -0.286474 -0.906482 0.310199
vn -0.322909 -0.904089 0.279916
vn -0.173334 -0.967944 0.181766
vn -0.161892 -0.959414 0.230904
vn -0.207245 -0.904446 0.372862
vn -0.251313 -0.900737 0.354282
vn -0.125821 -0.957091 0.261047
vn -0.078127 -0.954194 0.288808
vn -0.088307 -0.900121 0.426596
vn -0.154246 -0.899995 0.407698
vn -0.011087 -0.957207 0.289192
vn 0.068541 -0.956770 0.282655
vn 0.106171 -0.905053 0.411835
vn 0.007278 -0.897316 0.441330
vn 0.132777 -0.958339 0.252896
vn 0.193935 -0.954402 0.226948
vn 0.274817 -0.904964 0.324831
vn 0.207010 -0.902935 0.376637
vn 0.235407 -0.956842 0.170400
vn 0.266842 -0.957118 0.112789
vn 0.378841 -0.901354 0.209860
vn 0.348564 -0.897175 0.271255
vn 0.250747 -0.966290 0.058385
vn 0.234206 -0.971935 0.022112
vn 0.442455 -0.887744 0.127059
vn 0.421951 -0.890886 0.168168
vn 0.205076 -0.978719 -0.007311
vn 0.183519 -0.982603 -0.028517
vn 0.487484 -0.872857 0.021905
vn 0.472978 -0.877381 0.080590
vn 0.167453 -0.984980 -0.042124
vn 0.485100 -0.873001 -0.050473
vn 0.852144 -0.328926 -0.407012
vn 0.918075 -0.321410 -0.232020
vn 0.761553 -0.343404 -0.549646
vn 0.772089 -0.345228 -0.533570
vn 0.855343 -0.331380 -0.398216
vn 0.918147 -0.320941 -0.232386
vn 0.667323 -0.361826 -0.650971
vn 0.565091 -0.370459 -0.737179
vn 0.578872 -0.356629 -0.733296
vn 0.678885 -0.355301 -0.642555
vn 0.448735 -0.369186 -0.813842
vn 0.325235 -0.358177 -0.875175
vn 0.332844 -0.332589 -0.882383
vn 0.457846 -0.347486 -0.818310
vn 0.184755 -0.342138 -0.921307
vn 0.036191 -0.326535 -0.944492
vn 0.040196 -0.297131 -0.953990
vn 0.186771 -0.312312 -0.931439
vn -0.124433 -0.314633 -0.941022
vn -0.281304 -0.309759 -0.908250
vn -0.278389 -0.283301 -0.917736
vn -0.124560 -0.286307 -0.950007
vn -0.429499 -0.313128 -0.847043
vn -0.553668 -0.322807 -0.767624
vn -0.553701 -0.294127 -0.779041
vn -0.430342 -0.285571 -0.856303
vn -0.661937 -0.336429 -0.669817
vn -0.748051 -0.353765 -0.561489
vn -0.752344 -0.324723 -0.573178
vn -0.665906 -0.308116 -0.679436
vn -0.817771 -0.372475 -0.438763
vn -0.867448 -0.386397 -0.313418
vn -0.879071 -0.354368 -0.318839
vn -0.826760 -0.342257 -0.446462
vn -0.902448 -0.392501 -0.177569
vn -0.919457 -0.390955 -0.041863
vn -0.933630 -0.356138 -0.038751
vn -0.916520 -0.359145 -0.176086
vn -0.917493 -0.383659 0.104938
vn -0.891429 -0.377196 0.251152
vn -0.907286 -0.334796 0.254449
vn -0.931709 -0.345205 0.112924
vn -0.840082 -0.372760 0.394097
vn -0.768462 -0.369483 0.522444
vn -0.783372 -0.329387 0.527099
vn -0.855670 -0.330047 0.398619
vn -0.678005 -0.366218 0.637333
vn -0.582725 -0.365433 0.725873
vn -0.594015 -0.324976 0.735892
vn -0.689112 -0.326341 0.647014
vn -0.479973 -0.367668 0.796521
vn -0.376796 -0.371853 0.848381
vn -0.384069 -0.326502 0.863648
vn -0.487164 -0.324282 0.810872
vn -0.258426 -0.376276 0.889738
vn -0.114150 -0.379889 0.917962
vn -0.117895 -0.338184 0.933666
vn -0.260385 -0.330732 0.907092
vn 0.065653 -0.384378 0.920838
vn 0.258717 -0.386498 0.885260
vn 0.256887 -0.346790 0.902079
vn 0.067474 -0.344889 0.936215
vn 0.437199 -0.379842 0.815216
vn 0.581545 -0.366017 0.726524
vn 0.584469 -0.328488 0.741951
vn 0.442883 -0.339072 0.829991
vn 0.703671 -0.350956 0.617801
vn 0.787768 -0.337268 0.515433
vn 0.793155 -0.301549 0.529125
vn 0.710080 -0.312991 0.630732
vn 0.846891 -0.324827 0.421026
vn 0.890048 -0.316401 0.328184
vn 0.893590 -0.294636 0.338654
vn 0.853434 -0.294336 0.430136
vn 0.924418 -0.313555 0.217104
vn 0.945629 -0.314323 0.083583
vn 0.947273 -0.306397 0.093775
vn 0.927384 -0.299715 0.223895
vn 0.945912 -0.317538 -0.066481
vn 0.947479 -0.312916 -0.066092
vn 0.875307 -0.284780 -0.390817
vn 0.937467 -0.267976 -0.222139
vn 0.791544 -0.301089 -0.531792
vn 0.812672 -0.252587 -0.525133
vn 0.894132 -0.233494 -0.382110
vn 0.952293 -0.212204 -0.219336
vn 0.698407 -0.309685 -0.645231
vn 0.593689 -0.307797 -0.743502
vn 0.611405 -0.256191 -0.748699
vn 0.717796 -0.260557 -0.645661
vn 0.469609 -0.294441 -0.832329
vn 0.337750 -0.275475 -0.900021
vn 0.347755 -0.216840 -0.912166
vn 0.482295 -0.238902 -0.842803
vn 0.189892 -0.252967 -0.948656
vn 0.039021 -0.235820 -0.971013
vn 0.044746 -0.173979 -0.983732
vn 0.196353 -0.192406 -0.961471
vn -0.125894 -0.223555 -0.966527
vn -0.284463 -0.220240 -0.933046
vn -0.283365 -0.154468 -0.946490
vn -0.123724 -0.159404 -0.979430
vn -0.437115 -0.223449 -0.871207
vn -0.564313 -0.232861 -0.792039
vn -0.568821 -0.168891 -0.804934
vn -0.439436 -0.158075 -0.884256
vn -0.677777 -0.247503 -0.692359
vn -0.767417 -0.266557 -0.583111
vn -0.777859 -0.204499 -0.594236
vn -0.685642 -0.184926 -0.704058
vn -0.843707 -0.286636 -0.453870
vn -0.898158 -0.301961 -0.319581
vn -0.913979 -0.244844 -0.323564
vn -0.857401 -0.226368 -0.462191
vn -0.935411 -0.308959 -0.171906
vn -0.951448 -0.306563 -0.027665
vn -0.967218 -0.253118 -0.020526
vn -0.952186 -0.254424 -0.169147
vn -0.947298 -0.294566 0.125925
vn -0.922186 -0.279599 0.267203
vn -0.933958 -0.222755 0.279469
vn -0.960616 -0.241785 0.136958
vn -0.872721 -0.267533 0.408392
vn -0.798674 -0.262664 0.541413
vn -0.813288 -0.191641 0.549397
vn -0.885969 -0.201254 0.417800
vn -0.701592 -0.257918 0.664265
vn -0.601453 -0.253748 0.757540
vn -0.609291 -0.179148 0.772445
vn -0.712355 -0.185420 0.676882
vn -0.492152 -0.249352 0.834032
vn -0.384387 -0.247001 0.889515
vn -0.385391 -0.163572 0.908140
vn -0.495860 -0.170720 0.851456
vn -0.259220 -0.245724 0.934037
vn -0.110486 -0.247377 0.962599
vn -0.108133 -0.150362 0.982700
vn -0.257119 -0.155409 0.953802
vn 0.076831 -0.248945 0.965465
vn 0.273060 -0.249030 0.929205
vn 0.277660 -0.143753 0.949863
vn 0.082741 -0.145700 0.985863
vn 0.458152 -0.242864 0.855052
vn 0.603013 -0.235449 0.762194
vn 0.608688 -0.138837 0.781168
vn 0.464815 -0.139907 0.874284
vn 0.725522 -0.227339 0.649566
vn 0.808164 -0.224261 0.544590
vn 0.812964 -0.145304 0.563893
vn 0.731022 -0.139860 0.667867
vn 0.866125 -0.225849 0.445891
vn 0.907073 -0.231936 0.351317
vn 0.914600 -0.164630 0.369329
vn 0.872335 -0.154051 0.464005
vn 0.941564 -0.240390 0.235944
vn 0.963529 -0.248884 0.098329
vn 0.976265 -0.184950 0.112700
vn 0.951843 -0.175927 0.251086
vn 0.964957 -0.255911 -0.058027
vn 0.979479 -0.194441 -0.053050
vn 0.912942 -0.174145 -0.369068
vn 0.968360 -0.148072 -0.200882
vn 0.832521 -0.194910 -0.518573
vn 0.852339 -0.130109 -0.506547
vn 0.928975 -0.109298 -0.353638
vn 0.978900 -0.079122 -0.188402
vn 0.736411 -0.202936 -0.645381
vn 0.625408 -0.196974 -0.755028
vn 0.642894 -0.133995 -0.754144
vn 0.755850 -0.138042 -0.640028
vn 0.492652 -0.177976 -0.851833
vn 0.353728 -0.155700 -0.922298
vn 0.365341 -0.096198 -0.925890
vn 0.506325 -0.116929 -0.854378
vn 0.201010 -0.131218 -0.970761
vn 0.046804 -0.112078 -0.992597
vn 0.054457 -0.054041 -0.997053
vn 0.210216 -0.073251 -0.974907
vn -0.123286 -0.096181 -0.987699
vn -0.284979 -0.090304 -0.954271
vn -0.281299 -0.030841 -0.959124
vn -0.118075 -0.037814 -0.992284
vn -0.441740 -0.092886 -0.892322
vn -0.573935 -0.103872 -0.812286
vn -0.573825 -0.041474 -0.817927
vn -0.439436 -0.032221 -0.897696
vn -0.693938 -0.119758 -0.710005
vn -0.789179 -0.138715 -0.598293
vn -0.796408 -0.074306 -0.600177
vn -0.697801 -0.056597 -0.714052
vn -0.871273 -0.158700 -0.464433
vn -0.930190 -0.176805 -0.321693
vn -0.941910 -0.107344 -0.318250
vn -0.880939 -0.091952 -0.464211
vn -0.968969 -0.187194 -0.161423
vn -0.982149 -0.187948 -0.007695
vn -0.993000 -0.118072 0.003016
vn -0.981009 -0.116844 -0.154819
vn -0.972357 -0.175349 0.154191
vn -0.941721 -0.154149 0.298997
vn -0.945300 -0.085427 0.314818
vn -0.979836 -0.106569 0.169012
vn -0.892198 -0.128893 0.432862
vn -0.819778 -0.112563 0.561510
vn -0.821277 -0.031715 0.569647
vn -0.893021 -0.056121 0.446503
vn -0.715841 -0.102419 0.690712
vn -0.608015 -0.095862 0.788117
vn -0.605847 -0.010957 0.795506
vn -0.716945 -0.017615 0.696907
vn -0.490747 -0.086679 0.866980
vn -0.376860 -0.077904 0.922988
vn -0.369374 0.006877 0.929255
vn -0.485658 -0.001682 0.874147
vn -0.246937 -0.066926 0.966718
vn -0.096076 -0.058702 0.993642
vn -0.089567 0.027074 0.995613
vn -0.238628 0.018150 0.970941
vn 0.093869 -0.050627 0.994296
vn 0.287323 -0.046769 0.956691
vn 0.287321 0.039375 0.957025
vn 0.098221 0.035740 0.994523
vn 0.470201 -0.044702 0.881426
vn 0.612843 -0.047921 0.788750
vn 0.607055 0.034707 0.793901
vn 0.466436 0.040026 0.883649
vn 0.732812 -0.054513 0.678244
vn 0.814512 -0.064568 0.576543
vn 0.807843 0.013160 0.589251
vn 0.726015 0.025135 0.687219
vn 0.874553 -0.076837 0.478804
vn 0.919245 -0.089387 0.383404
vn 0.916886 -0.010859 0.399002
vn 0.869736 0.000050 0.493517
vn 0.959389 -0.100738 0.263487
vn 0.986591 -0.110902 0.119744
vn 0.990364 -0.029471 0.135314
vn 0.960194 -0.020354 0.278592
vn 0.991429 -0.124147 -0.040689
vn 0.998525 -0.046646 -0.027799
vn 0.942333 -0.039479 -0.332340
vn 0.987269 -0.007255 -0.158897
vn 0.867875 -0.062307 -0.492859
vn 0.882533 0.006092 -0.470212
vn 0.951119 0.029102 -0.307451
vn 0.988625 0.058860 -0.138408
vn 0.772625 -0.070665 -0.630918
vn 0.657950 -0.065930 -0.750171
vn 0.675254 0.003741 -0.737576
vn 0.789357 -0.002283 -0.613931
vn 0.519132 -0.048775 -0.853301
vn 0.376528 -0.029526 -0.925934
vn 0.393327 0.039693 -0.918541
vn 0.535779 0.021227 -0.844092
vn 0.219814 -0.008143 -0.975508
vn 0.061100 0.009483 -0.998087
vn 0.074681 0.074583 -0.994414
vn 0.236147 0.058783 -0.969938
vn -0.114275 0.025408 -0.993124
vn -0.280009 0.032510 -0.959447
vn -0.273981 0.096267 -0.956905
vn -0.104417 0.089115 -0.990533
vn -0.439143 0.032663 -0.897823
vn -0.575688 0.025195 -0.817281
vn -0.574140 0.092948 -0.813464
vn -0.434672 0.097357 -0.895311
vn -0.703399 0.012366 -0.710688
vn -0.804864 -0.004214 -0.593445
vn -0.809597 0.069647 -0.582839
vn -0.705107 0.083540 -0.704163
vn -0.890979 -0.019739 -0.453615
vn -0.951751 -0.033735 -0.305012
vn -0.956369 0.042694 -0.289027
vn -0.896337 0.056017 -0.439821
vn -0.989331 -0.042232 -0.139428
vn -0.998829 -0.043975 0.020185
vn -0.998851 0.030608 0.036876
vn -0.991694 0.033359 -0.124219
vn -0.981069 -0.032910 0.190843
vn -0.941606 -0.010722 0.336547
vn -0.932613 0.061814 0.355545
vn -0.977115 0.040354 0.208850
vn -0.884495 0.022859 0.465989
vn -0.811338 0.052570 0.582209
vn -0.795755 0.131531 0.591163
vn -0.871340 0.095356 0.481324
vn -0.706272 0.072711 0.704196
vn -0.592274 0.081631 0.801591
vn -0.577700 0.173505 0.797595
vn -0.692246 0.161026 0.703467
vn -0.468934 0.092048 0.878424
vn -0.351165 0.102181 0.930721
vn -0.333849 0.193847 0.922479
vn -0.453245 0.182777 0.872446
vn -0.219743 0.115815 0.968659
vn -0.072908 0.126820 0.989243
vn -0.060955 0.222393 0.973050
vn -0.204203 0.209108 0.956334
vn 0.110479 0.137094 0.984378
vn 0.292137 0.139783 0.946106
vn 0.288838 0.238368 0.927229
vn 0.115286 0.234839 0.965173
vn 0.463078 0.138587 0.875415
vn 0.599158 0.129654 0.790063
vn 0.582191 0.223280 0.781793
vn 0.450313 0.235333 0.861299
vn 0.714823 0.116245 0.689576
vn 0.795706 0.101080 0.597189
vn 0.775385 0.187273 0.603081
vn 0.694763 0.205406 0.689285
vn 0.858743 0.087160 0.504940
vn 0.908187 0.077416 0.411344
vn 0.891994 0.159314 0.423044
vn 0.839948 0.171124 0.514979
vn 0.954079 0.068715 0.291569
vn 0.987475 0.054352 0.148119
vn 0.976876 0.130996 0.168980
vn 0.940468 0.148529 0.305710
vn 0.999578 0.028354 -0.006306
vn 0.995011 0.098202 0.017618
vn 0.954913 0.114829 -0.273781
vn 0.983982 0.148030 -0.099331
vn 0.892931 0.091529 -0.440791
vn 0.898058 0.184476 -0.399325
vn 0.950381 0.209730 -0.229757
vn 0.967678 0.244232 -0.062845
vn 0.803433 0.085070 -0.589286
vn 0.690976 0.091914 -0.717010
vn 0.705480 0.189235 -0.682999
vn 0.814013 0.179521 -0.552409
vn 0.552787 0.109085 -0.826152
vn 0.412149 0.125185 -0.902475
vn 0.436008 0.221999 -0.872132
vn 0.572942 0.206949 -0.793038
vn 0.255963 0.141538 -0.956269
vn 0.091406 0.154126 -0.983814
vn 0.117164 0.245564 -0.962274
vn 0.284589 0.235947 -0.929160
vn -0.094424 0.166426 -0.981523
vn -0.269259 0.172204 -0.947547
vn -0.258981 0.258377 -0.930683
vn -0.075216 0.254591 -0.964119
vn -0.432896 0.174508 -0.884392
vn -0.575431 0.172914 -0.799362
vn -0.573158 0.263314 -0.775987
vn -0.425579 0.261107 -0.866433
vn -0.710281 0.168521 -0.683448
vn -0.815026 0.158439 -0.557341
vn -0.814366 0.255743 -0.520965
vn -0.709808 0.262469 -0.653669
vn -0.900551 0.148281 -0.408680
vn -0.956314 0.135659 -0.258960
vn -0.946342 0.234527 -0.222340
vn -0.895420 0.247080 -0.370370
vn -0.987380 0.126004 -0.095933
vn -0.990473 0.121977 0.063918
vn -0.971817 0.216328 0.093673
vn -0.972558 0.222872 -0.066783
vn -0.962666 0.131079 0.236838
vn -0.912638 0.150811 0.379931
vn -0.881909 0.243667 0.403564
vn -0.938713 0.223806 0.262162
vn -0.844916 0.185888 0.501560
vn -0.764645 0.225054 0.603878
vn -0.724023 0.320099 0.611006
vn -0.808984 0.279532 0.517114
vn -0.660156 0.261877 0.703999
vn -0.548160 0.280479 0.787942
vn -0.509947 0.387210 0.768129
vn -0.620550 0.359174 0.697074
vn -0.421895 0.290999 0.858676
vn -0.303942 0.299714 0.904318
vn -0.271718 0.408320 0.871461
vn -0.388446 0.401844 0.829235
vn -0.176718 0.313803 0.932898
vn -0.040324 0.325350 0.944734
vn -0.023452 0.426621 0.904126
vn -0.152391 0.417992 0.895578
vn 0.127217 0.337523 0.932681
vn 0.287076 0.339655 0.895669
vn 0.278336 0.436321 0.855659
vn 0.130920 0.435831 0.890456
vn 0.436209 0.334584 0.835329
vn 0.560533 0.319752 0.763912
vn 0.530324 0.413504 0.740116
vn 0.412735 0.429641 0.803155
vn 0.668611 0.299257 0.680738
vn 0.747347 0.278932 0.603050
vn 0.709406 0.371316 0.599056
vn 0.632248 0.392232 0.668144
vn 0.813426 0.261102 0.519773
vn 0.867334 0.249571 0.430635
vn 0.831209 0.344672 0.436226
vn 0.775544 0.354320 0.522484
vn 0.917963 0.239047 0.316545
vn 0.957082 0.220315 0.188297
vn 0.923867 0.317035 0.214378
vn 0.882013 0.335886 0.330506
vn 0.980856 0.188256 0.049815
vn 0.954666 0.285233 0.085172
vn 0.933156 0.318588 -0.166499
vn 0.932250 0.361815 0.000224
vn 0.893253 0.291546 -0.342200
vn 0.874281 0.406327 -0.265576
vn 0.898746 0.431546 -0.077611
vn 0.872317 0.482779 0.077374
vn 0.814749 0.291850 -0.501007
vn 0.713406 0.309054 -0.628918
vn 0.708006 0.450477 -0.543873
vn 0.800484 0.420253 -0.427333
vn 0.591319 0.330875 -0.735435
vn 0.463952 0.346974 -0.815082
vn 0.491890 0.491986 -0.718328
vn 0.608535 0.474994 -0.635662
vn 0.319614 0.360690 -0.876213
vn 0.153850 0.369086 -0.916573
vn 0.203092 0.522507 -0.828094
vn 0.361732 0.509846 -0.780517
vn -0.050108 0.373661 -0.926211
vn -0.244889 0.373672 -0.894650
vn -0.218697 0.521133 -0.824980
vn -0.003157 0.525726 -0.850648
vn -0.418999 0.378472 -0.825348
vn -0.568983 0.385210 -0.726548
vn -0.548717 0.543028 -0.635634
vn -0.398996 0.529365 -0.748716
vn -0.706664 0.386734 -0.592506
vn -0.805956 0.379070 -0.454687
vn -0.773456 0.525830 -0.353933
vn -0.678470 0.541201 -0.496770
vn -0.879053 0.369606 -0.301095
vn -0.920849 0.353015 -0.165585
vn -0.869238 0.485761 -0.091990
vn -0.835197 0.508299 -0.209946
vn -0.941090 0.337562 -0.020047
vn -0.935784 0.325546 0.135379
vn -0.876231 0.444957 0.185022
vn -0.885408 0.463603 0.033551
vn -0.894737 0.329720 0.301215
vn -0.830398 0.349350 0.434044
vn -0.753611 0.462035 0.467541
vn -0.828900 0.443755 0.340599
vn -0.747830 0.389231 0.537820
vn -0.659438 0.432962 0.614561
vn -0.569103 0.551894 0.609536
vn -0.662259 0.503256 0.555109
vn -0.554102 0.473128 0.684924
vn -0.447725 0.503914 0.738656
vn -0.365904 0.619183 0.694785
vn -0.472406 0.589935 0.654835
vn -0.330267 0.527387 0.782807
vn -0.224008 0.533122 0.815844
vn -0.164371 0.662720 0.730605
vn -0.257129 0.649342 0.715710
vn -0.115572 0.535367 0.836675
vn -0.000147 0.536964 0.843605
vn 0.022169 0.648500 0.760892
vn -0.080643 0.657042 0.749528
vn 0.141110 0.543709 0.827326
vn 0.267112 0.543393 0.795849
vn 0.249519 0.654674 0.713542
vn 0.147413 0.652374 0.743423
vn 0.382941 0.536308 0.752151
vn 0.488368 0.520421 0.700470
vn 0.431269 0.635964 0.639966
vn 0.337374 0.649299 0.681608
vn 0.581443 0.501561 0.640594
vn 0.651359 0.483717 0.584594
vn 0.564101 0.612260 0.554011
vn 0.507099 0.625307 0.593162
vn 0.718030 0.465472 0.517464
vn 0.776815 0.453353 0.437069
vn 0.702019 0.562686 0.436525
vn 0.627682 0.589738 0.508158
vn 0.829024 0.444072 0.339882
vn 0.869952 0.431240 0.239199
vn 0.791556 0.552031 0.262109
vn 0.757539 0.552139 0.348250
vn 0.904836 0.405739 0.129023
vn 0.825324 0.534584 0.181825
vn 0.815656 0.577104 0.040696
vn 0.776580 0.603230 0.181759
vn 0.808341 0.571623 -0.140827
vn 0.660861 0.745065 0.090224
vn 0.611159 0.780487 0.131622
vn 0.648607 0.707558 0.280484
vn 0.748416 0.595656 -0.291663
vn 0.679786 0.618749 -0.393751
vn 0.626952 0.758395 -0.178234
vn 0.657729 0.752944 -0.021629
vn 0.611153 0.636853 -0.470010
vn 0.512701 0.658209 -0.551270
vn 0.510099 0.802438 -0.309666
vn 0.579080 0.778868 -0.240896
vn 0.396375 0.683275 -0.613206
vn 0.257789 0.708406 -0.657043
vn 0.285151 0.867573 -0.407439
vn 0.421798 0.830354 -0.364142
vn 0.058896 0.728042 -0.682998
vn -0.163614 0.730294 -0.663250
vn -0.050743 0.948211 -0.313561
vn 0.090501 0.931364 -0.352662
vn -0.351966 0.738139 -0.575561
vn -0.486774 0.744433 -0.457023
vn -0.362211 0.908679 -0.207618
vn -0.180874 0.943264 -0.278456
vn -0.601851 0.733292 -0.316319
vn -0.685837 0.700616 -0.196886
vn -0.518753 0.854842 0.011858
vn -0.465674 0.882894 -0.060380
vn -0.744608 0.663068 -0.076809
vn -0.773171 0.634076 0.012415
vn -0.624792 0.766658 0.147886
vn -0.572762 0.817242 0.063715
vn -0.779307 0.613214 0.129034
vn -0.760159 0.595162 0.260654
vn -0.545013 0.746464 0.381776
vn -0.592939 0.749541 0.294298
vn -0.701560 0.591865 0.396874
vn -0.624892 0.600921 0.498403
vn -0.421398 0.748716 0.511712
vn -0.461741 0.772948 0.435139
vn -0.530505 0.631336 0.565668
vn -0.444398 0.668148 0.596732
vn -0.301714 0.758945 0.577036
vn -0.367458 0.772951 0.517225
vn -0.352112 0.711732 0.607828
vn -0.247307 0.741695 0.623480
vn -0.070035 0.858162 0.508580
vn -0.180661 0.815894 0.549253
vn -0.148101 0.771968 0.618168
vn -0.086327 0.784469 0.614131
vn 0.003276 0.876013 0.482277
vn -0.038723 0.886673 0.460773
vn -0.030590 0.785449 0.618170
vn 0.048158 0.775901 0.629014
vn 0.080518 0.913636 0.398481
vn 0.074958 0.903573 0.421826
vn 0.159913 0.775259 0.611066
vn 0.223767 0.776631 0.588874
vn 0.189851 0.877577 0.440245
vn 0.125943 0.900111 0.417059
vn 0.276533 0.778385 0.563602
vn 0.343741 0.776799 0.527660
vn 0.221457 0.911648 0.346200
vn 0.226191 0.897063 0.379626
vn 0.385648 0.773724 0.502620
vn 0.423066 0.757996 0.496445
vn 0.259512 0.868857 0.421595
vn 0.190961 0.900287 0.391174
vn 0.482552 0.732235 0.480599
vn 0.565393 0.704440 0.429064
vn 0.278503 0.871972 0.402617
vn 0.266529 0.891631 0.366002
vn 0.635600 0.688180 0.349887
vn 0.677725 0.679166 0.281818
vn 0.528382 0.791454 0.307266
vn 0.400974 0.831755 0.383931
vn 0.715425 0.655942 0.240639
vn 0.585107 0.751941 0.303701
vn 0.234538 0.969596 0.069829
vn 0.471446 0.810509 0.347582
vn 0.439578 0.848000 0.296088
vn 0.331395 0.846352 0.416973
vn -0.202217 0.974853 -0.093644
vn 0.198039 0.917779 0.344183
vn 0.572452 0.759798 0.308231
vn 0.547957 0.831701 0.089538
vn 0.442280 0.822047 0.358647
vn 0.524826 0.648926 0.550866
vn 0.469384 0.882558 0.027739
vn 0.473503 0.880790 0.002245
vn 0.404429 0.866517 0.292550
vn 0.282047 0.915608 0.286551
vn 0.432620 0.900488 -0.044276
vn 0.260750 0.961760 -0.083834
vn 0.174443 0.948915 0.262927
vn 0.436338 0.855526 0.278721
vn -0.012519 0.997292 0.072465
vn 0.070608 0.992274 0.102013
vn 0.162350 0.933053 0.321021
vn -0.185990 0.901252 0.391346
vn 0.110402 0.993653 0.021563
vn -0.176926 0.981847 0.068368
vn 0.042993 0.938053 0.343814
vn 0.404734 0.892484 0.199157
vn -0.306504 0.920469 0.242472
vn -0.296101 0.923327 0.244523
vn -0.066268 0.905694 0.418721
vn -0.147771 0.841319 0.519949
vn -0.291959 0.938037 0.186672
vn -0.404638 0.857144 0.318704
vn -0.137637 0.866190 0.480386
vn 0.054004 0.970230 0.236088
vn -0.347306 0.783103 0.515876
vn -0.263130 0.819595 0.508947
vn -0.054391 0.804157 0.591924
vn -0.131384 0.705619 0.696305
vn -0.120348 0.901033 0.416720
vn -0.173237 0.861229 0.477781
vn 0.030552 0.928828 0.369250
vn 0.160940 0.916559 0.366085
vn -0.189842 0.912328 0.362793
vn -0.127920 0.831836 0.540080
vn 0.082103 0.877958 0.471645
vn -0.018532 0.996876 0.076782
vn 0.066088 0.859511 0.506826
vn 0.134858 0.921072 0.365295
vn 0.267056 0.927479 0.261656
vn 0.295207 0.815086 0.498484
vn 0.036303 0.974990 0.219262
vn 0.117638 0.941108 0.316983
vn 0.254312 0.961964 0.099754
vn 0.052832 0.995449 -0.079304
vn 0.271964 0.944514 0.184198
vn 0.123352 0.988035 0.092581
vn 0.077703 0.993689 -0.080896
vn 0.475697 0.879591 0.005685
vn -0.023589 0.982175 0.186485
vn 0.145791 0.949883 0.276527
vn 0.078305 0.992823 0.090390
vn -0.277682 0.960660 0.005107
vn 0.245315 0.959947 0.135360
vn 0.101991 0.984808 0.140537
vn 0.048486 0.998794 0.007787
vn 0.310442 0.946568 -0.087382
vn -0.046234 0.949918 0.309062
vn 0.084273 0.948017 0.306859
vn -0.100411 0.988983 0.108765
vn -0.274339 0.929936 0.244861
vn 0.045801 0.996800 0.065519
vn -0.052031 0.947146 0.316555
vn -0.166864 0.927028 0.335821
vn -0.072237 0.960987 -0.266992
vn 0.104497 0.874736 0.473199
vn 0.331304 0.876423 0.349457
vn 0.107593 0.906989 0.407179
vn -0.081740 0.794054 0.602326
vn 0.435415 0.820711 0.369930
vn 0.241462 0.869533 0.430823
vn -0.654429 0.716008 -0.243012
vn -0.318092 0.935570 0.153380
vn 0.175304 0.763456 0.621613
vn 0.104212 0.619791 0.777817
vn -0.825210 0.437426 -0.357333
vn -0.706744 0.688339 -0.163408
vn 0.483546 0.518654 0.705111
vn 0.316377 0.751552 0.578856
vn 0.173358 0.656959 0.733724
vn 0.450673 0.408963 0.793501
vn 0.033897 0.872253 0.487879
vn 0.320185 0.787639 0.526409
vn 0.230033 0.676855 0.699251
vn -0.204071 0.763398 0.612845
vn 0.424028 0.730686 0.535068
vn 0.034310 0.829546 0.557383
vn -0.139572 0.641847 0.754024
vn 0.392963 0.576026 0.716781
vn -0.341057 0.703210 0.623840
vn 0.285853 0.797518 0.531275
vn 0.438889 0.623338 0.647168
vn -0.433107 0.500670 0.749499
vn 0.627195 0.712783 0.313954
vn 0.231418 0.800370 0.553040
vn 0.357972 0.635167 0.684412
vn 0.767285 0.531556 0.358779
vn -0.029911 0.694787 0.718593
vn 0.151850 0.831100 0.534990
vn 0.386709 0.725860 0.568844
vn 0.062709 0.545564 0.835720
vn 0.387435 0.896191 0.216185
vn 0.114657 0.796343 0.593878
vn 0.321815 0.681716 0.657038
vn 0.657642 0.742629 0.126527
vn 0.033447 0.569204 0.821516
vn 0.136089 0.734243 0.665107
vn 0.317707 0.608951 0.726802
vn 0.147156 0.422739 0.894224
vn 0.397401 0.866822 0.301152
vn 0.255696 0.956189 0.142555
vn 0.469299 0.824175 -0.317007
vn 0.596938 0.767623 0.233281
vn 0.150882 0.941952 -0.299934
vn 0.309074 0.878195 0.365029
vn 0.527115 0.824768 0.204713
vn 0.264160 0.721779 -0.639731
vn 0.491755 0.720546 0.488866
vn 0.407523 0.900732 0.150356
vn 0.558423 0.828987 0.030734
vn 0.649151 0.607741 0.457444
vn 0.060026 0.918473 -0.390901
vn 0.384719 0.912263 -0.140596
vn 0.496411 0.752297 -0.433158
vn 0.079607 0.754219 -0.651780
vn 0.628066 0.766444 -0.134526
vn -0.025240 0.966289 -0.256218
vn -0.291833 0.815461 -0.499856
vn 0.719870 0.615447 -0.320954
vn -0.527793 0.836702 -0.146161
vn -0.015091 0.993340 -0.114227
vn -0.122854 0.927872 -0.352079
vn -0.717757 0.647162 -0.256916
vn 0.381470 0.862805 -0.331735
vn 0.011003 0.986933 -0.160756
vn 0.006101 0.905485 -0.424335
vn 0.407939 0.715159 -0.567568
vn -0.474663 0.867278 0.150080
vn -0.291824 0.931113 -0.218788
vn -0.412517 0.721507 -0.556109
vn -0.649100 0.760416 -0.020870
vn -0.237476 0.771991 -0.589606
vn -0.345985 0.861038 0.372704
vn -0.490756 0.717616 0.494151
vn -0.335245 0.551904 -0.763552
vn -0.197752 0.685836 0.700374
vn -0.115188 0.882705 0.455592
vn -0.326718 0.818677 0.472255
vn -0.283686 0.555581 0.781570
vn -0.027638 0.892050 0.451090
vn -0.379414 0.854564 0.354635
vn -0.844304 0.379039 -0.378788
vn -0.824549 0.373274 -0.425188
vn 0.147139 0.556108 0.817982
vn 0.083841 0.527591 0.845351
vn -0.861191 0.408439 -0.302534
vn -0.794448 0.194611 -0.575308
vn 0.395777 0.351611 0.848370
vn 0.014102 0.567345 0.823359
vn -0.175234 0.496691 0.850054
vn 0.309943 0.329699 0.891759
vn -0.375367 0.626977 0.682641
vn 0.180050 0.557919 0.810129
vn 0.141268 0.454918 0.879257
vn -0.475816 0.508126 0.717918
vn 0.327846 0.447798 0.831862
vn -0.340242 0.451535 0.824835
vn -0.524063 0.340419 0.780688
vn 0.253286 0.373061 0.892565
vn -0.476207 0.382406 0.791828
vn 0.519104 0.513412 0.683330
vn 0.524588 0.434754 0.731981
vn -0.497081 0.340540 0.798087
vn 0.813170 0.408180 0.414901
vn 0.414257 0.463775 0.783137
vn 0.394984 0.322803 0.860108
vn 0.788077 0.321229 0.525116
vn 0.157006 0.409574 0.898665
vn 0.640697 0.586854 0.495085
vn 0.838437 0.457396 0.296332
vn 0.262850 0.321445 0.909716
vn 0.822566 0.567165 0.041333
vn 0.476385 0.548580 0.687108
vn 0.551547 0.446765 0.704413
vn 0.893047 0.449778 -0.012914
vn 0.203668 0.307786 0.929402
vn 0.396770 0.445521 0.802549
vn 0.376821 0.345085 0.859606
vn 0.206503 0.240725 0.948371
vn 0.742102 0.641332 0.194878
vn 0.445830 0.483532 -0.753281
vn 0.309912 0.325697 -0.893239
vn 0.813541 0.566809 0.129917
vn 0.287826 0.478103 -0.829803
vn 0.689436 0.724136 0.017450
vn 0.765998 0.627357 -0.140251
vn 0.254118 0.353127 -0.900403
vn 0.749790 0.504946 0.427602
vn 0.712378 0.701531 -0.019274
vn 0.828142 0.550635 0.104793
vn 0.802440 0.436164 0.407248
vn 0.171271 0.558517 -0.811619
vn 0.572410 0.499624 -0.650171
vn 0.596209 0.354721 -0.720213
vn 0.303509 0.448906 -0.840455
vn 0.719502 0.505598 -0.476117
vn -0.550310 0.626993 -0.551397
vn -0.690496 0.518605 -0.504247
vn 0.633167 0.498831 -0.591833
vn -0.800399 0.508084 -0.318139
vn -0.203578 0.792868 -0.574383
vn -0.237730 0.669528 -0.703717
vn -0.823833 0.435006 -0.363413
vn 0.401855 0.538689 -0.740491
vn 0.039869 0.697881 -0.715103
vn 0.211022 0.447261 -0.869153
vn 0.390696 0.430832 -0.813475
vn -0.751602 0.606817 -0.258586
vn -0.437825 0.458813 -0.773175
vn -0.465204 0.319682 -0.825463
vn -0.736454 0.476825 -0.479869
vn -0.368613 0.489667 -0.790159
vn -0.525052 0.624325 0.578393
vn -0.561763 0.549751 0.618221
vn -0.452697 0.509564 -0.731718
vn -0.345175 0.464956 0.815273
vn -0.520824 0.731447 0.440145
vn -0.656762 0.651797 0.379242
vn -0.394080 0.394937 0.829895
vn -0.689420 0.714633 0.118321
vn -0.826038 0.546471 -0.137949
vn -0.876410 0.446040 -0.181530
vn -0.729372 0.128308 -0.671977
vn -0.005008 0.484180 0.874954
vn -0.228028 0.489841 0.841463
vn -0.793537 0.595124 -0.126989
vn -0.633146 0.233608 -0.737939
vn 0.162005 0.319229 0.933728
vn -0.436435 0.442951 0.783147
vn -0.584158 0.412331 0.699101
vn -0.030124 0.266788 0.963284
vn -0.564643 0.403646 0.719895
vn 0.171844 0.353587 0.919481
vn 0.189935 0.318548 0.928683
vn -0.576720 0.424664 0.697893
vn 0.211304 0.342022 0.915627
vn -0.674648 0.303266 0.672963
vn -0.705356 0.317195 0.633924
vn 0.202915 0.303559 0.930955
vn -0.553609 0.319621 0.768999
vn 0.467472 0.344449 0.814140
vn 0.339187 0.361725 0.868393
vn -0.600170 0.373486 0.707322
vn 0.688487 0.216647 0.692134
vn 0.349758 0.211903 0.912561
vn 0.389334 0.230227 0.891860
vn 0.534602 0.215345 0.817207
vn 0.436904 0.286402 0.852695
vn 0.925257 0.377645 0.035833
vn 0.900179 0.415776 -0.129649
vn 0.684463 0.383824 0.619830
vn 0.912857 0.408015 -0.014683
vn 0.569672 0.383217 0.727062
vn 0.549654 0.264184 0.792520
vn 0.906369 0.408358 0.108346
vn 0.199236 0.182290 0.962848
vn 0.411147 0.299632 0.860917
vn 0.471192 0.296845 0.830579
vn 0.232697 0.100060 0.967388
vn 0.830241 0.554445 0.057373
vn 0.260377 0.267036 -0.927845
vn 0.274220 0.330071 -0.903248
vn 0.788414 0.615144 -0.000979
vn 0.247588 0.285145 -0.925955
vn 0.783568 0.557576 -0.274099
vn 0.778201 0.460980 -0.426498
vn 0.235481 0.236300 -0.942715
vn 0.824289 0.396058 0.404582
vn 0.862764 0.446656 0.236933
vn 0.847954 0.400763 0.346935
vn 0.878830 0.375608 0.294241
vn 0.529647 0.438444 -0.726114
vn 0.571692 0.282234 -0.770397
vn 0.559497 0.483713 -0.673042
vn 0.794051 0.498386 -0.347988
vn 0.353156 0.498615 -0.791621
vn -0.767675 0.429809 -0.475332
vn -0.764528 0.441704 -0.469461
vn 0.024680 0.633137 -0.773646
vn -0.810256 0.393893 -0.433974
vn -0.225437 0.580514 -0.782420
vn -0.216525 0.471050 -0.855119
vn -0.774361 0.355936 -0.523139
vn 0.435923 0.375362 -0.817970
vn 0.343871 0.373595 -0.861498
vn 0.419962 0.382129 -0.823170
vn 0.387376 0.346248 -0.854431
vn -0.558086 0.412471 -0.720005
vn -0.552019 0.276014 -0.786824
vn -0.550429 0.516901 -0.655623
vn -0.208172 0.506633 -0.836652
vn -0.658513 0.554130 -0.509215
vn -0.545694 0.466015 0.696454
vn -0.512130 0.428328 0.744485
vn -0.729110 0.674193 -0.117736
vn -0.414577 0.361559 0.835105
vn -0.749760 0.602073 0.274532
vn -0.814026 0.556253 0.167166
vn -0.499829 0.334531 0.798912
vn -0.824250 0.394962 -0.405731
vn -0.727351 0.335672 -0.598569
vn -0.631834 0.772545 -0.062932
vn -0.557202 0.458995 -0.691990
vn -0.373512 0.641822 0.669741
vn -0.396983 0.786988 0.472286
vn -0.567888 0.822751 -0.024191
vn -0.624965 0.642257 -0.443762
vn -0.200489 0.345487 0.916757
vn -0.509145 0.406730 0.758513
vn -0.228963 0.577751 0.783441
vn -0.250788 0.617131 0.745825
vn -0.431074 0.505669 0.747311
vn 0.182992 0.358741 0.915325
vn 0.033335 0.509744 0.859680
vn -0.213816 0.576027 0.788972
vn 0.132108 0.272082 0.953163
vn -0.586118 0.301516 0.752034
vn -0.330220 0.457570 0.825582
vn -0.000222 0.399727 0.916634
vn -0.503629 0.458012 0.732518
vn 0.180183 0.484046 0.856291
vn 0.080226 0.611779 0.786950
vn -0.289417 0.521725 0.802522
vn 0.416381 0.389228 0.821662
vn 0.518372 0.438911 0.733926
vn 0.555004 0.589115 0.587294
vn 0.336387 0.593697 0.731004
vn 0.809451 0.497145 0.312470
vn 0.901288 0.425653 -0.080617
vn 0.899944 0.358624 0.247972
vn 0.848454 0.472533 0.238411
vn 0.839384 0.315939 0.442286
vn 0.482262 0.133235 0.865836
vn 0.399070 0.228693 0.887943
vn 0.686479 0.288842 0.667321
vn 0.314394 0.101151 0.943888
vn 0.563678 0.418716 0.712000
vn 0.597088 0.599715 0.532756
vn 0.419389 0.316166 0.850971
vn 0.721925 0.689861 0.054001
vn 0.379257 0.458107 -0.803929
vn 0.545325 0.667275 -0.507311
vn 0.687150 0.717149 0.116283
vn 0.309002 0.246269 -0.918624
vn 0.742906 0.359192 -0.564864
vn 0.712031 0.439670 -0.547450
vn 0.428692 0.437657 -0.790367
vn 0.930528 0.361978 0.055575
vn 0.887284 0.327136 0.325130
vn 0.919979 0.367758 0.135623
vn 0.908110 0.381164 -0.173348
vn 0.847318 0.529448 0.041682
vn 0.496535 0.764010 -0.411998
vn 0.443951 0.865255 -0.232898
vn 0.790159 0.610656 0.052423
vn -0.074382 0.783899 -0.616417
vn -0.676502 0.463471 -0.572311
vn -0.386894 0.703531 -0.596119
vn 0.065500 0.881707 -0.467229
vn -0.639094 0.297442 -0.709286
vn -0.208730 0.302996 -0.929852
vn -0.157891 0.509769 -0.845699
vn -0.465558 0.481378 -0.742652
vn 0.224980 0.279294 -0.933477
vn 0.353455 0.358501 -0.864029
vn 0.204665 0.590330 -0.780783
vn 0.121539 0.434793 -0.892291
vn 0.009107 0.645911 -0.763359
vn -0.415253 0.828818 -0.375000
vn -0.350805 0.927362 -0.130140
vn -0.049746 0.830753 -0.554414
vn -0.618167 0.754583 0.220168
vn -0.542935 0.418120 0.728284
vn -0.652323 0.515891 0.555276
vn -0.559526 0.796571 0.228923
vn -0.641251 0.330667 0.692427
vn -0.869423 0.491160 0.053539
vn -0.853461 0.516950 0.066079
vn -0.741623 0.378331 0.553951
vn -0.694651 0.410175 -0.590945
vn -0.747275 0.560075 -0.357625
vn -0.895923 -0.217651 -0.387233
vn -0.296357 -0.822102 -0.486129
vn -0.513989 -0.783353 -0.349532
vn -0.141413 -0.974728 0.172937
vn -0.423101 -0.821414 -0.382446
vn 0.044235 -0.965974 -0.254828
vn 0.182890 -0.981924 -0.048748
vn 0.615980 -0.787665 0.012321
vn 0.844000 -0.508568 0.170359
vn 0.818276 -0.556145 0.145351
vn 0.618142 -0.751021 0.232094
vn 0.311801 -0.922864 0.226060
vn -0.072316 -0.950653 0.301712
vn -0.264530 -0.903072 0.338357
vn -0.668570 -0.634413 0.387987
vn -0.641322 -0.633009 0.433595
vn -0.737807 -0.620652 0.265390
vn -0.578150 -0.741915 0.339566
vn -0.397784 -0.915507 0.060127
vn -0.385077 -0.913641 0.130294
vn -0.091554 -0.976554 -0.194832
vn -0.251774 -0.967000 0.039012
vn 0.136448 -0.979950 -0.145188
vn -0.141586 -0.982084 0.124359
vn 0.217671 -0.976022 0.000437
vn -0.093277 -0.965029 0.244987
vn 0.166934 -0.975207 0.145273
vn -0.062435 -0.936323 0.345544
vn -0.003894 -0.974202 0.225643
vn -0.221498 -0.904328 0.364871
vn -0.492845 -0.839077 0.230332
vn -0.491976 -0.806620 0.327602
vn -0.805579 -0.590694 0.046076
vn -0.607005 -0.767308 0.206842
vn -0.894186 -0.415279 -0.167255
vn -0.632482 -0.773002 0.049338
vn -0.906031 -0.347867 -0.241033
vn -0.597252 -0.796974 -0.090126
vn -0.885203 -0.430554 -0.176179
vn -0.555226 -0.814258 -0.169437
vn -0.927200 -0.373795 -0.024023
vn -0.327206 0.934246 0.141848
vn -0.137880 0.968684 0.206498
vn 0.010935 0.911736 0.410632
vn 0.114985 0.921461 0.371064
vn -0.069185 0.820348 0.567664
vn 0.100765 0.851867 0.513974
vn -0.000940 0.760447 0.649399
vn 0.052036 0.861085 0.505791
vn -0.025720 0.740569 0.671488
vn -0.010180 0.868744 0.495157
vn -0.066743 0.780703 0.621328
vn 0.061773 0.880870 0.469310
vn 0.251952 0.772029 0.583516
vn 0.252431 0.872098 0.419194
vn 0.617980 0.678119 0.397813
vn 0.361043 0.832646 0.419938
vn 0.504920 0.550093 0.665172
vn 0.209906 0.787295 0.579746
vn 0.321061 0.656593 0.682499
vn 0.229291 0.875983 0.424357
vn 0.461032 0.852316 0.246996
vn 0.230282 0.958455 0.168326
vn 0.434452 0.839004 -0.327603
vn 0.340984 0.931927 0.123460
vn 0.662086 0.749399 0.006559
vn 0.387521 0.875215 0.289528
vn 0.517678 0.834373 0.189291
vn 0.218756 0.944232 0.246115
vn 0.162448 0.986716 -0.001523
vn 0.022865 0.981434 0.190432
vn -0.129837 0.981071 -0.143676
vn 0.078267 0.989847 0.118651
vn 0.160074 0.962717 -0.218065
vn 0.200799 0.970827 0.131051
vn 0.039497 0.999125 -0.013740
vn 0.021142 0.953992 0.299087
vn -0.266450 0.903595 0.335441
vn -0.118654 0.876643 0.466282
vn -0.531498 0.688315 0.493693
vn -0.209331 0.914797 0.345437
vn -0.563970 0.825795 -0.000321
s 1
g pSphere3
usemtl Maya_Lambert1SG
f 1/899/1 783/900/2 1163/901/3 786/902/4
f 783/1/2 2/2/5 784/3/6 1163/4/3
f 1163/901/3 784/907/6 22/908/7 785/903/8
f 786/902/4 1163/901/3 785/903/8 21/904/9
f 2/2/5 787/7/10 1164/8/11 784/3/6
f 787/7/10 3/12/12 788/13/13 1164/8/11
f 1164/8/11 788/13/13 23/18/14 789/19/15
f 784/907/6 1164/914/11 789/915/15 22/908/7
f 3/12/12 790/16/16 1165/17/17 788/13/13
f 790/1336/16 4/1337/18 791/1338/19 1165/1339/17
f 1165/1339/17 791/1338/19 24/1342/20 792/1343/21
f 788/13/13 1165/17/17 792/22/21 23/18/14
f 4/65/18 793/55/22 1166/58/23 791/66/19
f 793/55/22 5/56/24 794/57/25 1166/58/23
f 1166/58/23 794/57/25 25/63/26 795/64/27
f 791/66/19 1166/58/23 795/64/27 24/72/20
f 5/56/24 796/61/28 1167/62/29 794/57/25
f 796/1193/28 6/1194/30 797/1172/31 1167/1150/29
f 1167/1150/29 797/1172/31 26/1151/32 798/1128/33
f 794/1149/25 1167/1150/29 798/1128/33 25/1127/26
f 6/1194/30 799/1218/34 1168/1195/35 797/1172/31
f 799/92/34 7/86/36 800/87/37 1168/93/35
f 1168/1195/35 800/1219/37 27/1196/38 801/1173/39
f 797/1172/31 1168/1195/35 801/1173/39 26/1151/32
f 7/86/36 802/80/40 1169/83/41 800/87/37
f 802/80/40 8/81/42 803/82/43 1169/83/41
f 1169/1268/41 803/1269/43 28/1244/44 804/1243/45
f 800/87/37 1169/83/41 804/90/45 27/91/38
f 8/1311/42 805/1312/46 1170/1292/47 803/1269/43
f 805/1312/46 9/1324/48 806/1326/49 1170/1292/47
f 1170/101/47 806/102/49 29/103/50 807/104/51
f 803/1269/43 1170/1292/47 807/1293/51 28/1244/44
f 9/1324/48 808/1309/52 1171/1333/53 806/1326/49
f 808/113/52 10/114/54 809/109/55 1171/105/53
f 1171/105/53 809/109/55 30/110/56 810/106/57
f 806/102/49 1171/105/53 810/106/57 29/103/50
f 10/114/54 811/117/58 1172/115/59 809/109/55
f 811/117/58 11/118/60 812/119/61 1172/115/59
f 1172/1362/59 812/1363/61 31/1364/62 813/1365/63
f 809/109/55 1172/115/59 813/116/63 30/110/56
f 11/118/60 814/120/64 1173/121/65 812/119/61
f 814/120/64 12/122/66 815/123/67 1173/121/65
f 1173/1366/65 815/1368/67 32/1369/68 816/1367/69
f 812/1363/61 1173/1366/65 816/1367/69 31/1364/62
f 12/122/66 817/124/70 1174/125/71 815/123/67
f 817/124/70 13/126/72 818/127/73 1174/125/71
f 1174/1370/71 818/1372/73 33/1373/74 819/1371/75
f 815/1368/67 1174/1370/71 819/1371/75 32/1369/68
f 13/126/72 820/128/76 1175/129/77 818/127/73
f 820/128/76 14/130/78 821/131/79 1175/129/77
f 1175/129/77 821/131/79 34/136/80 822/132/81
f 818/127/73 1175/129/77 822/132/81 33/133/74
f 14/130/78 823/134/82 1176/135/83 821/131/79
f 823/1125/82 15/1105/84 824/1088/85 1176/1126/83
f 1176/135/83 824/138/85 35/139/86 825/137/87
f 821/131/79 1176/135/83 825/137/87 34/136/80
f 15/1105/84 826/1106/88 1177/1073/89 824/1088/85
f 826/51/88 16/46/90 827/50/91 1177/54/89
f 1177/1073/89 827/1074/91 36/1041/92 828/1057/93
f 824/1088/85 1177/1073/89 828/1057/93 35/1089/86
f 16/46/90 829/41/94 1178/45/95 827/50/91
f 829/41/94 17/39/96 830/44/97 1178/45/95
f 1178/45/95 830/44/97 37/48/98 831/49/99
f 827/50/91 1178/45/95 831/49/99 36/53/92
f 17/39/96 832/37/100 1179/43/101 830/44/97
f 832/967/100 18/954/102 833/955/103 1179/968/101
f 1179/968/101 833/955/103 38/966/104 834/980/105
f 830/995/97 1179/968/101 834/980/105 37/996/98
f 18/954/102 835/942/106 1180/943/107 833/955/103
f 835/942/106 19/930/108 836/931/109 1180/943/107
f 1180/943/107 836/931/109 39/941/110 837/953/111
f 833/955/103 1180/943/107 837/953/111 38/966/104
f 19/930/108 838/921/112 1181/922/113 836/931/109
f 838/921/112 20/912/114 839/913/115 1181/922/113
f 1181/922/113 839/913/115 40/920/116 840/929/117
f 836/931/109 1181/922/113 840/929/117 39/941/110
f 20/912/114 841/905/118 1182/906/119 839/913/115
f 841/905/118 1/899/1 786/902/4 1182/906/119
f 1182/906/119 786/902/4 21/904/9 842/911/120
f 839/913/115 1182/906/119 842/911/120 40/920/116
f 21/904/9 785/903/8 1183/909/121 845/910/122
f 785/903/8 22/908/7 843/916/123 1183/909/121
f 1183/909/121 843/916/123 42/924/124 844/917/125
f 845/910/122 1183/909/121 844/917/125 41/918/126
f 22/908/7 789/915/15 1184/923/127 843/916/123
f 789/915/15 23/932/14 846/933/128 1184/923/127
f 1184/923/127 846/933/128 43/944/129 847/934/130
f 843/916/123 1184/923/127 847/934/130 42/924/124
f 23/18/14 792/22/21 1185/25/131 846/26/128
f 792/1343/21 24/1342/20 848/1347/132 1185/1348/131
f 1185/1027/131 848/1028/132 44/1012/133 849/1011/134
f 846/26/128 1185/25/131 849/29/134 43/30/129
f 24/1059/20 795/1060/27 1186/1043/135 848/1028/132
f 795/64/27 25/63/26 850/70/136 1186/71/135
f 1186/71/135 850/70/136 45/74/137 851/75/138
f 848/1028/132 1186/1043/135 851/1029/138 44/1012/133
f 25/1127/26 798/1128/33 1187/1108/139 850/1107/136
f 798/1128/33 26/1151/32 852/1129/140 1187/1108/139
f 1187/1108/139 852/1129/140 46/1109/141 853/1091/142
f 850/1107/136 1187/1108/139 853/1091/142 45/1090/137
f 26/1151/32 801/1173/39 1188/1152/143 852/1129/140
f 801/1173/39 27/1196/38 854/1174/144 1188/1152/143
f 1188/1152/143 854/1174/144 47/1153/145 855/1130/146
f 852/1129/140 1188/1152/143 855/1130/146 46/1109/141
f 27/91/38 804/90/45 1189/97/147 854/98/144
f 804/1243/45 28/1244/44 856/1220/148 1189/1197/147
f 1189/1197/147 856/1220/148 48/1198/149 857/1175/150
f 854/1174/144 1189/1197/147 857/1175/150 47/1153/145
f 28/111/44 807/104/51 1190/108/151 856/112/148
f 807/104/51 29/103/50 858/107/152 1190/108/151
f 1190/1245/151 858/1270/152 49/1246/153 859/1221/154
f 856/1220/148 1190/1245/151 859/1221/154 48/1198/149
f 29/1313/50 810/1314/57 1191/1294/155 858/1270/152
f 810/1314/57 30/1327/56 860/1315/156 1191/1294/155
f 1191/1294/155 860/1315/156 50/1295/157 861/1271/158
f 858/1270/152 1191/1294/155 861/1271/158 49/1246/153
f 30/1327/56 813/1332/63 1192/1323/159 860/1315/156
f 813/1332/63 31/1322/62 862/1307/160 1192/1323/159
f 1192/1323/159 862/1307/160 51/1285/161 863/1308/162
f 860/1315/156 1192/1323/159 863/1308/162 50/1295/157
f 31/1322/62 816/1306/69 1193/1284/163 862/1307/160
f 816/1306/69 32/1283/68 864/1259/164 1193/1284/163
f 1193/1284/163 864/1259/164 52/1236/165 865/1260/166
f 862/1307/160 1193/1284/163 865/1260/166 51/1285/161
f 32/1283/68 819/1258/75 1194/1235/167 864/1259/164
f 819/1258/75 33/1233/74 866/1210/168 1194/1235/167
f 1194/1235/167 866/1210/168 53/1188/169 867/1211/170
f 864/1259/164 1194/1235/167 867/1211/170 52/1236/165
f 33/1233/74 822/1234/81 1195/1187/171 866/1210/168
f 822/1374/81 34/1375/80 868/1376/172 1195/1377/171
f 1195/1187/171 868/1165/172 54/1144/173 869/1166/174
f 866/1210/168 1195/1187/171 869/1166/174 53/1188/169
f 34/1375/80 825/1378/87 1196/1379/175 868/1376/172
f 825/137/87 35/139/86 870/140/176 1196/141/175
f 1196/1142/175 870/1143/176 55/1103/177 871/1121/178
f 868/1165/172 1196/1142/175 871/1121/178 54/1144/173
f 35/139/86 828/142/93 1197/143/179 870/140/176
f 828/1057/93 36/1041/92 872/1042/180 1197/1058/179
f 1197/1058/179 872/1042/180 56/1056/181 873/1072/182
f 870/140/176 1197/143/179 873/144/182 55/145/177
f 36/1041/92 831/1025/99 1198/1026/183 872/1042/180
f 831/1025/99 37/996/98 874/1010/184 1198/1026/183
f 1198/1026/183 874/1010/184 57/1039/185 875/1040/186
f 872/1042/180 1198/1026/183 875/1040/186 56/1056/181
f 37/996/98 834/980/105 1199/994/187 874/1010/184
f 834/980/105 38/966/104 876/979/188 1199/994/187
f 1199/994/187 876/979/188 58/993/189 877/1009/190
f 874/2243/184 1199/2244/187 877/2245/190 57/2246/185
f 38/966/104 837/953/111 1200/965/191 876/979/188
f 837/953/111 39/941/110 878/952/192 1200/965/191
f 1200/965/191 878/952/192 59/964/193 879/978/194
f 876/979/188 1200/965/191 879/978/194 58/993/189
f 39/941/110 840/929/117 1201/940/195 878/952/192
f 840/929/117 40/920/116 880/928/196 1201/940/195
f 1201/940/195 880/928/196 60/939/197 881/951/198
f 878/952/192 1201/940/195 881/951/198 59/964/193
f 40/920/116 842/911/120 1202/919/199 880/928/196
f 842/911/120 21/904/9 845/910/122 1202/919/199
f 1202/919/199 845/910/122 41/918/126 882/927/200
f 880/928/196 1202/919/199 882/927/200 60/939/197
f 41/918/126 844/917/125 1203/925/201 885/926/202
f 844/917/125 42/924/124 883/935/203 1203/925/201
f 1203/925/201 883/935/203 62/946/204 884/936/205
f 885/926/202 1203/925/201 884/936/205 61/937/206
f 42/924/124 847/934/130 1204/945/207 883/935/203
f 847/934/130 43/944/129 886/956/208 1204/945/207
f 1204/945/207 886/956/208 63/969/209 887/957/210
f 883/935/203 1204/945/207 887/957/210 62/946/204
f 43/30/129 849/29/134 1205/33/211 886/34/208
f 849/1011/134 44/1012/133 888/997/212 1205/981/211
f 1205/981/211 888/997/212 64/998/213 889/982/214
f 886/956/208 1205/981/211 889/982/214 63/969/209
f 44/1012/133 851/1029/138 1206/1013/215 888/997/212
f 851/75/138 45/74/137 890/76/216 1206/77/215
f 1206/77/215 890/76/216 65/78/217 891/79/218
f 888/997/212 1206/1013/215 891/1014/218 64/998/213
f 45/1090/137 853/1091/142 1207/1076/219 890/1075/216
f 853/1091/142 46/1109/141 892/1092/220 1207/1076/219
f 1207/1076/219 892/1092/220 66/1077/221 893/1061/222
f 890/1075/216 1207/1076/219 893/1061/222 65/1044/217
f 46/1109/141 855/1130/146 1208/1110/223 892/1092/220
f 855/1130/146 47/1153/145 894/1131/224 1208/1110/223
f 1208/1110/223 894/1131/224 67/1111/225 895/1093/226
f 892/1092/220 1208/1110/223 895/1093/226 66/1077/221
f 47/1153/145 857/1175/150 1209/1154/227 894/1131/224
f 857/1175/150 48/1198/149 896/1176/228 1209/1154/227
f 1209/1154/227 896/1176/228 68/1155/229 897/1132/230
f 894/1131/224 1209/1154/227 897/1132/230 67/1111/225
f 48/1198/149 859/1221/154 1210/1199/231 896/1176/228
f 859/1221/154 49/1246/153 898/1222/232 1210/1199/231
f 1210/1199/231 898/1222/232 69/1200/233 899/1177/234
f 896/1176/228 1210/1199/231 899/1177/234 68/1155/229
f 49/1246/153 861/1271/158 1211/1247/235 898/1222/232
f 861/1271/158 50/1295/157 900/1272/236 1211/1247/235
f 1211/1247/235 900/1272/236 70/1248/237 901/1223/238
f 898/1222/232 1211/1247/235 901/1223/238 69/1200/233
f 50/1295/157 863/1308/162 1212/1296/239 900/1272/236
f 863/1308/162 51/1285/161 902/1286/240 1212/1296/239
f 1212/1296/239 902/1286/240 71/1297/241 903/1273/242
f 900/1272/236 1212/1296/239 903/1273/242 70/1248/237
f 51/1285/161 865/1260/166 1213/1261/243 902/1286/240
f 865/1260/166 52/1236/165 904/1237/244 1213/1261/243
f 1213/1261/243 904/1237/244 72/1257/245 905/1282/246
f 902/1286/240 1213/1261/243 905/1282/246 71/1297/241
f 52/1236/165 867/1211/170 1214/1212/247 904/1237/244
f 867/1211/170 53/1188/169 906/1189/248 1214/1212/247
f 1214/1212/247 906/1189/248 73/1209/249 907/1232/250
f 904/1237/244 1214/1212/247 907/1232/250 72/1257/245
f 53/1188/169 869/1166/174 1215/1167/251 906/1189/248
f 869/1166/174 54/1144/173 908/1145/252 1215/1167/251
f 1215/1167/251 908/1145/252 74/1164/253 909/1186/254
f 906/1189/248 1215/1167/251 909/1186/254 73/1209/249
f 54/1144/173 871/1121/178 1216/1122/255 908/1145/252
f 871/1121/178 55/1103/177 910/1104/256 1216/1122/255
f 1216/1122/255 910/1104/256 75/1120/257 911/1141/258
f 908/1145/252 1216/1122/255 911/1141/258 74/1164/253
f 55/1103/177 873/1072/182 1217/1087/259 910/1104/256
f 873/1072/182 56/1056/181 912/1071/260 1217/1087/259
f 1217/1087/259 912/1071/260 76/1086/261 913/1102/262
f 910/1104/256 1217/1087/259 913/1102/262 75/1120/257
f 56/1056/181 875/1040/186 1218/1055/263 912/1071/260
f 875/1040/186 57/1039/185 914/1053/264 1218/1055/263
f 1218/1055/263 914/1053/264 77/1054/265 915/1070/266
f 912/1071/260 1218/1055/263 915/1070/266 76/1086/261
f 57/2246/185 877/2245/190 1219/2247/267 914/2248/264
f 877/1009/190 58/993/189 916/1008/268 1219/1024/267
f 1219/1024/267 916/1008/268 78/1023/269 917/1038/270
f 914/1053/264 1219/1024/267 917/1038/270 77/1054/265
f 58/993/189 879/978/194 1220/992/271 916/1008/268
f 879/978/194 59/964/193 918/977/272 1220/992/271
f 1220/992/271 918/977/272 79/991/273 919/1007/274
f 916/1008/268 1220/992/271 919/1007/274 78/1023/269
f 59/964/193 881/951/198 1221/963/275 918/977/272
f 881/951/198 60/939/197 920/950/276 1221/963/275
f 1221/963/275 920/950/276 80/962/277 921/976/278
f 918/977/272 1221/963/275 921/976/278 79/991/273
f 60/939/197 882/927/200 1222/938/279 920/950/276
f 882/927/200 41/918/126 885/926/202 1222/938/279
f 1222/938/279 885/926/202 61/937/206 922/949/280
f 920/950/276 1222/938/279 922/949/280 80/962/277
f 61/937/206 884/936/205 1223/947/281 925/948/282
f 884/936/205 62/946/204 923/958/283 1223/947/281
f 1223/947/281 923/958/283 82/971/284 924/959/285
f 925/948/282 1223/947/281 924/959/285 81/960/286
f 62/946/204 887/957/210 1224/970/287 923/958/283
f 887/957/210 63/969/209 926/983/288 1224/970/287
f 1224/970/287 926/983/288 83/1000/289 927/984/290
f 923/958/283 1224/970/287 927/984/290 82/971/284
f 63/969/209 889/982/214 1225/999/291 926/983/288
f 889/982/214 64/998/213 928/1015/292 1225/999/291
f 1225/999/291 928/1015/292 84/1031/293 929/1016/294
f 926/983/288 1225/999/291 929/1016/294 83/1000/289
f 64/998/213 891/1014/218 1226/1030/295 928/1015/292
f 891/1014/218 65/1044/217 930/1045/296 1226/1030/295
f 1226/1030/295 930/1045/296 85/1063/297 931/1046/298
f 928/1015/292 1226/1030/295 931/1046/298 84/1031/293
f 65/1044/217 893/1061/222 1227/1062/299 930/1045/296
f 893/1061/222 66/1077/221 932/1078/300 1227/1062/299
f 1227/1062/299 932/1078/300 86/1095/301 933/1079/302
f 930/1045/296 1227/1062/299 933/1079/302 85/1063/297
f 66/1077/221 895/1093/226 1228/1094/303 932/1078/300
f 895/1093/226 67/1111/225 934/1112/304 1228/1094/303
f 1228/1094/303 934/1112/304 87/1134/305 935/1113/306
f 932/1078/300 1228/1094/303 935/1113/306 86/1095/301
f 67/1111/225 897/1132/230 1229/1133/307 934/1112/304
f 897/1132/230 68/1155/229 936/1156/308 1229/1133/307
f 1229/1133/307 936/1156/308 88/1179/309 937/1157/310
f 934/1112/304 1229/1133/307 937/1157/310 87/1134/305
f 68/1155/229 899/1177/234 1230/1178/311 936/1156/308
f 899/1177/234 69/1200/233 938/1201/312 1230/1178/311
f 1230/1178/311 938/1201/312 89/1225/313 939/1202/314
f 936/1156/308 1230/1178/311 939/1202/314 88/1179/309
f 69/1200/233 901/1223/238 1231/1224/315 938/1201/312
f 901/1223/238 70/1248/237 940/1249/316 1231/1224/315
f 1231/1224/315 940/1249/316 90/1275/317 941/1250/318
f 938/1201/312 1231/1224/315 941/1250/318 89/1225/313
f 70/1248/237 903/1273/242 1232/1274/319 940/1249/316
f 903/1273/242 71/1297/241 942/1298/320 1232/1274/319
f 1232/1274/319 942/1298/320 91/1316/321 943/1299/322
f 940/1249/316 1232/1274/319 943/1299/322 90/1275/317
f 71/1297/241 905/1282/246 1233/1305/323 942/1298/320
f 905/1282/246 72/1257/245 944/1281/324 1233/1305/323
f 1233/1305/323 944/1281/324 92/1304/325 945/1321/326
f 942/1298/320 1233/1305/323 945/1321/326 91/1316/321
f 72/1257/245 907/1232/250 1234/1256/327 944/1281/324
f 907/1232/250 73/1209/249 946/1231/328 1234/1256/327
f 1234/1256/327 946/1231/328 93/1255/329 947/1280/330
f 944/1281/324 1234/1256/327 947/1280/330 92/1304/325
f 73/1209/249 909/1186/254 1235/1208/331 946/1231/328
f 909/1186/254 74/1164/253 948/1185/332 1235/1208/331
f 1235/1208/331 948/1185/332 94/1207/333 949/1230/334
f 946/1231/328 1235/1208/331 949/1230/334 93/1255/329
f 74/1164/253 911/1141/258 1236/1163/335 948/1185/332
f 911/1141/258 75/1120/257 950/1140/336 1236/1163/335
f 1236/1163/335 950/1140/336 95/1162/337 951/1184/338
f 948/1185/332 1236/1163/335 951/1184/338 94/1207/333
f 75/1120/257 913/1102/262 1237/1119/339 950/1140/336
f 913/1102/262 76/1086/261 952/1101/340 1237/1119/339
f 1237/1119/339 952/1101/340 96/1118/341 953/1139/342
f 950/1140/336 1237/1119/339 953/1139/342 95/1162/337
f 76/1086/261 915/1070/266 1238/1085/343 952/1101/340
f 915/1070/266 77/1054/265 954/1069/344 1238/1085/343
f 1238/1085/343 954/1069/344 97/1084/345 955/1100/346
f 952/1101/340 1238/1085/343 955/1100/346 96/1118/341
f 77/1054/265 917/1038/270 1239/1052/347 954/1069/344
f 917/1038/270 78/1023/269 956/1037/348 1239/1052/347
f 1239/1052/347 956/1037/348 98/1051/349 957/1068/350
f 954/1069/344 1239/1052/347 957/1068/350 97/1084/345
f 78/1023/269 919/1007/274 1240/1022/351 956/1037/348
f 919/1007/274 79/991/273 958/1006/352 1240/1022/351
f 1240/1022/351 958/1006/352 99/1021/353 959/1036/354
f 956/1037/348 1240/1022/351 959/1036/354 98/1051/349
f 79/991/273 921/976/278 1241/990/355 958/1006/352
f 921/976/278 80/962/277 960/975/356 1241/990/355
f 1241/990/355 960/975/356 100/989/357 961/1005/358
f 958/1006/352 1241/990/355 961/1005/358 99/1021/353
f 80/962/277 922/949/280 1242/961/359 960/975/356
f 922/949/280 61/937/206 925/948/282 1242/961/359
f 1242/961/359 925/948/282 81/960/286 962/974/360
f 960/975/356 1242/961/359 962/974/360 100/989/357
f 81/960/286 924/959/285 1243/972/361 965/973/362
f 924/959/285 82/971/284 963/985/363 1243/972/361
f 1243/972/361 963/985/363 102/1002/364 964/986/365
f 965/973/362 1243/972/361 964/986/365 101/987/366
f 82/971/284 927/984/290 1244/1001/367 963/985/363
f 927/984/290 83/1000/289 966/1017/368 1244/1001/367
f 1244/1001/367 966/1017/368 103/1033/369 967/1018/370
f 963/985/363 1244/1001/367 967/1018/370 102/1002/364
f 83/1000/289 929/1016/294 1245/1032/371 966/1017/368
f 929/1016/294 84/1031/293 968/1047/372 1245/1032/371
f 1245/1032/371 968/1047/372 104/1065/373 969/1048/374
f 966/1017/368 1245/1032/371 969/1048/374 103/1033/369
f 84/1031/293 931/1046/298 1246/1064/375 968/1047/372
f 931/1046/298 85/1063/297 970/1080/376 1246/1064/375
f 1246/1064/375 970/1080/376 105/1097/377 971/1081/378
f 968/1047/372 1246/1064/375 971/1081/378 104/1065/373
f 85/1063/297 933/1079/302 1247/1096/379 970/1080/376
f 933/1079/302 86/1095/301 972/1114/380 1247/1096/379
f 1247/1096/379 972/1114/380 106/1136/381 973/1115/382
f 970/1080/376 1247/1096/379 973/1115/382 105/1097/377
f 86/1095/301 935/1113/306 1248/1135/383 972/1114/380
f 935/1113/306 87/1134/305 974/1158/384 1248/1135/383
f 1248/1135/383 974/1158/384 107/1181/385 975/1159/386
f 972/1114/380 1248/1135/383 975/1159/386 106/1136/381
f 87/1134/305 937/1157/310 1249/1180/387 974/1158/384
f 937/1157/310 88/1179/309 976/1203/388 1249/1180/387
f 1249/1180/387 976/1203/388 108/1227/389 977/1204/390
f 974/1158/384 1249/1180/387 977/1204/390 107/1181/385
f 88/1179/309 939/1202/314 1250/1226/391 976/1203/388
f 939/1202/314 89/1225/313 978/1251/392 1250/1226/391
f 1250/1226/391 978/1251/392 109/1277/393 979/1252/394
f 976/1203/388 1250/1226/391 979/1252/394 108/1227/389
f 89/1225/313 941/1250/318 1251/1276/395 978/1251/392
f 941/1250/318 90/1275/317 980/1300/396 1251/1276/395
f 1251/1276/395 980/1300/396 110/1318/397 981/1301/398
f 978/1251/392 1251/1276/395 981/1301/398 109/1277/393
f 90/1275/317 943/1299/322 1252/1317/399 980/1300/396
f 943/1299/322 91/1316/321 982/1328/400 1252/1317/399
f 1252/1317/399 982/1328/400 111/1334/401 983/1329/402
f 980/1300/396 1252/1317/399 983/1329/402 110/1318/397
f 91/1316/321 945/1321/326 1253/1331/403 982/1328/400
f 945/1321/326 92/1304/325 984/1320/404 1253/1331/403
f 1253/1331/403 984/1320/404 112/1330/405 985/1335/406
f 982/1328/400 1253/1331/403 985/1335/406 111/1334/401
f 92/1304/325 947/1280/330 1254/1303/407 984/1320/404
f 947/1280/330 93/1255/329 986/1279/408 1254/1303/407
f 1254/1303/407 986/1279/408 113/1302/409 987/1319/410
f 984/1320/404 1254/1303/407 987/1319/410 112/1330/405
f 93/1255/329 949/1230/334 1255/1254/411 986/1279/408
f 949/1230/334 94/1207/333 988/1229/412 1255/1254/411
f 1255/1254/411 988/1229/412 114/1253/413 989/1278/414
f 986/1279/408 1255/1254/411 989/1278/414 113/1302/409
f 94/1207/333 951/1184/338 1256/1206/415 988/1229/412
f 951/1184/338 95/1162/337 990/1183/416 1256/1206/415
f 1256/1206/415 990/1183/416 115/1205/417 991/1228/418
f 988/1229/412 1256/1206/415 991/1228/418 114/1253/413
f 95/1162/337 953/1139/342 1257/1161/419 990/1183/416
f 953/1139/342 96/1118/341 992/1138/420 1257/1161/419
f 1257/1161/419 992/1138/420 116/1160/421 993/1182/422
f 990/1183/416 1257/1161/419 993/1182/422 115/1205/417
f 96/1118/341 955/1100/346 1258/1117/423 992/1138/420
f 955/1100/346 97/1084/345 994/1099/424 1258/1117/423
f 1258/1117/423 994/1099/424 117/1116/425 995/1137/426
f 992/1138/420 1258/1117/423 995/1137/426 116/1160/421
f 97/1084/345 957/1068/350 1259/1083/427 994/1099/424
f 957/1068/350 98/1051/349 996/1067/428 1259/1083/427
f 1259/1083/427 996/1067/428 118/1082/429 997/1098/430
f 994/1099/424 1259/1083/427 997/1098/430 117/1116/425
f 98/1051/349 959/1036/354 1260/1050/431 996/1067/428
f 959/1036/354 99/1021/353 998/1035/432 1260/1050/431
f 1260/1050/431 998/1035/432 119/1049/433 999/1066/434
f 996/1067/428 1260/1050/431 999/1066/434 118/1082/429
f 99/1021/353 961/1005/358 1261/1020/435 998/1035/432
f 961/1005/358 100/989/357 1000/1004/436 1261/1020/435
f 1261/1020/435 1000/1004/436 120/1019/437 1001/1034/438
f 998/1035/432 1261/1020/435 1001/1034/438 119/1049/433
f 100/989/357 962/974/360 1262/988/439 1000/1004/436
f 962/974/360 81/960/286 965/973/362 1262/988/439
f 1262/988/439 965/973/362 101/987/366 1002/1003/440
f 1000/1004/436 1262/988/439 1002/1003/440 120/1019/437
f 101/194/366 964/196/365 1263/197/441 1005/195/442
f 964/196/365 102/198/364 1003/199/443 1263/197/441
f 1263/1380/441 1003/1381/443 122/1382/444 1004/1383/445
f 1005/1386/442 1263/1380/441 1004/1383/445 121/1387/446
f 102/198/364 967/200/370 1264/201/447 1003/199/443
f 967/200/370 103/202/369 1006/203/448 1264/201/447
f 1264/1384/447 1006/1388/448 123/1389/449 1007/1385/450
f 1003/1381/443 1264/1384/447 1007/1385/450 122/1382/444
f 103/202/369 969/204/374 1265/205/451 1006/203/448
f 969/1837/374 104/1838/373 1008/1839/452 1265/1840/451
f 1265/1392/451 1008/1396/452 124/1397/453 1009/1393/454
f 1006/1388/448 1265/1392/451 1009/1393/454 123/1389/449
f 104/1838/373 971/1841/378 1266/1842/455 1008/1839/452
f 971/1841/378 105/1843/377 1010/1844/456 1266/1842/455
f 1266/1400/455 1010/1404/456 125/1405/457 1011/1401/458
f 1008/1396/452 1266/1400/455 1011/1401/458 124/1397/453
f 105/1843/377 973/1845/382 1267/1846/459 1010/1844/456
f 973/1845/382 106/1847/381 1012/1848/460 1267/1846/459
f 1267/1408/459 1012/1412/460 126/1413/461 1013/1409/462
f 1010/1404/456 1267/1408/459 1013/1409/462 125/1405/457
f 106/1847/381 975/1849/386 1268/1850/463 1012/1848/460
f 975/164/386 107/160/385 1014/161/464 1268/165/463
f 1268/1416/463 1014/1420/464 127/1421/465 1015/1417/466
f 1012/1412/460 1268/1416/463 1015/1417/466 126/1413/461
f 107/160/385 977/156/390 1269/157/467 1014/161/464
f 977/156/390 108/152/389 1016/153/468 1269/157/467
f 1269/1424/467 1016/1428/468 128/1429/469 1017/1425/470
f 1014/1420/464 1269/1424/467 1017/1425/470 127/1421/465
f 108/152/389 979/146/394 1270/149/471 1016/153/468
f 979/146/394 109/147/393 1018/148/472 1270/149/471
f 1270/1432/471 1018/1436/472 129/1437/473 1019/1433/474
f 1016/1428/468 1270/1432/471 1019/1433/474 128/1429/469
f 109/147/393 981/150/398 1271/151/475 1018/148/472
f 981/150/398 110/154/397 1020/155/476 1271/151/475
f 1271/1440/475 1020/1444/476 130/1445/477 1021/1441/478
f 1018/1436/472 1271/1440/475 1021/1441/478 129/1437/473
f 110/154/397 983/158/402 1272/159/479 1020/155/476
f 983/158/402 111/162/401 1022/163/480 1272/159/479
f 1272/1448/479 1022/1452/480 131/1453/481 1023/1449/482
f 1020/1444/476 1272/1448/479 1023/1449/482 130/1445/477
f 111/162/401 985/166/406 1273/167/483 1022/163/480
f 985/166/406 112/168/405 1024/169/484 1273/167/483
f 1273/1456/483 1024/1458/484 132/1459/485 1025/1457/486
f 1022/1452/480 1273/1456/483 1025/1457/486 131/1453/481
f 112/168/405 987/170/410 1274/171/487 1024/169/484
f 987/170/410 113/172/409 1026/173/488 1274/171/487
f 1274/1454/487 1026/1450/488 133/1451/489 1027/1455/490
f 1024/1458/484 1274/1454/487 1027/1455/490 132/1459/485
f 113/172/409 989/174/414 1275/175/491 1026/173/488
f 989/1851/414 114/1852/413 1028/1853/492 1275/1854/491
f 1275/1446/491 1028/1442/492 134/1443/493 1029/1447/494
f 1026/1450/488 1275/1446/491 1029/1447/494 133/1451/489
f 114/1852/413 991/1855/418 1276/1856/495 1028/1853/492
f 991/1855/418 115/1857/417 1030/1858/496 1276/1856/495
f 1276/1438/495 1030/1434/496 135/1435/497 1031/1439/498
f 1028/1442/492 1276/1438/495 1031/1439/498 134/1443/493
f 115/1857/417 993/1859/422 1277/1860/499 1030/1858/496
f 993/1859/422 116/1861/421 1032/1862/500 1277/1860/499
f 1277/1430/499 1032/1426/500 136/1427/501 1033/1431/502
f 1030/1434/496 1277/1430/499 1033/1431/502 135/1435/497
f 116/1861/421 995/1863/426 1278/1864/503 1032/1862/500
f 995/190/426 117/186/425 1034/187/504 1278/191/503
f 1278/1422/503 1034/1418/504 137/1419/505 1035/1423/506
f 1032/1426/500 1278/1422/503 1035/1423/506 136/1427/501
f 117/186/425 997/182/430 1279/183/507 1034/187/504
f 997/182/430 118/176/429 1036/179/508 1279/183/507
f 1279/1414/507 1036/1410/508 138/1411/509 1037/1415/510
f 1034/1418/504 1279/1414/507 1037/1415/510 137/1419/505
f 118/176/429 999/177/434 1280/178/511 1036/179/508
f 999/177/434 119/180/433 1038/181/512 1280/178/511
f 1280/1406/511 1038/1402/512 139/1403/513 1039/1407/514
f 1036/1410/508 1280/1406/511 1039/1407/514 138/1411/509
f 119/180/433 1001/184/438 1281/185/515 1038/181/512
f 1001/184/438 120/188/437 1040/189/516 1281/185/515
f 1281/1398/515 1040/1394/516 140/1395/517 1041/1399/518
f 1038/1402/512 1281/1398/515 1041/1399/518 139/1403/513
f 120/188/437 1002/192/440 1282/193/519 1040/189/516
f 1002/192/440 101/194/366 1005/195/442 1282/193/519
f 1282/1390/519 1005/1386/442 121/1387/446 1042/1391/520
f 1040/1394/516 1282/1390/519 1042/1391/520 140/1395/517
f 121/206/446 1004/207/445 1283/208/521 1045/209/522
f 1004/207/445 122/210/444 1043/211/523 1283/208/521
f 1283/208/521 1043/211/523 142/218/524 1044/212/525
f 1045/209/522 1283/208/521 1044/212/525 141/213/526
f 122/210/444 1007/216/450 1284/217/527 1043/211/523
f 1007/216/450 123/224/449 1046/225/528 1284/217/527
f 1284/217/527 1046/225/528 143/236/529 1047/226/530
f 1043/211/523 1284/217/527 1047/226/530 142/218/524
f 123/224/449 1009/234/454 1285/235/531 1046/225/528
f 1009/1865/454 124/1866/453 1048/1867/532 1285/1868/531
f 1285/1868/531 1048/1867/532 144/1871/533 1049/1872/534
f 1046/225/528 1285/235/531 1049/246/534 143/236/529
f 124/1866/453 1011/1869/458 1286/1870/535 1048/1867/532
f 1011/1869/458 125/1873/457 1050/1874/536 1286/1870/535
f 1286/1870/535 1050/1874/536 145/1880/537 1051/1875/538
f 1048/1867/532 1286/1870/535 1051/1875/538 144/1871/533
f 125/1873/457 1013/1878/462 1287/1879/539 1050/1874/536
f 1013/1878/462 126/1884/461 1052/1885/540 1287/1879/539
f 1287/1879/539 1052/1885/540 146/1893/541 1053/1886/542
f 1050/1874/536 1287/1879/539 1053/1886/542 145/1880/537
f 126/1884/461 1015/1891/466 1288/1892/543 1052/1885/540
f 1015/1891/466 127/1899/465 1054/1900/544 1288/1892/543
f 1288/1892/543 1054/1900/544 147/1908/545 1055/1901/546
f 1052/1885/540 1288/1892/543 1055/1901/546 146/1893/541
f 127/448/465 1017/440/470 1289/441/547 1054/449/544
f 1017/440/470 128/432/469 1056/435/548 1289/441/547
f 1289/441/547 1056/435/548 148/439/549 1057/447/550
f 1054/449/544 1289/441/547 1057/447/550 147/457/545
f 128/432/469 1019/433/474 1290/434/551 1056/435/548
f 1019/433/474 129/436/473 1058/437/552 1290/434/551
f 1290/434/551 1058/437/552 149/444/553 1059/438/554
f 1056/435/548 1290/434/551 1059/438/554 148/439/549
f 129/436/473 1021/442/478 1291/443/555 1058/437/552
f 1021/442/478 130/450/477 1060/451/556 1291/443/555
f 1291/443/555 1060/451/556 150/460/557 1061/452/558
f 1058/437/552 1291/443/555 1061/452/558 149/444/553
f 130/450/477 1023/458/482 1292/459/559 1060/451/556
f 1023/458/482 131/467/481 1062/468/560 1292/459/559
f 1292/459/559 1062/468/560 151/479/561 1063/469/562
f 1060/451/556 1292/459/559 1063/469/562 150/460/557
f 131/467/481 1025/477/486 1293/478/563 1062/468/560
f 1025/477/486 132/490/485 1064/491/564 1293/478/563
f 1293/478/563 1064/491/564 152/505/565 1065/492/566
f 1062/468/560 1293/478/563 1065/492/566 151/479/561
f 132/490/485 1027/503/490 1294/504/567 1064/491/564
f 1027/503/490 133/517/489 1066/518/568 1294/504/567
f 1294/504/567 1066/518/568 153/534/569 1067/519/570
f 1064/491/564 1294/504/567 1067/519/570 152/505/565
f 133/517/489 1029/532/494 1295/533/571 1066/518/568
f 1029/1961/494 134/1962/493 1068/1963/572 1295/1964/571
f 1295/1964/571 1068/1963/572 154/1967/573 1069/1968/574
f 1066/518/568 1295/533/571 1069/548/574 153/534/569
f 134/1962/493 1031/1965/498 1296/1966/575 1068/1963/572
f 1031/1965/498 135/1969/497 1070/1970/576 1296/1966/575
f 1296/1966/575 1070/1970/576 155/1976/577 1071/1971/578
f 1068/1963/572 1296/1966/575 1071/1971/578 154/1967/573
f 135/1969/497 1033/1974/502 1297/1975/579 1070/1970/576
f 1033/1974/502 136/1980/501 1072/1981/580 1297/1975/579
f 1297/1975/579 1072/1981/580 156/1989/581 1073/1982/582
f 1070/1970/576 1297/1975/579 1073/1982/582 155/1976/577
f 136/1980/501 1035/1987/506 1298/1988/583 1072/1981/580
f 1035/314/506 137/298/505 1074/299/584 1298/315/583
f 1298/315/583 1074/299/584 157/313/585 1075/330/586
f 1072/1981/580 1298/1988/583 1075/1995/586 156/1989/581
f 137/298/505 1037/283/510 1299/284/587 1074/299/584
f 1037/283/510 138/269/509 1076/270/588 1299/284/587
f 1299/284/587 1076/270/588 158/282/589 1077/297/590
f 1074/299/584 1299/284/587 1077/297/590 157/313/585
f 138/269/509 1039/256/514 1300/257/591 1076/270/588
f 1039/256/514 139/244/513 1078/245/592 1300/257/591
f 1300/257/591 1078/245/592 159/255/593 1079/268/594
f 1076/270/588 1300/257/591 1079/268/594 158/282/589
f 139/244/513 1041/232/518 1301/233/595 1078/245/592
f 1041/232/518 140/222/517 1080/223/596 1301/233/595
f 1301/233/595 1080/223/596 160/231/597 1081/243/598
f 1078/245/592 1301/233/595 1081/243/598 159/255/593
f 140/222/517 1042/214/520 1302/215/599 1080/223/596
f 1042/214/520 121/206/446 1045/209/522 1302/215/599
f 1302/215/599 1045/209/522 141/213/526 1082/221/600
f 1080/223/596 1302/215/599 1082/221/600 160/231/597
f 141/213/526 1044/212/525 1303/219/601 1085/220/602
f 1044/212/525 142/218/524 1083/227/603 1303/219/601
f 1303/219/601 1083/227/603 162/238/604 1084/228/605
f 1085/220/602 1303/219/601 1084/228/605 161/229/606
f 142/218/524 1047/226/530 1304/237/607 1083/227/603
f 1047/226/530 143/236/529 1086/247/608 1304/237/607
f 1304/237/607 1086/247/608 163/259/609 1087/248/610
f 1083/227/603 1304/237/607 1087/248/610 162/238/604
f 143/236/529 1049/246/534 1305/258/611 1086/247/608
f 1049/1872/534 144/1871/533 1088/1876/612 1305/1877/611
f 1305/1877/611 1088/1876/612 164/1882/613 1089/1883/614
f 1086/247/608 1305/258/611 1089/271/614 163/259/609
f 144/1871/533 1051/1875/538 1306/1881/615 1088/1876/612
f 1051/1875/538 145/1880/537 1090/1887/616 1306/1881/615
f 1306/1881/615 1090/1887/616 165/1895/617 1091/1888/618
f 1088/1876/612 1306/1881/615 1091/1888/618 164/1882/613
f 145/1880/537 1053/1886/542 1307/1894/619 1090/1887/616
f 1053/1886/542 146/1893/541 1092/1902/620 1307/1894/619
f 1307/1894/619 1092/1902/620 166/1910/621 1093/1903/622
f 1090/1887/616 1307/1894/619 1093/1903/622 165/1895/617
f 146/1893/541 1055/1901/546 1308/1909/623 1092/1902/620
f 1055/1901/546 147/1908/545 1094/1916/624 1308/1909/623
f 1308/488/623 1094/466/624 167/476/625 1095/489/626
f 1092/1902/620 1308/1909/623 1095/1917/626 166/1910/621
f 147/457/545 1057/447/550 1309/456/627 1094/466/624
f 1057/447/550 148/439/549 1096/446/628 1309/456/627
f 1309/456/627 1096/446/628 168/455/629 1097/465/630
f 1094/466/624 1309/456/627 1097/465/630 167/476/625
f 148/439/549 1059/438/554 1310/445/631 1096/446/628
f 1059/438/554 149/444/553 1098/453/632 1310/445/631
f 1310/445/631 1098/453/632 169/462/633 1099/454/634
f 1096/446/628 1310/445/631 1099/454/634 168/455/629
f 149/444/553 1061/452/558 1311/461/635 1098/453/632
f 1061/452/558 150/460/557 1100/470/636 1311/461/635
f 1311/461/635 1100/470/636 170/481/637 1101/471/638
f 1098/453/632 1311/461/635 1101/471/638 169/462/633
f 150/460/557 1063/469/562 1312/480/639 1100/470/636
f 1063/469/562 151/479/561 1102/493/640 1312/480/639
f 1312/480/639 1102/493/640 171/507/641 1103/494/642
f 1100/470/636 1312/480/639 1103/494/642 170/481/637
f 151/479/561 1065/492/566 1313/506/643 1102/493/640
f 1065/492/566 152/505/565 1104/520/644 1313/506/643
f 1313/506/643 1104/520/644 172/536/645 1105/521/646
f 1102/493/640 1313/506/643 1105/521/646 171/507/641
f 152/505/565 1067/519/570 1314/535/647 1104/520/644
f 1067/519/570 153/534/569 1106/549/648 1314/535/647
f 1314/535/647 1106/549/648 173/564/649 1107/550/650
f 1104/520/644 1314/535/647 1107/550/650 172/536/645
f 153/534/569 1069/548/574 1315/563/651 1106/549/648
f 1069/1968/574 154/1967/573 1108/1972/652 1315/1973/651
f 1315/1973/651 1108/1972/652 174/1978/653 1109/1979/654
f 1106/549/648 1315/563/651 1109/578/654 173/564/649
f 154/1967/573 1071/1971/578 1316/1977/655 1108/1972/652
f 1071/1971/578 155/1976/577 1110/1983/656 1316/1977/655
f 1316/1977/655 1110/1983/656 175/1991/657 1111/1984/658
f 1108/1972/652 1316/1977/655 1111/1984/658 174/1978/653
f 155/1976/577 1073/1982/582 1317/1990/659 1110/1983/656
f 1073/1982/582 156/1989/581 1112/1996/660 1317/1990/659
f 1317/1990/659 1112/1996/660 176/2003/661 1113/1997/662
f 1110/1983/656 1317/1990/659 1113/1997/662 175/1991/657
f 156/1989/581 1075/1995/586 1318/2002/663 1112/1996/660
f 1075/330/586 157/313/585 1114/329/664 1318/345/663
f 1318/345/663 1114/329/664 177/344/665 1115/360/666
f 1112/1996/660 1318/2002/663 1115/2009/666 176/2003/661
f 157/313/585 1077/297/590 1319/312/667 1114/329/664
f 1077/297/590 158/282/589 1116/296/668 1319/312/667
f 1319/312/667 1116/296/668 178/311/669 1117/328/670
f 1114/329/664 1319/312/667 1117/328/670 177/344/665
f 158/282/589 1079/268/594 1320/281/671 1116/296/668
f 1079/268/594 159/255/593 1118/267/672 1320/281/671
f 1320/281/671 1118/267/672 179/280/673 1119/295/674
f 1116/296/668 1320/281/671 1119/295/674 178/311/669
f 159/255/593 1081/243/598 1321/254/675 1118/267/672
f 1081/243/598 160/231/597 1120/242/676 1321/254/675
f 1321/254/675 1120/242/676 180/253/677 1121/266/678
f 1118/267/672 1321/254/675 1121/266/678 179/280/673
f 160/231/597 1082/221/600 1322/230/679 1120/242/676
f 1082/221/600 141/213/526 1085/220/602 1322/230/679
f 1322/230/679 1085/220/602 161/229/606 1122/241/680
f 1120/242/676 1322/230/679 1122/241/680 180/253/677
f 161/229/606 1084/228/605 1323/239/681 1125/240/682
f 1084/228/605 162/238/604 1123/249/683 1323/239/681
f 1323/239/681 1123/249/683 182/261/684 1124/250/685
f 1125/240/682 1323/239/681 1124/250/685 181/251/686
f 162/238/604 1087/248/610 1324/260/687 1123/249/683
f 1087/248/610 163/259/609 1126/272/688 1324/260/687
f 1324/260/687 1126/272/688 183/286/689 1127/273/690
f 1123/249/683 1324/260/687 1127/273/690 182/261/684
f 163/259/609 1089/271/614 1325/285/691 1126/272/688
f 1089/1883/614 164/1882/613 1128/1889/692 1325/1890/691
f 1325/1890/691 1128/1889/692 184/1897/693 1129/1898/694
f 1126/272/688 1325/285/691 1129/300/694 183/286/689
f 164/1882/613 1091/1888/618 1326/1896/695 1128/1889/692
f 1091/1888/618 165/1895/617 1130/1904/696 1326/1896/695
f 1326/1896/695 1130/1904/696 185/1912/697 1131/1905/698
f 1128/1889/692 1326/1896/695 1131/1905/698 184/1897/693
f 165/1895/617 1093/1903/622 1327/1911/699 1130/1904/696
f 1093/1903/622 166/1910/621 1132/1918/700 1327/1911/699
f 1327/1911/699 1132/1918/700 186/1925/701 1133/1919/702
f 1130/1904/696 1327/1911/699 1133/1919/702 185/1912/697
f 166/1910/621 1095/1917/626 1328/1924/703 1132/1918/700
f 1095/489/626 167/476/625 1134/487/704 1328/502/703
f 1328/502/703 1134/487/704 187/501/705 1135/516/706
f 1132/1918/700 1328/1924/703 1135/1931/706 186/1925/701
f 167/476/625 1097/465/630 1329/475/707 1134/487/704
f 1097/465/630 168/455/629 1136/464/708 1329/475/707
f 1329/475/707 1136/464/708 188/474/709 1137/486/710
f 1134/487/704 1329/475/707 1137/486/710 187/501/705
f 168/455/629 1099/454/634 1330/463/711 1136/464/708
f 1099/454/634 169/462/633 1138/472/712 1330/463/711
f 1330/463/711 1138/472/712 189/483/713 1139/473/714
f 1136/464/708 1330/463/711 1139/473/714 188/474/709
f 169/462/633 1101/471/638 1331/482/715 1138/472/712
f 1101/471/638 170/481/637 1140/495/716 1331/482/715
f 1331/482/715 1140/495/716 190/509/717 1141/496/718
f 1138/472/712 1331/482/715 1141/496/718 189/483/713
f 170/481/637 1103/494/642 1332/508/719 1140/495/716
f 1103/494/642 171/507/641 1142/522/720 1332/508/719
f 1332/508/719 1142/522/720 191/538/721 1143/523/722
f 1140/495/716 1332/508/719 1143/523/722 190/509/717
f 171/507/641 1105/521/646 1333/537/723 1142/522/720
f 1105/521/646 172/536/645 1144/551/724 1333/537/723
f 1333/537/723 1144/551/724 192/566/725 1145/552/726
f 1142/522/720 1333/537/723 1145/552/726 191/538/721
f 172/536/645 1107/550/650 1334/565/727 1144/551/724
f 1107/550/650 173/564/649 1146/579/728 1334/565/727
f 1334/565/727 1146/579/728 193/593/729 1147/580/730
f 1144/551/724 1334/565/727 1147/580/730 192/566/725
f 173/564/649 1109/578/654 1335/592/731 1146/579/728
f 1109/1979/654 174/1978/653 1148/1985/732 1335/1986/731
f 1335/1986/731 1148/1985/732 194/1993/733 1149/1994/734
f 1146/579/728 1335/592/731 1149/604/734 193/593/729
f 174/1978/653 1111/1984/658 1336/1992/735 1148/1985/732
f 1111/1984/658 175/1991/657 1150/1998/736 1336/1992/735
f 1336/1992/735 1150/1998/736 195/2005/737 1151/1999/738
f 1148/1985/732 1336/1992/735 1151/1999/738 194/1993/733
f 175/1991/657 1113/1997/662 1337/2004/739 1150/1998/736
f 1113/1997/662 176/2003/661 1152/2010/740 1337/2004/739
f 1337/2004/739 1152/2010/740 196/2017/741 1153/2011/742
f 1150/1998/736 1337/2004/739 1153/2011/742 195/2005/737
f 176/2003/661 1115/2009/666 1338/2016/743 1152/2010/740
f 1115/360/666 177/344/665 1154/359/744 1338/375/743
f 1338/375/743 1154/359/744 197/374/745 1155/390/746
f 1152/2010/740 1338/2016/743 1155/2023/746 196/2017/741
f 177/344/665 1117/328/670 1339/343/747 1154/359/744
f 1117/328/670 178/311/669 1156/327/748 1339/343/747
f 1339/343/747 1156/327/748 198/342/749 1157/358/750
f 1154/359/744 1339/343/747 1157/358/750 197/374/745
f 178/311/669 1119/295/674 1340/310/751 1156/327/748
f 1119/295/674 179/280/673 1158/294/752 1340/310/751
f 1340/310/751 1158/294/752 199/309/753 1159/326/754
f 1156/327/748 1340/310/751 1159/326/754 198/342/749
f 179/280/673 1121/266/678 1341/279/755 1158/294/752
f 1121/266/678 180/253/677 1160/265/756 1341/279/755
f 1341/279/755 1160/265/756 200/278/757 1161/293/758
f 1158/294/752 1341/279/755 1161/293/758 199/309/753
f 180/253/677 1122/241/680 1342/252/759 1160/265/756
f 1122/241/680 161/229/606 1125/240/682 1342/252/759
f 1342/252/759 1125/240/682 181/251/686 1162/264/760
f 1160/265/756 1342/252/759 1162/264/760 200/278/757
f 181/251/686 1124/250/685 1343/262/761 385/263/762
f 1124/250/685 182/261/684 383/274/763 1343/262/761
f 1343/262/761 383/274/763 202/288/764 384/275/765
f 385/263/762 1343/262/761 384/275/765 201/276/766
f 182/261/684 1127/273/690 1344/287/767 383/274/763
f 1127/273/690 183/286/689 386/301/768 1344/287/767
f 1344/287/767 386/301/768 203/317/769 387/302/770
f 383/274/763 1344/287/767 387/302/770 202/288/764
f 183/286/689 1129/300/694 1345/316/771 386/301/768
f 1129/1898/694 184/1897/693 388/1906/772 1345/1907/771
f 1345/1907/771 388/1906/772 204/1914/773 389/1915/774
f 386/301/768 1345/316/771 389/331/774 203/317/769
f 184/1897/693 1131/1905/698 1346/1913/775 388/1906/772
f 1131/1905/698 185/1912/697 390/1920/776 1346/1913/775
f 1346/1913/775 390/1920/776 205/1927/777 391/1921/778
f 388/1906/772 1346/1913/775 391/1921/778 204/1914/773
f 185/1912/697 1133/1919/702 1347/1926/779 390/1920/776
f 1133/1919/702 186/1925/701 392/1932/780 1347/1926/779
f 1347/1926/779 392/1932/780 206/1937/781 393/1933/782
f 390/1920/776 1347/1926/779 393/1933/782 205/1927/777
f 186/1925/701 1135/1931/706 1348/1936/783 392/1932/780
f 1135/516/706 187/501/705 394/515/784 1348/531/783
f 1348/531/783 394/515/784 207/530/785 395/547/786
f 392/1932/780 1348/1936/783 395/1942/786 206/1937/781
f 187/501/705 1137/486/710 1349/500/787 394/515/784
f 1137/486/710 188/474/709 396/485/788 1349/500/787
f 1349/500/787 396/485/788 208/499/789 397/514/790
f 394/515/784 1349/500/787 397/514/790 207/530/785
f 188/474/709 1139/473/714 1350/484/791 396/485/788
f 1139/473/714 189/483/713 398/497/792 1350/484/791
f 1350/484/791 398/497/792 209/511/793 399/498/794
f 396/485/788 1350/484/791 399/498/794 208/499/789
f 189/483/713 1141/496/718 1351/510/795 398/497/792
f 1141/496/718 190/509/717 400/524/796 1351/510/795
f 1351/510/795 400/524/796 210/540/797 401/525/798
f 398/497/792 1351/510/795 401/525/798 209/511/793
f 190/509/717 1143/523/722 1352/539/799 400/524/796
f 1143/523/722 191/538/721 402/553/800 1352/539/799
f 1352/539/799 402/553/800 211/568/801 403/554/802
f 400/524/796 1352/539/799 403/554/802 210/540/797
f 191/538/721 1145/552/726 1353/567/803 402/553/800
f 1145/552/726 192/566/725 404/581/804 1353/567/803
f 1353/567/803 404/581/804 212/595/805 405/582/806
f 402/553/800 1353/567/803 405/582/806 211/568/801
f 192/566/725 1147/580/730 1354/594/807 404/581/804
f 1147/580/730 193/593/729 406/605/808 1354/594/807
f 1354/594/807 406/605/808 213/616/809 407/606/810
f 404/581/804 1354/594/807 407/606/810 212/595/805
f 193/593/729 1149/604/734 1355/615/811 406/605/808
f 1149/1994/734 194/1993/733 408/2000/812 1355/2001/811
f 1355/2001/811 408/2000/812 214/2007/813 409/2008/814
f 406/605/808 1355/615/811 409/624/814 213/616/809
f 194/1993/733 1151/1999/738 1356/2006/815 408/2000/812
f 1151/1999/738 195/2005/737 410/2012/816 1356/2006/815
f 1356/2006/815 410/2012/816 215/2019/817 411/2013/818
f 408/2000/812 1356/2006/815 411/2013/818 214/2007/813
f 195/2005/737 1153/2011/742 1357/2018/819 410/2012/816
f 1153/2011/742 196/2017/741 412/2024/820 1357/2018/819
f 1357/2018/819 412/2024/820 216/2033/821 413/2025/822
f 410/2012/816 1357/2018/819 413/2025/822 215/2019/817
f 196/2017/741 1155/2023/746 1358/2032/823 412/2024/820
f 1155/390/746 197/374/745 414/389/824 1358/404/823
f 1358/404/823 414/389/824 217/403/825 415/414/826
f 412/2024/820 1358/2032/823 415/2038/826 216/2033/821
f 197/374/745 1157/358/750 1359/373/827 414/389/824
f 1157/358/750 198/342/749 416/357/828 1359/373/827
f 1359/373/827 416/357/828 218/372/829 417/388/830
f 414/389/824 1359/373/827 417/388/830 217/403/825
f 198/342/749 1159/326/754 1360/341/831 416/357/828
f 1159/326/754 199/309/753 418/325/832 1360/341/831
f 1360/341/831 418/325/832 219/340/833 419/356/834
f 416/357/828 1360/341/831 419/356/834 218/372/829
f 199/309/753 1161/293/758 1361/308/835 418/325/832
f 1161/293/758 200/278/757 420/292/836 1361/308/835
f 1361/308/835 420/292/836 220/307/837 421/324/838
f 418/325/832 1361/308/835 421/324/838 219/340/833
f 200/278/757 1162/264/760 1362/277/839 420/292/836
f 1162/264/760 181/251/686 385/263/762 1362/277/839
f 1362/277/839 385/263/762 201/276/766 422/291/840
f 420/292/836 1362/277/839 422/291/840 220/307/837
f 201/276/766 384/275/765 1363/289/841 425/290/842
f 384/275/765 202/288/764 423/303/843 1363/289/841
f 1363/289/841 423/303/843 222/319/844 424/304/845
f 425/290/842 1363/289/841 424/304/845 221/305/846
f 202/288/764 387/302/770 1364/318/847 423/303/843
f 387/302/770 203/317/769 426/332/848 1364/318/847
f 1364/318/847 426/332/848 223/347/849 427/333/850
f 423/303/843 1364/318/847 427/333/850 222/319/844
f 203/317/769 389/331/774 1365/346/851 426/332/848
f 389/1915/774 204/1914/773 428/1922/852 1365/1923/851
f 1365/1923/851 428/1922/852 224/1929/853 429/1930/854
f 426/332/848 1365/346/851 429/361/854 223/347/849
f 204/1914/773 391/1921/778 1366/1928/855 428/1922/852
f 391/1921/778 205/1927/777 430/1934/856 1366/1928/855
f 1366/1928/855 430/1934/856 225/1939/857 431/1935/858
f 428/1922/852 1366/1928/855 431/1935/858 224/1929/853
f 205/1927/777 393/1933/782 1367/1938/859 430/1934/856
f 393/1933/782 206/1937/781 432/1943/860 1367/1938/859
f 1367/1938/859 432/1943/860 226/1949/861 433/1944/862
f 430/1934/856 1367/1938/859 433/1944/862 225/1939/857
f 206/1937/781 395/1942/786 1368/1948/863 432/1943/860
f 395/547/786 207/530/785 434/546/864 1368/562/863
f 1368/562/863 434/546/864 227/561/865 435/577/866
f 432/1943/860 1368/1948/863 435/1952/866 226/1949/861
f 207/530/785 397/514/790 1369/529/867 434/546/864
f 397/514/790 208/499/789 436/513/868 1369/529/867
f 1369/529/867 436/513/868 228/528/869 437/545/870
f 434/546/864 1369/529/867 437/545/870 227/561/865
f 208/499/789 399/498/794 1370/512/871 436/513/868
f 399/498/794 209/511/793 438/526/872 1370/512/871
f 1370/512/871 438/526/872 229/542/873 439/527/874
f 436/513/868 1370/512/871 439/527/874 228/528/869
f 209/511/793 401/525/798 1371/541/875 438/526/872
f 401/525/798 210/540/797 440/555/876 1371/541/875
f 1371/541/875 440/555/876 230/570/877 441/556/878
f 438/526/872 1371/541/875 441/556/878 229/542/873
f 210/540/797 403/554/802 1372/569/879 440/555/876
f 403/554/802 211/568/801 442/583/880 1372/569/879
f 1372/569/879 442/583/880 231/597/881 443/584/882
f 440/555/876 1372/569/879 443/584/882 230/570/877
f 211/568/801 405/582/806 1373/596/883 442/583/880
f 405/582/806 212/595/805 444/607/884 1373/596/883
f 1373/596/883 444/607/884 232/618/885 445/608/886
f 442/583/880 1373/596/883 445/608/886 231/597/881
f 212/595/805 407/606/810 1374/617/887 444/607/884
f 407/606/810 213/616/809 446/625/888 1374/617/887
f 1374/617/887 446/625/888 233/632/889 447/626/890
f 444/607/884 1374/617/887 447/626/890 232/618/885
f 213/616/809 409/624/814 1375/631/891 446/625/888
f 409/2008/814 214/2007/813 448/2014/892 1375/2015/891
f 1375/2015/891 448/2014/892 234/2021/893 449/2022/894
f 446/2030/888 1375/2015/891 449/2022/894 233/2031/889
f 214/2007/813 411/2013/818 1376/2020/895 448/2014/892
f 411/2013/818 215/2019/817 450/2026/896 1376/2020/895
f 1376/2020/895 450/2026/896 235/2035/897 451/2027/898
f 448/2014/892 1376/2020/895 451/2027/898 234/2021/893
f 215/2019/817 413/2025/822 1377/2034/899 450/2026/896
f 413/2025/822 216/2033/821 452/2039/900 1377/2034/899
f 1377/2034/899 452/2039/900 236/2043/901 453/2040/902
f 450/2026/896 1377/2034/899 453/2040/902 235/2035/897
f 216/2033/821 415/2038/826 1378/2042/903 452/2039/900
f 415/414/826 217/403/825 454/413/904 1378/423/903
f 1378/2042/903 454/2047/904 237/2048/905 455/2045/906
f 452/2039/900 1378/2042/903 455/2045/906 236/2043/901
f 217/403/825 417/388/830 1379/402/907 454/413/904
f 417/388/830 218/372/829 456/387/908 1379/402/907
f 1379/402/907 456/387/908 238/401/909 457/412/910
f 454/413/904 1379/402/907 457/412/910 237/422/905
f 218/372/829 419/356/834 1380/371/911 456/387/908
f 419/356/834 219/340/833 458/355/912 1380/371/911
f 1380/371/911 458/355/912 239/370/913 459/386/914
f 456/387/908 1380/371/911 459/386/914 238/401/909
f 219/340/833 421/324/838 1381/339/915 458/355/912
f 421/324/838 220/307/837 460/323/916 1381/339/915
f 1381/339/915 460/323/916 240/338/917 461/354/918
f 458/355/912 1381/339/915 461/354/918 239/370/913
f 220/307/837 422/291/840 1382/306/919 460/323/916
f 422/291/840 201/276/766 425/290/842 1382/306/919
f 1382/306/919 425/290/842 221/305/846 462/322/920
f 460/323/916 1382/306/919 462/322/920 240/338/917
f 221/305/846 424/304/845 1383/320/921 465/321/922
f 424/304/845 222/319/844 463/334/923 1383/320/921
f 1383/320/921 463/334/923 242/349/924 464/335/925
f 465/321/922 1383/320/921 464/335/925 241/336/926
f 222/319/844 427/333/850 1384/348/927 463/334/923
f 427/333/850 223/347/849 466/362/928 1384/348/927
f 1384/348/927 466/362/928 243/377/929 467/363/930
f 463/334/923 1384/348/927 467/363/930 242/349/924
f 223/347/849 429/361/854 1385/376/931 466/362/928
f 429/361/854 224/391/853 468/392/932 1385/376/931
f 1385/376/931 468/392/932 244/405/933 469/393/934
f 466/362/928 1385/376/931 469/393/934 243/377/929
f 224/1929/853 431/1935/858 1386/1940/935 468/1941/932
f 431/1935/858 225/1939/857 470/1945/936 1386/1940/935
f 1386/1940/935 470/1945/936 245/1951/937 471/1946/938
f 468/1941/932 1386/1940/935 471/1946/938 244/1947/933
f 225/1939/857 433/1944/862 1387/1950/939 470/1945/936
f 433/1944/862 226/1949/861 472/1953/940 1387/1950/939
f 1387/1950/939 472/1953/940 246/1956/941 473/1954/942
f 470/1945/936 1387/1950/939 473/1954/942 245/1951/937
f 226/1949/861 435/1952/866 1388/1955/943 472/1953/940
f 435/1952/866 227/1957/865 474/1958/944 1388/1955/943
f 1388/1955/943 474/1958/944 247/1960/945 475/1959/946
f 472/1953/940 1388/1955/943 475/1959/946 246/1956/941
f 227/561/865 437/545/870 1389/560/947 474/576/944
f 437/545/870 228/528/869 476/544/948 1389/560/947
f 1389/560/947 476/544/948 248/559/949 477/575/950
f 474/576/944 1389/560/947 477/575/950 247/591/945
f 228/528/869 439/527/874 1390/543/951 476/544/948
f 439/527/874 229/542/873 478/557/952 1390/543/951
f 1390/543/951 478/557/952 249/572/953 479/558/954
f 476/544/948 1390/543/951 479/558/954 248/559/949
f 229/542/873 441/556/878 1391/571/955 478/557/952
f 441/556/878 230/570/877 480/585/956 1391/571/955
f 1391/571/955 480/585/956 250/599/957 481/586/958
f 478/557/952 1391/571/955 481/586/958 249/572/953
f 230/570/877 443/584/882 1392/598/959 480/585/956
f 443/584/882 231/597/881 482/609/960 1392/598/959
f 1392/598/959 482/609/960 251/620/961 483/610/962
f 480/585/956 1392/598/959 483/610/962 250/599/957
f 231/597/881 445/608/886 1393/619/963 482/609/960
f 445/608/886 232/618/885 484/627/964 1393/619/963
f 1393/619/963 484/627/964 252/634/965 485/628/966
f 482/609/960 1393/619/963 485/628/966 251/620/961
f 232/618/885 447/626/890 1394/633/967 484/627/964
f 447/626/890 233/632/889 486/637/968 1394/633/967
f 1394/1700/967 486/1701/968 253/1686/969 487/1673/970
f 484/627/964 1394/633/967 487/638/970 252/634/965
f 233/2031/889 449/2022/894 1395/2029/971 486/2037/968
f 449/2022/894 234/2021/893 488/2028/972 1395/2029/971
f 1395/1718/971 488/1730/972 254/1719/973 489/1702/974
f 486/1701/968 1395/1718/971 489/1702/974 253/1686/969
f 234/2021/893 451/2027/898 1396/2036/975 488/2028/972
f 451/2027/898 235/2035/897 490/2041/976 1396/2036/975
f 1396/1737/975 490/1738/976 255/1733/977 491/1731/978
f 488/1730/972 1396/1737/975 491/1731/978 254/1719/973
f 235/2035/897 453/2040/902 1397/2044/979 490/2041/976
f 453/2040/902 236/2043/901 492/2046/980 1397/2044/979
f 1397/1732/979 492/1724/980 256/1711/981 493/1725/982
f 490/1738/976 1397/1732/979 493/1725/982 255/1733/977
f 236/2043/901 455/2045/906 1398/2049/983 492/2046/980
f 455/2045/906 237/2048/905 494/2050/984 1398/2049/983
f 1398/1709/983 494/1710/984 257/1680/985 495/1694/986
f 492/1724/980 1398/1709/983 495/1694/986 256/1711/981
f 237/422/905 457/412/910 1399/421/987 494/428/984
f 457/412/910 238/401/909 496/411/988 1399/421/987
f 1399/421/987 496/411/988 258/420/989 497/427/990
f 494/428/984 1399/421/987 497/427/990 257/431/985
f 238/401/909 459/386/914 1400/400/991 496/411/988
f 459/386/914 239/370/913 498/385/992 1400/400/991
f 1400/400/991 498/385/992 259/399/993 499/410/994
f 496/411/988 1400/400/991 499/410/994 258/420/989
f 239/370/913 461/354/918 1401/369/995 498/385/992
f 461/354/918 240/338/917 500/353/996 1401/369/995
f 1401/369/995 500/353/996 260/368/997 501/384/998
f 498/385/992 1401/369/995 501/384/998 259/399/993
f 240/338/917 462/322/920 1402/337/999 500/353/996
f 462/322/920 221/305/846 465/321/922 1402/337/999
f 1402/337/999 465/321/922 241/336/926 502/352/1000
f 500/353/996 1402/337/999 502/352/1000 260/368/997
f 241/336/926 464/335/925 1403/350/1001 505/351/1002
f 464/335/925 242/349/924 503/364/1003 1403/350/1001
f 1403/350/1001 503/364/1003 262/379/1004 504/365/1005
f 505/351/1002 1403/350/1001 504/365/1005 261/366/1006
f 242/349/924 467/363/930 1404/378/1007 503/364/1003
f 467/363/930 243/377/929 506/394/1008 1404/378/1007
f 1404/378/1007 506/394/1008 263/407/1009 507/395/1010
f 503/364/1003 1404/378/1007 507/395/1010 262/379/1004
f 243/377/929 469/393/934 1405/406/1011 506/394/1008
f 469/393/934 244/405/933 508/415/1012 1405/406/1011
f 1405/406/1011 508/415/1012 264/424/1013 509/416/1014
f 506/394/1008 1405/406/1011 509/416/1014 263/407/1009
f 244/1464/933 471/1465/938 1406/1461/1015 508/1460/1012
f 471/1465/938 245/1470/937 510/1466/1016 1406/1461/1015
f 1406/1461/1015 510/1466/1016 265/1467/1017 511/1462/1018
f 508/1460/1012 1406/1461/1015 511/1462/1018 264/1463/1013
f 245/1470/937 473/1478/942 1407/1471/1019 510/1466/1016
f 473/1478/942 246/1486/941 512/1479/1020 1407/1471/1019
f 1407/1471/1019 512/1479/1020 266/1480/1021 513/1472/1022
f 510/1466/1016 1407/1471/1019 513/1472/1022 265/1467/1017
f 246/1486/941 475/1495/946 1408/1487/1023 512/1479/1020
f 475/1495/946 247/1505/945 514/1496/1024 1408/1487/1023
f 1408/1487/1023 514/1496/1024 267/1497/1025 515/1488/1026
f 512/1479/1020 1408/1487/1023 515/1488/1026 266/1480/1021
f 247/591/945 477/575/950 1409/590/1027 514/603/1024
f 477/575/950 248/559/949 516/574/1028 1409/590/1027
f 1409/590/1027 516/574/1028 268/589/1029 517/602/1030
f 514/1496/1024 1409/1506/1027 517/1507/1030 267/1497/1025
f 248/559/949 479/558/954 1410/573/1031 516/574/1028
f 479/558/954 249/572/953 518/587/1032 1410/573/1031
f 1410/573/1031 518/587/1032 269/601/1033 519/588/1034
f 516/574/1028 1410/573/1031 519/588/1034 268/589/1029
f 249/572/953 481/586/958 1411/600/1035 518/587/1032
f 481/586/958 250/599/957 520/611/1036 1411/600/1035
f 1411/600/1035 520/611/1036 270/622/1037 521/612/1038
f 518/587/1032 1411/600/1035 521/612/1038 269/601/1033
f 250/599/957 483/610/962 1412/621/1039 520/611/1036
f 483/610/962 251/620/961 522/629/1040 1412/621/1039
f 1412/621/1039 522/629/1040 271/636/1041 523/630/1042
f 520/611/1036 1412/621/1039 523/630/1042 270/622/1037
f 251/620/961 485/628/966 1413/635/1043 522/629/1040
f 485/628/966 252/634/965 524/639/1044 1413/635/1043
f 1413/1642/1043 524/1643/1044 272/1629/1045 525/1615/1046
f 522/629/1040 1413/635/1043 525/640/1046 271/636/1041
f 252/1672/965 487/1673/970 1414/1658/1047 524/1643/1044
f 487/1673/970 253/1686/969 526/1674/1048 1414/1658/1047
f 1414/1658/1047 526/1674/1048 273/1659/1049 527/1644/1050
f 524/1643/1044 1414/1658/1047 527/1644/1050 272/1629/1045
f 253/1686/969 489/1702/974 1415/1687/1051 526/1674/1048
f 489/1702/974 254/1719/973 528/1703/1052 1415/1687/1051
f 1415/1687/1051 528/1703/1052 274/1688/1053 529/1675/1054
f 526/1674/1048 1415/1687/1051 529/1675/1054 273/1659/1049
f 254/1719/973 491/1731/978 1416/1720/1055 528/1703/1052
f 491/1731/978 255/1733/977 530/1726/1056 1416/1720/1055
f 1416/1720/1055 530/1726/1056 275/1713/1057 531/1704/1058
f 528/1703/1052 1416/1720/1055 531/1704/1058 274/1688/1053
f 255/1733/977 493/1725/982 1417/1712/1059 530/1726/1056
f 493/1725/982 256/1711/981 532/1695/1060 1417/1712/1059
f 1417/1712/1059 532/1695/1060 276/1682/1061 533/1696/1062
f 530/1726/1056 1417/1712/1059 533/1696/1062 275/1713/1057
f 256/1711/981 495/1694/986 1418/1681/1063 532/1695/1060
f 495/1694/986 257/1680/985 534/1666/1064 1418/1681/1063
f 1418/1681/1063 534/1666/1064 277/1655/1065 535/1667/1066
f 532/1695/1060 1418/1681/1063 535/1667/1066 276/1682/1061
f 257/1680/985 497/1664/990 1419/1654/1067 534/1666/1064
f 497/1664/990 258/1665/989 536/1638/1068 1419/1654/1067
f 1419/1654/1067 536/1638/1068 278/1626/1069 537/1639/1070
f 534/1666/1064 1419/1654/1067 537/1639/1070 277/1655/1065
f 258/420/989 499/410/994 1420/419/1071 536/426/1068
f 499/410/994 259/399/993 538/409/1072 1420/419/1071
f 1420/1625/1071 538/1610/1072 279/1599/1073 539/1612/1074
f 536/1638/1068 1420/1625/1071 539/1612/1074 278/1626/1069
f 259/399/993 501/384/998 1421/398/1075 538/409/1072
f 501/384/998 260/368/997 540/383/1076 1421/398/1075
f 1421/398/1075 540/383/1076 280/397/1077 541/408/1078
f 538/1610/1072 1421/1611/1075 541/1585/1078 279/1599/1073
f 260/368/997 502/352/1000 1422/367/1079 540/383/1076
f 502/352/1000 241/336/926 505/351/1002 1422/367/1079
f 1422/367/1079 505/351/1002 261/366/1006 542/382/1080
f 540/383/1076 1422/367/1079 542/382/1080 280/397/1077
f 261/366/1006 504/365/1005 1423/380/1081 545/381/1082
f 504/1547/1005 262/1540/1004 543/1532/1083 1423/1542/1081
f 1423/1542/1081 543/1532/1083 282/1533/1084 544/1543/1085
f 545/1548/1082 1423/1542/1081 544/1543/1085 281/1549/1086
f 262/1540/1004 507/1541/1010 1424/1522/1087 543/1532/1083
f 507/395/1010 263/407/1009 546/417/1088 1424/418/1087
f 1424/1522/1087 546/1523/1088 283/1503/1089 547/1514/1090
f 543/1532/1083 1424/1522/1087 547/1514/1090 282/1533/1084
f 263/407/1009 509/416/1014 1425/425/1091 546/417/1088
f 509/1476/1014 264/1463/1013 548/1469/1092 1425/1477/1091
f 1425/1477/1091 548/1469/1092 284/1475/1093 549/1485/1094
f 546/417/1088 1425/425/1091 549/429/1094 283/430/1089
f 264/1463/1013 511/1462/1018 1426/1468/1095 548/1469/1092
f 511/1462/1018 265/1467/1017 550/1473/1096 1426/1468/1095
f 1426/1468/1095 550/1473/1096 285/1482/1097 551/1474/1098
f 548/1469/1092 1426/1468/1095 551/1474/1098 284/1475/1093
f 265/1467/1017 513/1472/1022 1427/1481/1099 550/1473/1096
f 513/1472/1022 266/1480/1021 552/1489/1100 1427/1481/1099
f 1427/1481/1099 552/1489/1100 286/1499/1101 553/1490/1102
f 550/1473/1096 1427/1481/1099 553/1490/1102 285/1482/1097
f 266/1480/1021 515/1488/1026 1428/1498/1103 552/1489/1100
f 515/1488/1026 267/1497/1025 554/1508/1104 1428/1498/1103
f 1428/1498/1103 554/1508/1104 287/1517/1105 555/1518/1106
f 552/717/1100 1428/718/1103 555/714/1106 286/713/1101
f 267/1497/1025 517/1507/1030 1429/1516/1107 554/1508/1104
f 517/1507/1030 268/1524/1029 556/1525/1108 1429/1516/1107
f 1429/1516/1107 556/1525/1108 288/1536/1109 557/1526/1110
f 554/1508/1104 1429/1516/1107 557/1526/1110 287/1517/1105
f 268/1524/1029 519/1534/1034 1430/1535/1111 556/1525/1108
f 519/588/1034 269/601/1033 558/613/1112 1430/614/1111
f 1430/1535/1111 558/1550/1112 289/1551/1113 559/1544/1114
f 556/1525/1108 1430/1535/1111 559/1544/1114 288/1536/1109
f 269/601/1033 521/612/1038 1431/623/1115 558/613/1112
f 521/1578/1038 270/1579/1037 560/1566/1116 1431/1560/1115
f 1431/1560/1115 560/1566/1116 290/1567/1117 561/1561/1118
f 558/1550/1112 1431/1560/1115 561/1561/1118 289/1551/1113
f 270/1579/1037 523/1588/1042 1432/1580/1119 560/1566/1116
f 523/1588/1042 271/1602/1041 562/1589/1120 1432/1580/1119
f 1432/1580/1119 562/1589/1120 291/1590/1121 563/1581/1122
f 560/1566/1116 1432/1580/1119 563/1581/1122 290/1567/1117
f 271/1602/1041 525/1615/1046 1433/1603/1123 562/1589/1120
f 525/1615/1046 272/1629/1045 564/1616/1124 1433/1603/1123
f 1433/1603/1123 564/1616/1124 292/1617/1125 565/1604/1126
f 562/1589/1120 1433/1603/1123 565/1604/1126 291/1590/1121
f 272/1629/1045 527/1644/1050 1434/1630/1127 564/1616/1124
f 527/1644/1050 273/1659/1049 566/1645/1128 1434/1630/1127
f 1434/1630/1127 566/1645/1128 293/1646/1129 567/1631/1130
f 564/1616/1124 1434/1630/1127 567/1631/1130 292/1617/1125
f 273/1659/1049 529/1675/1054 1435/1660/1131 566/1645/1128
f 529/1675/1054 274/1688/1053 568/1676/1132 1435/1660/1131
f 1435/1660/1131 568/1676/1132 294/1677/1133 569/1661/1134
f 566/1645/1128 1435/1660/1131 569/1661/1134 293/1646/1129
f 274/1688/1053 531/1704/1058 1436/1689/1135 568/1676/1132
f 531/1704/1058 275/1713/1057 570/1714/1136 1436/1689/1135
f 1436/770/1135 570/771/1136 295/767/1137 571/766/1138
f 568/1676/1132 1436/1689/1135 571/1690/1138 294/1677/1133
f 275/1713/1057 533/1696/1062 1437/1684/1139 570/1714/1136
f 533/1696/1062 276/1682/1061 572/1670/1140 1437/1684/1139
f 1437/1684/1139 572/1670/1140 296/1671/1141 573/1685/1142
f 570/739/1136 1437/740/1139 573/736/1142 295/735/1137
f 276/1682/1061 535/1667/1066 1438/1656/1143 572/1670/1140
f 535/1667/1066 277/1655/1065 574/1640/1144 1438/1656/1143
f 1438/1656/1143 574/1640/1144 297/1641/1145 575/1657/1146
f 572/1670/1140 1438/1656/1143 575/1657/1146 296/1671/1141
f 277/1655/1065 537/1639/1070 1439/1627/1147 574/1640/1144
f 537/1639/1070 278/1626/1069 576/1613/1148 1439/1627/1147
f 1439/1627/1147 576/1613/1148 298/1614/1149 577/1628/1150
f 574/1640/1144 1439/1627/1147 577/1628/1150 297/1641/1145
f 278/1626/1069 539/1612/1074 1440/1600/1151 576/1613/1148
f 539/1612/1074 279/1599/1073 578/1586/1152 1440/1600/1151
f 1440/1600/1151 578/1586/1152 299/1587/1153 579/1601/1154
f 576/1613/1148 1440/1600/1151 579/1601/1154 298/1614/1149
f 279/1599/1073 541/1585/1078 1441/1576/1155 578/1586/1152
f 541/1585/1078 280/1574/1077 580/1564/1156 1441/1576/1155
f 1441/1576/1155 580/1564/1156 300/1565/1157 581/1577/1158
f 578/1586/1152 1441/1576/1155 581/1577/1158 299/1587/1153
f 280/1574/1077 542/1575/1080 1442/1558/1159 580/1564/1156
f 542/382/1080 261/366/1006 545/381/1082 1442/396/1159
f 1442/1558/1159 545/1548/1082 281/1549/1086 582/1559/1160
f 580/1564/1156 1442/1558/1159 582/1559/1160 300/1565/1157
f 281/1549/1086 544/1543/1085 1443/1556/1161 585/1557/1162
f 544/645/1085 282/646/1084 583/642/1163 1443/641/1161
f 1443/641/1161 583/642/1163 302/643/1164 584/644/1165
f 585/649/1162 1443/641/1161 584/644/1165 301/650/1166
f 282/2144/1084 547/2145/1090 1444/2140/1167 583/2139/1163
f 547/1514/1090 283/1503/1089 586/1504/1168 1444/1515/1167
f 1444/1515/1167 586/1504/1168 303/1513/1169 587/1521/1170
f 583/2139/1163 1444/2140/1167 587/2135/1170 302/2134/1164
f 283/1503/1089 549/1485/1094 1445/1494/1171 586/1504/1168
f 549/1485/1094 284/1475/1093 588/1484/1172 1445/1494/1171
f 1445/1494/1171 588/1484/1172 304/1493/1173 589/1502/1174
f 586/1504/1168 1445/1494/1171 589/1502/1174 303/1513/1169
f 284/1475/1093 551/1474/1098 1446/1483/1175 588/1484/1172
f 551/1474/1098 285/1482/1097 590/1491/1176 1446/1483/1175
f 1446/1483/1175 590/1491/1176 305/1501/1177 591/1492/1178
f 588/1484/1172 1446/1483/1175 591/1492/1178 304/1493/1173
f 285/1482/1097 553/1490/1102 1447/1500/1179 590/1491/1176
f 553/1490/1102 286/1499/1101 592/1509/1180 1447/1500/1179
f 1447/2051/1179 592/2052/1180 306/2053/1181 593/2054/1182
f 590/1491/1176 1447/1500/1179 593/1510/1182 305/1501/1177
f 286/713/1101 555/714/1106 1448/710/1183 592/709/1180
f 555/1518/1106 287/1517/1105 594/1527/1184 1448/1528/1183
f 1448/1528/1183 594/1527/1184 307/1538/1185 595/1539/1186
f 592/709/1180 1448/710/1183 595/711/1186 306/712/1181
f 287/1517/1105 557/1526/1110 1449/1537/1187 594/1527/1184
f 557/1526/1110 288/1536/1109 596/1545/1188 1449/1537/1187
f 1449/1537/1187 596/1545/1188 308/1553/1189 597/1546/1190
f 594/1527/1184 1449/1537/1187 597/1546/1190 307/1538/1185
f 288/1536/1109 559/1544/1114 1450/1552/1191 596/1545/1188
f 559/1544/1114 289/1551/1113 598/1562/1192 1450/1552/1191
f 1450/1552/1191 598/1562/1192 309/1569/1193 599/1570/1194
f 596/850/1188 1450/851/1191 599/848/1194 308/847/1189
f 289/1551/1113 561/1561/1118 1451/1568/1195 598/1562/1192
f 561/2063/1118 290/2064/1117 600/2065/1196 1451/2066/1195
f 1451/2066/1195 600/2065/1196 310/2067/1197 601/2068/1198
f 598/1562/1192 1451/1568/1195 601/1582/1198 309/1569/1193
f 290/1567/1117 563/1581/1122 1452/1591/1199 600/1592/1196
f 563/1581/1122 291/1590/1121 602/1605/1200 1452/1591/1199
f 1452/1591/1199 602/1605/1200 311/1619/1201 603/1606/1202
f 600/1592/1196 1452/1591/1199 603/1606/1202 310/1607/1197
f 291/1590/1121 565/1604/1126 1453/1618/1203 602/1605/1200
f 565/1604/1126 292/1617/1125 604/1632/1204 1453/1618/1203
f 1453/1618/1203 604/1632/1204 312/1648/1205 605/1649/1206
f 602/2091/1200 1453/2092/1203 605/2093/1206 311/2094/1201
f 292/1617/1125 567/1631/1130 1454/1647/1207 604/1632/1204
f 567/897/1130 293/898/1129 606/896/1208 1454/895/1207
f 1454/895/1207 606/896/1208 313/892/1209 607/886/1210
f 604/1632/1204 1454/1647/1207 607/1662/1210 312/1648/1205
f 293/1646/1129 569/1661/1134 1455/1678/1211 606/1679/1208
f 569/1661/1134 294/1677/1133 608/1691/1212 1455/1678/1211
f 1455/1678/1211 608/1691/1212 314/1706/1213 609/1692/1214
f 606/1679/1208 1455/1678/1211 609/1692/1214 313/1693/1209
f 294/1677/1133 571/1690/1138 1456/1705/1215 608/1691/1212
f 571/766/1138 295/767/1137 610/763/1216 1456/758/1215
f 1456/758/1215 610/763/1216 315/759/1217 611/754/1218
f 608/757/1212 1456/758/1215 611/754/1218 314/753/1213
f 295/735/1137 573/736/1142 1457/732/1219 610/731/1216
f 573/1685/1142 296/1671/1141 612/1683/1220 1457/1699/1219
f 1457/1699/1219 612/1683/1220 316/1698/1221 613/1717/1222
f 610/731/1216 1457/732/1219 613/733/1222 315/734/1217
f 296/1671/1141 575/1657/1146 1458/1669/1223 612/1683/1220
f 575/1657/1146 297/1641/1145 614/1668/1224 1458/1669/1223
f 1458/2229/1223 614/2230/1224 317/2228/1225 615/2227/1226
f 612/1683/1220 1458/1669/1223 615/1697/1226 316/1698/1221
f 297/788/1145 577/789/1150 1459/787/1227 614/786/1224
f 577/1628/1150 298/1614/1149 616/1624/1228 1459/1637/1227
f 1459/1637/1227 616/1624/1228 318/1636/1229 617/1653/1230
f 614/786/1224 1459/787/1227 617/776/1230 317/782/1225
f 298/1614/1149 579/1601/1154 1460/1609/1231 616/1624/1228
f 579/1601/1154 299/1587/1153 618/1598/1232 1460/1609/1231
f 1460/1609/1231 618/1598/1232 319/1622/1233 619/1623/1234
f 616/1624/1228 1460/1609/1231 619/1623/1234 318/1636/1229
f 299/1587/1153 581/1577/1158 1461/1584/1235 618/1598/1232
f 581/1577/1158 300/1565/1157 620/1573/1236 1461/1584/1235
f 1461/1584/1235 620/1573/1236 320/1583/1237 621/1597/1238
f 618/2109/1232 1461/2110/1235 621/2111/1238 319/2112/1233
f 300/1565/1157 582/1559/1160 1462/1563/1239 620/1573/1236
f 582/1559/1160 281/1549/1086 585/1557/1162 1462/1563/1239
f 1462/1563/1239 585/1557/1162 301/1571/1166 622/1572/1240
f 620/1573/1236 1462/1563/1239 622/1572/1240 320/1583/1237
f 301/650/1166 584/644/1165 1463/648/1241 625/653/1242
f 584/644/1165 302/643/1164 623/647/1243 1463/648/1241
f 1463/648/1241 623/647/1243 322/651/1244 624/652/1245
f 625/653/1242 1463/648/1241 624/652/1245 321/656/1246
f 302/2134/1164 587/2135/1170 1464/2123/1247 623/2129/1243
f 587/1521/1170 303/1513/1169 626/1520/1248 1464/1531/1247
f 1464/2123/1247 626/2124/1248 323/2125/1249 627/2126/1250
f 623/2129/1243 1464/2123/1247 627/2126/1250 322/2130/1244
f 303/1513/1169 589/1502/1174 1465/1519/1251 626/1520/1248
f 589/802/1174 304/803/1173 628/801/1252 1465/800/1251
f 1465/800/1251 628/801/1252 324/798/1253 629/795/1254
f 626/1520/1248 1465/1519/1251 629/1529/1254 323/1530/1249
f 304/2157/1173 591/2158/1178 1466/2146/1255 628/2152/1252
f 591/1492/1178 305/1501/1177 630/1511/1256 1466/1512/1255
f 1466/2146/1255 630/2147/1256 325/2148/1257 631/2149/1258
f 628/2152/1252 1466/2146/1255 631/2149/1258 324/2153/1253
f 305/812/1177 593/813/1182 1467/809/1259 630/808/1256
f 593/2054/1182 306/2053/1181 632/2055/1260 1467/2056/1259
f 1467/2056/1259 632/2055/1260 326/2057/1261 633/2058/1262
f 630/808/1256 1467/809/1259 633/805/1262 325/804/1257
f 306/712/1181 595/711/1186 1468/715/1263 632/716/1260
f 595/711/1186 307/719/1185 634/720/1264 1468/715/1263
f 1468/715/1263 634/720/1264 327/723/1265 635/721/1266
f 632/716/1260 1468/715/1263 635/721/1266 326/722/1261
f 307/1538/1185 597/1546/1190 1469/1554/1267 634/1555/1264
f 597/2170/1190 308/2171/1189 636/2172/1268 1469/2173/1267
f 1469/2173/1267 636/2172/1268 328/2174/1269 637/2175/1270
f 634/2178/1264 1469/2173/1267 637/2175/1270 327/2179/1265
f 308/847/1189 599/848/1194 1470/845/1271 636/844/1268
f 599/848/1194 309/852/1193 638/849/1272 1470/845/1271
f 1470/845/1271 638/849/1272 329/846/1273 639/842/1274
f 636/844/1268 1470/845/1271 639/842/1274 328/841/1269
f 309/1569/1193 601/1582/1198 1471/1593/1275 638/1594/1272
f 601/2068/1198 310/2067/1197 640/2069/1276 1471/2070/1275
f 1471/2070/1275 640/2069/1276 330/2071/1277 641/2072/1278
f 638/2075/1272 1471/2070/1275 641/2072/1278 329/2076/1273
f 310/1607/1197 603/1606/1202 1472/1620/1279 640/1621/1276
f 603/1606/1202 311/1619/1201 642/1633/1280 1472/1620/1279
f 1472/1620/1279 642/1633/1280 331/1650/1281 643/1634/1282
f 640/1621/1276 1472/1620/1279 643/1634/1282 330/1635/1277
f 311/2094/1201 605/2093/1206 1473/2095/1283 642/2096/1280
f 605/893/1206 312/885/1205 644/875/1284 1473/888/1283
f 1473/888/1283 644/875/1284 332/865/1285 645/878/1286
f 642/2096/1280 1473/2095/1283 645/2097/1286 331/2098/1281
f 312/885/1205 607/886/1210 1474/876/1287 644/875/1284
f 607/886/1210 313/892/1209 646/887/1288 1474/876/1287
f 1474/876/1287 646/887/1288 333/877/1289 647/866/1290
f 644/875/1284 1474/876/1287 647/866/1290 332/865/1285
f 313/1693/1209 609/1692/1214 1475/1707/1291 646/1708/1288
f 609/1692/1214 314/1706/1213 648/1721/1292 1475/1707/1291
f 1475/2187/1291 648/2188/1292 334/2189/1293 649/2190/1294
f 646/1708/1288 1475/1707/1291 649/1722/1294 333/1723/1289
f 314/753/1213 611/754/1218 1476/755/1295 648/756/1292
f 611/754/1218 315/759/1217 650/760/1296 1476/755/1295
f 1476/2235/1295 650/2236/1296 335/2237/1297 651/2238/1298
f 648/756/1292 1476/755/1295 651/761/1298 334/762/1293
f 315/734/1217 613/733/1222 1477/737/1299 650/738/1296
f 613/1717/1222 316/1698/1221 652/1716/1300 1477/1729/1299
f 1477/1729/1299 652/1716/1300 336/1728/1301 653/1736/1302
f 650/738/1296 1477/737/1299 653/741/1302 335/742/1297
f 316/1698/1221 615/1697/1226 1478/1715/1303 652/1716/1300
f 615/2227/1226 317/2228/1225 654/2226/1304 1478/2225/1303
f 1478/2225/1303 654/2226/1304 337/2222/1305 655/2221/1306
f 652/1716/1300 1478/1715/1303 655/1727/1306 336/1728/1301
f 317/782/1225 617/776/1230 1479/772/1307 654/780/1304
f 617/776/1230 318/777/1229 656/773/1308 1479/772/1307
f 1479/772/1307 656/773/1308 338/774/1309 657/775/1310
f 654/780/1304 1479/772/1307 657/775/1310 337/781/1305
f 318/2195/1229 619/2196/1234 1480/2197/1311 656/2198/1308
f 619/707/1234 319/708/1233 658/706/1312 1480/705/1311
f 1480/705/1311 658/706/1312 339/704/1313 659/703/1314
f 656/2198/1308 1480/2197/1311 659/2199/1314 338/2200/1309
f 319/2112/1233 621/2111/1238 1481/2113/1315 658/2114/1312
f 621/1597/1238 320/1583/1237 660/1596/1316 1481/1608/1315
f 1481/674/1315 660/667/1316 340/668/1317 661/675/1318
f 658/2114/1312 1481/2113/1315 661/2115/1318 339/2116/1313
f 320/1583/1237 622/1572/1240 1482/1595/1319 660/1596/1316
f 622/657/1240 301/650/1166 625/653/1242 1482/658/1319
f 1482/658/1319 625/653/1242 321/656/1246 662/662/1320
f 660/667/1316 1482/658/1319 662/662/1320 340/668/1317
f 321/656/1246 624/652/1245 1483/655/1321 665/661/1322
f 624/652/1245 322/651/1244 663/654/1323 1483/655/1321
f 1483/655/1321 663/654/1323 342/659/1324 664/660/1325
f 665/661/1322 1483/655/1321 664/660/1325 341/665/1326
f 322/2130/1244 627/2126/1250 1484/2128/1327 663/2133/1323
f 627/2126/1250 323/2125/1249 666/2127/1328 1484/2128/1327
f 1484/2128/1327 666/2127/1328 343/2131/1329 667/2132/1330
f 663/2133/1323 1484/2128/1327 667/2132/1330 342/2138/1324
f 323/794/1249 629/795/1254 1485/791/1331 666/790/1328
f 629/795/1254 324/798/1253 668/799/1332 1485/791/1331
f 1485/2165/1331 668/2156/1332 344/2161/1333 669/2166/1334
f 666/790/1328 1485/791/1331 669/792/1334 343/793/1329
f 324/2153/1253 631/2149/1258 1486/2151/1335 668/2156/1332
f 631/2149/1258 325/2148/1257 670/2150/1336 1486/2151/1335
f 1486/2151/1335 670/2150/1336 345/2154/1337 671/2155/1338
f 668/2156/1332 1486/2151/1335 671/2155/1338 344/2161/1333
f 325/804/1257 633/805/1262 1487/806/1339 670/807/1336
f 633/2058/1262 326/2057/1261 672/2059/1340 1487/2060/1339
f 1487/2060/1339 672/2059/1340 346/2061/1341 673/2062/1342
f 670/807/1336 1487/806/1339 673/810/1342 345/811/1337
f 326/722/1261 635/721/1266 1488/724/1343 672/725/1340
f 635/721/1266 327/723/1265 674/726/1344 1488/724/1343
f 1488/2183/1343 674/2180/1344 347/2182/1345 675/2184/1346
f 672/725/1340 1488/724/1343 675/727/1346 346/728/1341
f 327/2179/1265 637/2175/1270 1489/2177/1347 674/2180/1344
f 637/2175/1270 328/2174/1269 676/2176/1348 1489/2177/1347
f 1489/830/1347 676/831/1348 348/823/1349 677/822/1350
f 674/2180/1344 1489/2177/1347 677/2181/1350 347/2182/1345
f 328/841/1269 639/842/1274 1490/838/1351 676/831/1348
f 639/842/1274 329/846/1273 678/843/1352 1490/838/1351
f 1490/838/1351 678/843/1352 349/839/1353 679/832/1354
f 676/831/1348 1490/838/1351 679/832/1354 348/823/1349
f 329/2076/1273 641/2072/1278 1491/2074/1355 678/2079/1352
f 641/2072/1278 330/2071/1277 680/2073/1356 1491/2074/1355
f 1491/2074/1355 680/2073/1356 350/2077/1357 681/2078/1358
f 678/2079/1352 1491/2074/1355 681/2078/1358 349/2084/1353
f 330/1635/1277 643/1634/1282 1492/1651/1359 680/1652/1356
f 643/1634/1282 331/1650/1281 682/1663/1360 1492/1651/1359
f 1492/2105/1359 682/2100/1360 351/2102/1361 683/2106/1362
f 680/2073/1356 1492/2080/1359 683/2081/1362 350/2077/1357
f 331/2098/1281 645/2097/1286 1493/2099/1363 682/2100/1360
f 645/878/1286 332/865/1285 684/857/1364 1493/868/1363
f 1493/868/1363 684/857/1364 352/853/1365 685/863/1366
f 682/2100/1360 1493/2099/1363 685/2101/1366 351/2102/1361
f 332/865/1285 647/866/1290 1494/858/1367 684/857/1364
f 647/866/1290 333/877/1289 686/867/1368 1494/858/1367
f 1494/858/1367 686/867/1368 353/859/1369 687/854/1370
f 684/857/1364 1494/858/1367 687/854/1370 352/853/1365
f 333/877/1289 649/889/1294 1495/879/1371 686/867/1368
f 649/2190/1294 334/2189/1293 688/2191/1372 1495/2192/1371
f 1495/2192/1371 688/2191/1372 354/2193/1373 689/2194/1374
f 686/867/1368 1495/879/1371 689/869/1374 353/859/1369
f 334/762/1293 651/761/1298 1496/764/1375 688/765/1372
f 651/2238/1298 335/2237/1297 690/2239/1376 1496/2240/1375
f 1496/2240/1375 690/2239/1376 355/2241/1377 691/2242/1378
f 688/765/1372 1496/764/1375 691/768/1378 354/769/1373
f 335/742/1297 653/741/1302 1497/743/1379 690/744/1376
f 653/1736/1302 336/1728/1301 692/1735/1380 1497/1741/1379
f 1497/1741/1379 692/1735/1380 356/1740/1381 693/1742/1382
f 690/744/1376 1497/743/1379 693/745/1382 355/746/1377
f 336/1728/1301 655/1727/1306 1498/1734/1383 692/1735/1380
f 655/2221/1306 337/2222/1305 694/2217/1384 1498/2216/1383
f 1498/2216/1383 694/2217/1384 357/2213/1385 695/2209/1386
f 692/1735/1380 1498/1734/1383 695/1739/1386 356/1740/1381
f 337/781/1305 657/775/1310 1499/779/1387 694/785/1384
f 657/775/1310 338/774/1309 696/778/1388 1499/779/1387
f 1499/779/1387 696/778/1388 358/783/1389 697/784/1390
f 694/2217/1384 1499/2223/1387 697/2218/1390 357/2213/1385
f 338/2200/1309 659/2199/1314 1500/2201/1391 696/2202/1388
f 659/703/1314 339/704/1313 698/701/1392 1500/700/1391
f 1500/700/1391 698/701/1392 359/697/1393 699/696/1394
f 696/2202/1388 1500/2201/1391 699/2203/1394 358/2204/1389
f 339/2116/1313 661/2115/1318 1501/2117/1395 698/2118/1392
f 661/675/1318 340/668/1317 700/673/1396 1501/678/1395
f 1501/678/1395 700/673/1396 360/677/1397 701/684/1398
f 698/2118/1392 1501/2117/1395 701/2119/1398 359/2120/1393
f 340/668/1317 662/662/1320 1502/666/1399 700/673/1396
f 662/662/1320 321/656/1246 665/661/1322 1502/666/1399
f 1502/666/1399 665/661/1322 341/665/1326 702/672/1400
f 700/673/1396 1502/666/1399 702/672/1400 360/677/1397
f 341/665/1326 664/660/1325 1503/664/1401 705/671/1402
f 664/660/1325 342/659/1324 703/663/1403 1503/664/1401
f 1503/664/1401 703/663/1403 362/669/1404 704/670/1405
f 705/671/1402 1503/664/1401 704/670/1405 361/676/1406
f 342/2138/1324 667/2132/1330 1504/2137/1407 703/2143/1403
f 667/2132/1330 343/2131/1329 706/2136/1408 1504/2137/1407
f 1504/2137/1407 706/2136/1408 363/2141/1409 707/2142/1410
f 703/1827/1403 1504/1828/1407 707/1817/1410 362/1808/1404
f 343/793/1329 669/792/1334 1505/796/1411 706/797/1408
f 669/2166/1334 344/2161/1333 708/2164/1412 1505/2168/1411
f 1505/2168/1411 708/2164/1412 364/2167/1413 709/2169/1414
f 706/1833/1408 1505/1834/1411 709/1829/1414 363/1818/1409
f 344/2161/1333 671/2155/1338 1506/2160/1415 708/2164/1412
f 671/2155/1338 345/2154/1337 710/2159/1416 1506/2160/1415
f 1506/2160/1415 710/2159/1416 365/2162/1417 711/2163/1418
f 708/2164/1412 1506/2160/1415 711/2163/1418 364/2167/1413
f 345/811/1337 673/810/1342 1507/814/1419 710/815/1416
f 673/1835/1342 346/1836/1341 712/1824/1420 1507/1832/1419
f 1507/1832/1419 712/1824/1420 366/1814/1421 713/1823/1422
f 710/815/1416 1507/814/1419 713/816/1422 365/817/1417
f 346/728/1341 675/727/1346 1508/729/1423 712/730/1420
f 675/2184/1346 347/2182/1345 714/2185/1424 1508/2186/1423
f 1508/1825/1423 714/1826/1424 367/1816/1425 715/1815/1426
f 712/1824/1420 1508/1825/1423 715/1815/1426 366/1814/1421
f 347/833/1345 677/822/1350 1509/818/1427 714/828/1424
f 677/822/1350 348/823/1349 716/819/1428 1509/818/1427
f 1509/818/1427 716/819/1428 368/820/1429 717/821/1430
f 714/828/1424 1509/818/1427 717/821/1430 367/829/1425
f 348/823/1349 679/832/1354 1510/824/1431 716/819/1428
f 679/832/1354 349/839/1353 718/834/1432 1510/824/1431
f 1510/824/1431 718/834/1432 369/835/1433 719/825/1434
f 716/819/1428 1510/824/1431 719/825/1434 368/820/1429
f 349/2084/1353 681/2078/1358 1511/2083/1435 718/2087/1432
f 681/2078/1358 350/2077/1357 720/2082/1436 1511/2083/1435
f 1511/2083/1435 720/2082/1436 370/2085/1437 721/2086/1438
f 718/2087/1432 1511/2083/1435 721/2086/1438 369/2088/1433
f 350/1801/1357 683/1802/1362 1512/1793/1439 720/1792/1436
f 683/1802/1362 351/1803/1361 722/1794/1440 1512/1793/1439
f 1512/1793/1439 722/1794/1440 371/1773/1441 723/1782/1442
f 720/1792/1436 1512/1793/1439 723/1782/1442 370/1781/1437
f 351/2102/1361 685/2101/1366 1513/2103/1443 722/2104/1440
f 685/863/1366 352/853/1365 724/856/1444 1513/864/1443
f 1513/864/1443 724/856/1444 372/862/1445 725/874/1446
f 722/2104/1440 1513/2103/1443 725/2107/1446 371/2108/1441
f 352/853/1365 687/854/1370 1514/855/1447 724/856/1444
f 687/854/1370 353/859/1369 726/860/1448 1514/855/1447
f 1514/855/1447 726/860/1448 373/871/1449 727/861/1450
f 724/856/1444 1514/855/1447 727/861/1450 372/862/1445
f 353/859/1369 689/869/1374 1515/870/1451 726/860/1448
f 689/869/1374 354/880/1373 728/881/1452 1515/870/1451
f 1515/870/1451 728/881/1452 374/890/1453 729/882/1454
f 726/860/1448 1515/870/1451 729/882/1454 373/871/1449
f 354/1747/1373 691/1748/1378 1516/1744/1455 728/1743/1452
f 691/751/1378 355/746/1377 730/748/1456 1516/752/1455
f 1516/1744/1455 730/1749/1456 375/1750/1457 731/1745/1458
f 728/1743/1452 1516/1744/1455 731/1745/1458 374/1746/1453
f 355/746/1377 693/745/1382 1517/747/1459 730/748/1456
f 693/2205/1382 356/2206/1381 732/2207/1460 1517/2208/1459
f 1517/2208/1459 732/2207/1460 376/2211/1461 733/2212/1462
f 730/748/1456 1517/747/1459 733/749/1462 375/750/1457
f 356/2206/1381 695/2209/1386 1518/2210/1463 732/2207/1460
f 695/2209/1386 357/2213/1385 734/2214/1464 1518/2210/1463
f 1518/2210/1463 734/2214/1464 377/2220/1465 735/2215/1466
f 732/2207/1460 1518/2210/1463 735/2215/1466 376/2211/1461
f 357/2213/1385 697/2218/1390 1519/2219/1467 734/2214/1464
f 697/1795/1390 358/1796/1389 736/1785/1468 1519/1784/1467
f 1519/1784/1467 736/1785/1468 378/1776/1469 737/1775/1470
f 734/2214/1464 1519/2219/1467 737/2224/1470 377/2220/1465
f 358/702/1389 699/696/1394 1520/694/1471 736/698/1468
f 699/696/1394 359/697/1393 738/691/1472 1520/694/1471
f 1520/694/1471 738/691/1472 379/692/1473 739/695/1474
f 736/698/1468 1520/694/1471 739/695/1474 378/699/1469
f 359/2120/1393 701/2119/1398 1521/2121/1475 738/2122/1472
f 701/684/1398 360/677/1397 740/683/1476 1521/687/1475
f 1521/687/1475 740/683/1476 380/686/1477 741/689/1478
f 738/691/1472 1521/687/1475 741/689/1478 379/692/1473
f 360/677/1397 702/672/1400 1522/681/1479 740/683/1476
f 702/2231/1400 341/2232/1326 705/2233/1402 1522/2234/1479
f 1522/681/1479 705/671/1402 361/676/1406 742/682/1480
f 740/683/1476 1522/681/1479 742/682/1480 380/686/1477
f 2/2/5 783/1/2 1523/5/1481 744/6/1482
f 1/9/1 743/10/1483 1523/5/1481 783/1/2
f 381/1346/1484 744/1351/1482 1523/1352/1481 743/1353/1483
f 3/1344/12 787/1349/10 1524/1350/1485 745/1345/1486
f 2/2/5 744/6/1482 1524/11/1485 787/7/10
f 381/1346/1484 745/1345/1486 1524/1350/1485 744/1351/1482
f 4/1337/18 790/1336/16 1525/1340/1487 746/1341/1488
f 3/1344/12 745/1345/1486 1525/1340/1487 790/1336/16
f 381/1346/1484 746/1341/1488 1525/1340/1487 745/1345/1486
f 5/56/24 793/55/22 1526/59/1489 747/60/1490
f 4/65/18 746/67/1488 1526/59/1489 793/55/22
f 381/68/1484 747/60/1490 1526/59/1489 746/67/1488
f 6/1194/30 796/1193/28 1527/1216/1491 748/1217/1492
f 5/56/24 747/60/1490 1527/69/1491 796/61/28
f 381/68/1484 748/73/1492 1527/69/1491 747/60/1490
f 7/1267/36 799/1218/34 1528/1242/1493 749/1266/1494
f 6/1194/30 748/1217/1492 1528/1242/1493 799/1218/34
f 381/1147/1484 749/1266/1494 1528/1242/1493 748/1217/1492
f 8/81/42 802/80/40 1529/84/1495 750/85/1496
f 7/1267/36 749/1266/1494 1529/1290/1495 802/1291/40
f 381/2249/1484 750/1289/1496 1529/1290/1495 749/1266/1494
f 9/96/48 805/89/46 1530/88/1497 751/95/1498
f 8/81/42 750/85/1496 1530/88/1497 805/89/46
f 381/94/1484 751/95/1498 1530/88/1497 750/85/1496
f 10/1288/54 808/1309/52 1531/1310/1499 752/1265/1500
f 9/1324/48 751/1325/1498 1531/1310/1499 808/1309/52
f 381/94/1484 752/99/1500 1531/100/1499 751/95/1498
f 11/1263/60 811/1287/58 1532/1264/1501 753/1241/1502
f 10/1288/54 752/1265/1500 1532/1264/1501 811/1287/58
f 381/2250/1484 753/1241/1502 1532/1264/1501 752/1265/1500
f 12/1239/66 814/1262/64 1533/1240/1503 754/1215/1504
f 11/1263/60 753/1241/1502 1533/1240/1503 814/1262/64
f 381/2251/1484 754/1215/1504 1533/1240/1503 753/1241/1502
f 13/1213/72 817/1238/70 1534/1214/1505 755/1192/1506
f 12/1239/66 754/1215/1504 1534/1214/1505 817/1238/70
f 381/2252/1484 755/1192/1506 1534/1214/1505 754/1215/1504
f 14/1168/78 820/1190/76 1535/1191/1507 756/1169/1508
f 13/1213/72 755/1192/1506 1535/1191/1507 820/1190/76
f 381/2253/1484 756/1169/1508 1535/1191/1507 755/1192/1506
f 15/1105/84 823/1125/82 1536/1146/1509 757/1123/1510
f 14/1168/78 756/1169/1508 1536/1146/1509 823/1125/82
f 381/2254/1484 757/1123/1510 1536/1146/1509 756/1169/1508
f 16/46/90 826/51/88 1537/52/1511 758/47/1512
f 15/1105/84 757/1123/1510 1537/1124/1511 826/1106/88
f 381/2255/1484 758/2257/1512 1537/1124/1511 757/1123/1510
f 17/39/96 829/41/94 1538/42/1513 759/40/1514
f 16/46/90 758/47/1512 1538/42/1513 829/41/94
f 381/2256/1484 759/1170/1514 1538/1171/1513 758/1148/1512
f 18/35/102 832/37/100 1539/38/1515 760/36/1516
f 17/39/96 759/40/1514 1539/38/1515 832/37/100
f 381/1346/1484 760/1359/1516 1539/1360/1515 759/1361/1514
f 19/27/108 835/31/106 1540/32/1517 761/28/1518
f 18/35/102 760/36/1516 1540/32/1517 835/31/106
f 381/1346/1484 761/1357/1518 1540/1358/1517 760/1359/1516
f 20/20/114 838/23/112 1541/24/1519 762/21/1520
f 19/27/108 761/28/1518 1541/24/1519 838/23/112
f 381/1346/1484 762/1355/1520 1541/1356/1519 761/1357/1518
f 1/9/1 841/14/118 1542/15/1521 743/10/1483
f 20/20/114 762/21/1520 1542/15/1521 841/14/118
f 381/1346/1484 743/1353/1483 1542/1354/1521 762/1355/1520
f 361/676/1406 704/670/1405 1543/679/1522 764/680/1523
f 362/1808/1404 763/1805/1524 1543/1804/1522 704/1809/1405
f 382/1754/1525 764/1798/1523 1543/1804/1522 763/1805/1524
f 362/1808/1404 707/1817/1410 1544/1810/1526 763/1805/1524
f 363/1818/1409 765/1811/1527 1544/1810/1526 707/1817/1410
f 382/1754/1525 763/1805/1524 1544/1810/1526 765/1811/1527
f 363/1818/1409 709/1829/1414 1545/1819/1528 765/1811/1527
f 364/1830/1413 766/1820/1529 1545/1819/1528 709/1829/1414
f 382/1754/1525 765/1811/1527 1545/1819/1528 766/1820/1529
f 364/1830/1413 711/1831/1418 1546/1821/1530 766/1820/1529
f 365/1822/1417 767/1812/1531 1546/1821/1530 711/1831/1418
f 382/1754/1525 766/1820/1529 1546/1821/1530 767/1812/1531
f 365/1822/1417 713/1823/1422 1547/1813/1532 767/1812/1531
f 366/1814/1421 768/1806/1533 1547/1813/1532 713/1823/1422
f 382/1754/1525 767/1812/1531 1547/1813/1532 768/1806/1533
f 366/1814/1421 715/1815/1426 1548/1807/1534 768/1806/1533
f 367/1816/1425 769/1799/1535 1548/1807/1534 715/1815/1426
f 382/1754/1525 768/1806/1533 1548/1807/1534 769/1799/1535
f 367/829/1425 717/821/1430 1549/827/1536 769/837/1535
f 368/820/1429 770/826/1537 1549/827/1536 717/821/1430
f 382/1754/1525 769/1799/1535 1549/1800/1536 770/1789/1537
f 368/820/1429 719/825/1434 1550/836/1538 770/826/1537
f 369/835/1433 771/840/1539 1550/836/1538 719/825/1434
f 382/1754/1525 770/1789/1537 1550/1790/1538 771/1779/1539
f 369/2088/1433 721/2086/1438 1551/2089/1540 771/2090/1539
f 370/1781/1437 772/1771/1541 1551/1780/1540 721/1791/1438
f 382/1754/1525 771/1779/1539 1551/1780/1540 772/1771/1541
f 370/1781/1437 723/1782/1442 1552/1772/1542 772/1771/1541
f 371/1773/1441 773/1766/1543 1552/1772/1542 723/1782/1442
f 382/1754/1525 772/1771/1541 1552/1772/1542 773/1766/1543
f 371/1773/1441 725/1774/1446 1553/1767/1544 773/1766/1543
f 372/862/1445 774/873/1545 1553/884/1544 725/874/1446
f 382/1754/1525 773/1766/1543 1553/1767/1544 774/1761/1545
f 372/862/1445 727/861/1450 1554/872/1546 774/873/1545
f 373/871/1449 775/883/1547 1554/872/1546 727/861/1450
f 382/1754/1525 774/1761/1545 1554/1762/1546 775/1757/1547
f 373/871/1449 729/882/1454 1555/891/1548 775/883/1547
f 374/890/1453 776/894/1549 1555/891/1548 729/882/1454
f 382/1754/1525 775/1757/1547 1555/1758/1548 776/1752/1549
f 374/1746/1453 731/1745/1458 1556/1751/1550 776/1752/1549
f 375/1750/1457 777/1753/1551 1556/1751/1550 731/1745/1458
f 382/1754/1525 776/1752/1549 1556/1751/1550 777/1753/1551
f 375/1750/1457 733/1755/1462 1557/1756/1552 777/1753/1551
f 376/1760/1461 778/1759/1553 1557/1756/1552 733/1755/1462
f 382/1754/1525 777/1753/1551 1557/1756/1552 778/1759/1553
f 376/1760/1461 735/1765/1466 1558/1763/1554 778/1759/1553
f 377/1768/1465 779/1764/1555 1558/1763/1554 735/1765/1466
f 382/1754/1525 778/1759/1553 1558/1763/1554 779/1764/1555
f 377/1768/1465 737/1775/1470 1559/1769/1556 779/1764/1555
f 378/1776/1469 780/1770/1557 1559/1769/1556 737/1775/1470
f 382/1754/1525 779/1764/1555 1559/1769/1556 780/1770/1557
f 378/1776/1469 739/1783/1474 1560/1777/1558 780/1770/1557
f 379/1786/1473 781/1778/1559 1560/1777/1558 739/1783/1474
f 382/1754/1525 780/1770/1557 1560/1777/1558 781/1778/1559
f 379/692/1473 741/689/1478 1561/690/1560 781/693/1559
f 380/686/1477 782/688/1561 1561/690/1560 741/689/1478
f 382/1754/1525 781/1778/1559 1561/1787/1560 782/1788/1561
f 380/686/1477 742/682/1480 1562/685/1562 782/688/1561
f 361/676/1406 764/680/1523 1562/685/1562 742/682/1480
f 382/1754/1525 782/1788/1561 1562/1797/1562 764/1798/1523
